timestamp,instance,ancien_modele,nouveau_modele,raison
2026-05-14T10:29:19.675084,4,HT,SGD,bandit_selection
2026-05-14T10:29:19.675512,5,SGD,HT,bandit_selection
2026-05-14T10:29:19.676371,6,HT,SGD,bandit_selection
2026-05-14T10:29:19.680502,11,SGD,KNN,bandit_selection
2026-05-14T10:29:19.684720,14,KNN,HT,bandit_selection
2026-05-14T10:29:19.712489,40,HT,KNN,bandit_selection
2026-05-14T10:29:19.713491,41,KNN,HT,bandit_selection
2026-05-14T10:29:19.759646,73,HT,KNN,bandit_selection
2026-05-14T10:29:19.761310,74,KNN,HT,bandit_selection
2026-05-14T10:29:19.813067,95,HT,SGD,bandit_selection
2026-05-14T10:29:19.816208,96,SGD,HT,bandit_selection
2026-05-14T10:29:20.022970,163,HT,SGD,bandit_selection
2026-05-14T10:29:20.028749,164,SGD,HT,bandit_selection
2026-05-14T10:29:20.192218,180,HT,KNN,bandit_selection
2026-05-14T10:29:20.204872,181,KNN,HT,bandit_selection
2026-05-14T10:29:20.498655,211,HT,KNN,bandit_selection
2026-05-14T10:29:20.523741,216,KNN,HT,bandit_selection
2026-05-14T10:29:20.536561,218,HT,KNN,bandit_selection
2026-05-14T10:29:20.602455,229,KNN,SGD,bandit_selection
2026-05-14T10:29:20.606762,230,SGD,KNN,bandit_selection
2026-05-14T10:29:20.632503,235,KNN,HT,bandit_selection
2026-05-14T10:29:20.637612,236,HT,KNN,bandit_selection
2026-05-14T10:29:20.841621,268,KNN,SGD,bandit_selection
2026-05-14T10:29:20.846536,269,SGD,KNN,bandit_selection
2026-05-14T10:29:20.860451,271,KNN,HT,bandit_selection
2026-05-14T10:29:20.868195,272,HT,KNN,bandit_selection
2026-05-14T10:29:20.946038,284,KNN,HT,bandit_selection
2026-05-14T10:29:20.953641,285,HT,KNN,bandit_selection
2026-05-14T10:29:21.331861,335,KNN,SGD,bandit_selection
2026-05-14T10:29:21.343807,337,SGD,KNN,bandit_selection
2026-05-14T10:29:21.523094,363,KNN,HT,bandit_selection
2026-05-14T10:29:21.529180,364,HT,KNN,bandit_selection
2026-05-14T10:29:21.562540,369,KNN,HT,bandit_selection
2026-05-14T10:29:21.568638,370,HT,KNN,bandit_selection
2026-05-14T10:29:21.758598,395,KNN,SGD,bandit_selection
2026-05-14T10:29:21.770850,396,SGD,KNN,bandit_selection
2026-05-14T10:29:21.780531,397,KNN,HT,bandit_selection
2026-05-14T10:29:21.787214,398,HT,KNN,bandit_selection
2026-05-14T10:29:22.061406,430,KNN,SGD,bandit_selection
2026-05-14T10:29:22.068832,431,SGD,KNN,bandit_selection
2026-05-14T10:29:22.127199,438,KNN,SGD,bandit_selection
2026-05-14T10:29:22.140238,439,SGD,KNN,bandit_selection
2026-05-14T10:29:22.436647,460,KNN,HT,bandit_selection
2026-05-14T10:29:22.450822,461,HT,KNN,bandit_selection
2026-05-14T10:29:22.653181,476,KNN,HT,bandit_selection
2026-05-14T10:29:22.662081,477,HT,KNN,bandit_selection
2026-05-14T10:29:30.144733,518,KNN,SGD,bandit_selection
2026-05-14T10:29:30.158747,519,SGD,KNN,bandit_selection
2026-05-14T10:29:30.273461,531,KNN,HT,bandit_selection
2026-05-14T10:29:30.282541,532,HT,KNN,bandit_selection
2026-05-14T10:29:30.326722,535,KNN,HT,bandit_selection
2026-05-14T10:29:30.332997,536,HT,KNN,bandit_selection
2026-05-14T10:29:30.357346,538,KNN,SGD,bandit_selection
2026-05-14T10:29:30.367424,539,SGD,KNN,bandit_selection
2026-05-14T10:29:30.396799,542,KNN,HT,bandit_selection
2026-05-14T10:29:30.407562,543,HT,KNN,bandit_selection
2026-05-14T10:29:30.600236,561,KNN,HT,bandit_selection
2026-05-14T10:29:30.607409,562,HT,KNN,bandit_selection
2026-05-14T10:29:30.675996,570,KNN,HT,bandit_selection
2026-05-14T10:29:30.683130,571,HT,KNN,bandit_selection
2026-05-14T10:29:30.856478,588,KNN,SGD,bandit_selection
2026-05-14T10:29:30.872428,589,SGD,KNN,bandit_selection
2026-05-14T10:29:30.880086,590,KNN,HT,bandit_selection
2026-05-14T10:29:30.889131,591,HT,KNN,bandit_selection
2026-05-14T10:29:30.968152,598,KNN,HT,bandit_selection
2026-05-14T10:29:30.982053,599,HT,KNN,bandit_selection
2026-05-14T10:29:31.067268,608,KNN,SGD,bandit_selection
2026-05-14T10:29:31.078280,609,SGD,KNN,bandit_selection
2026-05-14T10:29:31.221972,620,KNN,HT,bandit_selection
2026-05-14T10:29:31.234694,621,HT,KNN,bandit_selection
2026-05-14T10:29:31.431587,640,KNN,HT,bandit_selection
2026-05-14T10:29:31.442559,641,HT,KNN,bandit_selection
2026-05-14T10:29:31.510688,649,KNN,HT,bandit_selection
2026-05-14T10:29:31.520068,650,HT,KNN,bandit_selection
2026-05-14T10:29:31.610247,657,KNN,HT,bandit_selection
2026-05-14T10:29:31.616417,658,HT,KNN,bandit_selection
2026-05-14T10:29:31.785315,676,KNN,HT,bandit_selection
2026-05-14T10:29:31.793683,677,HT,KNN,bandit_selection
2026-05-14T10:29:31.803375,678,KNN,SGD,bandit_selection
2026-05-14T10:29:31.812476,679,SGD,KNN,bandit_selection
2026-05-14T10:29:31.924003,692,KNN,SGD,bandit_selection
2026-05-14T10:29:31.938506,693,SGD,KNN,bandit_selection
2026-05-14T10:29:32.350816,720,KNN,HT,bandit_selection
2026-05-14T10:29:32.369540,721,HT,KNN,bandit_selection
2026-05-14T10:29:32.645599,741,KNN,HT,bandit_selection
2026-05-14T10:29:32.662348,742,HT,KNN,bandit_selection
2026-05-14T10:29:32.730407,747,KNN,HT,bandit_selection
2026-05-14T10:29:32.743201,748,HT,KNN,bandit_selection
2026-05-14T10:29:32.975561,763,KNN,SGD,bandit_selection
2026-05-14T10:29:32.985858,764,SGD,KNN,bandit_selection
2026-05-14T10:29:33.084167,771,KNN,SGD,bandit_selection
2026-05-14T10:29:33.095775,772,SGD,KNN,bandit_selection
2026-05-14T10:29:33.518851,803,KNN,HT,bandit_selection
2026-05-14T10:29:33.537679,804,HT,KNN,bandit_selection
2026-05-14T10:29:34.668215,853,KNN,SGD,bandit_selection
2026-05-14T10:29:34.697716,854,SGD,HT,bandit_selection
2026-05-14T10:29:34.717836,855,HT,KNN,bandit_selection
2026-05-14T10:29:36.336464,902,KNN,KNN,derive_PageHinkley
2026-05-14T10:29:36.337147,903,KNN,HT,bandit_selection
2026-05-14T10:29:36.369237,904,HT,KNN,bandit_selection
2026-05-14T10:29:37.582849,929,KNN,SGD,bandit_selection
2026-05-14T10:29:37.637389,930,SGD,KNN,bandit_selection
2026-05-14T10:29:37.917330,935,KNN,HT,bandit_selection
2026-05-14T10:29:37.933229,936,HT,KNN,bandit_selection
2026-05-14T10:29:38.499285,963,KNN,HT,bandit_selection
2026-05-14T10:29:38.513278,964,HT,KNN,bandit_selection
2026-05-14T10:29:38.866094,989,KNN,SGD,bandit_selection
2026-05-14T10:29:38.879875,990,SGD,KNN,bandit_selection
2026-05-14T10:29:38.949321,994,KNN,HT,bandit_selection
2026-05-14T10:29:38.963066,995,HT,KNN,bandit_selection
2026-05-14T10:29:39.624573,1040,KNN,HT,bandit_selection
2026-05-14T10:29:39.634964,1041,HT,KNN,bandit_selection
2026-05-14T10:29:39.941377,1064,KNN,SGD,bandit_selection
2026-05-14T10:29:39.959049,1065,SGD,KNN,bandit_selection
2026-05-14T10:29:40.126866,1076,KNN,SGD,bandit_selection
2026-05-14T10:29:40.140840,1077,SGD,KNN,bandit_selection
2026-05-14T10:29:40.210420,1085,KNN,HT,bandit_selection
2026-05-14T10:29:40.216450,1086,HT,KNN,bandit_selection
2026-05-14T10:29:40.328795,1097,KNN,SGD,bandit_selection
2026-05-14T10:29:40.339375,1098,SGD,KNN,bandit_selection
2026-05-14T10:29:40.394937,1104,KNN,HT,bandit_selection
2026-05-14T10:29:40.402300,1105,HT,KNN,bandit_selection
2026-05-14T10:29:40.574494,1122,KNN,SGD,bandit_selection
2026-05-14T10:29:40.582403,1123,SGD,KNN,bandit_selection
2026-05-14T10:29:40.734396,1139,KNN,HT,bandit_selection
2026-05-14T10:29:40.744371,1140,HT,KNN,bandit_selection
2026-05-14T10:29:40.753665,1141,KNN,SGD,bandit_selection
2026-05-14T10:29:40.764471,1142,SGD,KNN,bandit_selection
2026-05-14T10:29:41.042947,1168,KNN,SGD,bandit_selection
2026-05-14T10:29:41.055771,1169,SGD,KNN,bandit_selection
2026-05-14T10:29:41.073969,1171,KNN,SGD,bandit_selection
2026-05-14T10:29:41.085059,1172,SGD,KNN,bandit_selection
2026-05-14T10:29:41.114096,1175,KNN,HT,bandit_selection
2026-05-14T10:29:41.124592,1176,HT,KNN,bandit_selection
2026-05-14T10:29:41.151696,1179,KNN,HT,bandit_selection
2026-05-14T10:29:41.164386,1180,HT,KNN,bandit_selection
2026-05-14T10:29:41.486269,1206,KNN,HT,bandit_selection
2026-05-14T10:29:41.514833,1207,HT,KNN,bandit_selection
2026-05-14T10:29:41.552066,1210,KNN,HT,bandit_selection
2026-05-14T10:29:41.566621,1212,HT,KNN,bandit_selection
2026-05-14T10:29:41.582969,1214,KNN,HT,bandit_selection
2026-05-14T10:29:41.597936,1215,HT,KNN,bandit_selection
2026-05-14T10:29:42.032695,1254,KNN,SGD,bandit_selection
2026-05-14T10:29:42.044738,1255,SGD,KNN,bandit_selection
2026-05-14T10:29:42.552502,1286,KNN,SGD,bandit_selection
2026-05-14T10:29:42.571994,1287,SGD,KNN,bandit_selection
2026-05-14T10:29:43.036104,1317,KNN,SGD,bandit_selection
2026-05-14T10:29:43.051346,1318,SGD,KNN,bandit_selection
2026-05-14T10:29:43.460656,1347,KNN,HT,bandit_selection
2026-05-14T10:29:43.482148,1348,HT,KNN,bandit_selection
2026-05-14T10:29:43.634314,1360,KNN,HT,bandit_selection
2026-05-14T10:29:43.641691,1361,HT,KNN,bandit_selection
2026-05-14T10:29:43.767858,1374,KNN,SGD,bandit_selection
2026-05-14T10:29:43.775047,1375,SGD,KNN,bandit_selection
2026-05-14T10:29:43.853600,1383,KNN,HT,bandit_selection
2026-05-14T10:29:43.862618,1384,HT,KNN,bandit_selection
2026-05-14T10:29:43.948052,1392,KNN,SGD,bandit_selection
2026-05-14T10:29:43.974380,1394,SGD,KNN,bandit_selection
2026-05-14T10:29:44.133703,1410,KNN,HT,bandit_selection
2026-05-14T10:29:44.140513,1411,HT,KNN,bandit_selection
2026-05-14T10:29:44.556444,1444,KNN,HT,bandit_selection
2026-05-14T10:29:44.574905,1445,HT,KNN,bandit_selection
2026-05-14T10:29:44.814582,1465,KNN,HT,bandit_selection
2026-05-14T10:29:44.832953,1466,HT,KNN,bandit_selection
2026-05-14T10:29:44.910919,1474,KNN,SGD,bandit_selection
2026-05-14T10:29:44.927227,1475,SGD,KNN,bandit_selection
2026-05-14T10:29:45.500868,1512,KNN,SGD,bandit_selection
2026-05-14T10:29:45.513378,1513,SGD,KNN,bandit_selection
2026-05-14T10:29:45.854024,1541,KNN,HT,bandit_selection
2026-05-14T10:29:45.880717,1542,HT,KNN,bandit_selection
2026-05-14T10:29:46.500470,1586,KNN,HT,bandit_selection
2026-05-14T10:29:46.525333,1588,HT,SGD,bandit_selection
2026-05-14T10:29:46.536221,1589,SGD,KNN,bandit_selection
2026-05-14T10:29:46.641772,1600,KNN,SGD,bandit_selection
2026-05-14T10:29:46.648406,1601,SGD,KNN,bandit_selection
2026-05-14T10:29:46.913046,1617,KNN,HT,bandit_selection
2026-05-14T10:29:46.925869,1618,HT,KNN,bandit_selection
2026-05-14T10:29:47.278604,1643,KNN,SGD,bandit_selection
2026-05-14T10:29:47.288314,1644,SGD,KNN,bandit_selection
2026-05-14T10:29:47.563064,1668,KNN,HT,bandit_selection
2026-05-14T10:29:47.572818,1669,HT,KNN,bandit_selection
2026-05-14T10:29:47.878334,1693,KNN,SGD,bandit_selection
2026-05-14T10:29:47.885092,1694,SGD,KNN,bandit_selection
2026-05-14T10:29:48.190682,1725,KNN,SGD,bandit_selection
2026-05-14T10:29:48.199596,1726,SGD,KNN,bandit_selection
2026-05-14T10:29:48.261683,1732,KNN,SGD,bandit_selection
2026-05-14T10:29:48.271636,1733,SGD,KNN,bandit_selection
2026-05-14T10:29:48.459884,1751,KNN,SGD,bandit_selection
2026-05-14T10:29:48.474005,1752,SGD,KNN,bandit_selection
2026-05-14T10:29:48.527860,1759,KNN,SGD,bandit_selection
2026-05-14T10:29:48.543573,1760,SGD,KNN,bandit_selection
2026-05-14T10:29:49.060804,1822,KNN,HT,bandit_selection
2026-05-14T10:29:49.066892,1823,HT,KNN,bandit_selection
2026-05-14T10:29:49.090868,1825,KNN,SGD,bandit_selection
2026-05-14T10:29:49.103651,1826,SGD,KNN,bandit_selection
2026-05-14T10:29:49.201364,1836,KNN,SGD,bandit_selection
2026-05-14T10:29:49.209579,1837,SGD,KNN,bandit_selection
2026-05-14T10:29:49.437372,1862,KNN,HT,bandit_selection
2026-05-14T10:29:49.443939,1863,HT,SGD,bandit_selection
2026-05-14T10:29:49.456760,1864,SGD,KNN,bandit_selection
2026-05-14T10:29:49.534026,1870,KNN,HT,bandit_selection
2026-05-14T10:29:49.543998,1871,HT,KNN,bandit_selection
2026-05-14T10:29:49.574312,1875,KNN,HT,bandit_selection
2026-05-14T10:29:49.579530,1876,HT,KNN,bandit_selection
2026-05-14T10:29:49.593376,1878,KNN,HT,bandit_selection
2026-05-14T10:29:49.607074,1879,HT,KNN,bandit_selection
2026-05-14T10:29:49.712698,1891,KNN,HT,bandit_selection
2026-05-14T10:29:49.721385,1892,HT,KNN,bandit_selection
2026-05-14T10:29:49.963142,1909,KNN,SGD,bandit_selection
2026-05-14T10:29:49.974038,1910,SGD,KNN,bandit_selection
2026-05-14T10:29:50.029262,1916,KNN,HT,bandit_selection
2026-05-14T10:29:50.038351,1917,HT,KNN,bandit_selection
2026-05-14T10:29:50.087234,1922,KNN,SGD,bandit_selection
2026-05-14T10:29:50.094303,1923,SGD,KNN,bandit_selection
2026-05-14T10:29:50.679588,1983,KNN,HT,bandit_selection
2026-05-14T10:29:50.687818,1984,HT,KNN,bandit_selection
2026-05-14T10:29:50.800811,1995,KNN,SGD,bandit_selection
2026-05-14T10:29:50.810558,1996,SGD,KNN,bandit_selection
2026-05-14T10:29:50.861253,1999,KNN,HT,bandit_selection
2026-05-14T10:29:50.867609,2000,HT,KNN,bandit_selection
2026-05-14T10:29:50.984811,2009,KNN,HT,bandit_selection
2026-05-14T10:29:51.003463,2011,HT,KNN,bandit_selection
2026-05-14T10:29:51.106608,2022,KNN,SGD,bandit_selection
2026-05-14T10:29:51.118861,2023,SGD,KNN,bandit_selection
2026-05-14T10:29:51.142732,2026,KNN,HT,bandit_selection
2026-05-14T10:29:51.157532,2027,HT,KNN,bandit_selection
2026-05-14T10:29:51.407313,2050,KNN,SGD,bandit_selection
2026-05-14T10:29:51.418413,2051,SGD,KNN,bandit_selection
2026-05-14T10:29:51.432632,2053,KNN,SGD,bandit_selection
2026-05-14T10:29:51.437962,2054,SGD,KNN,bandit_selection
2026-05-14T10:29:51.601953,2069,KNN,HT,bandit_selection
2026-05-14T10:29:51.632438,2070,HT,KNN,bandit_selection
2026-05-14T10:29:51.678904,2075,KNN,SGD,bandit_selection
2026-05-14T10:29:51.691104,2076,SGD,KNN,bandit_selection
2026-05-14T10:29:51.827757,2088,KNN,SGD,bandit_selection
2026-05-14T10:29:51.848720,2090,SGD,KNN,bandit_selection
2026-05-14T10:29:52.225263,2115,KNN,SGD,bandit_selection
2026-05-14T10:29:52.235547,2116,SGD,KNN,bandit_selection
2026-05-14T10:29:52.339946,2126,KNN,HT,bandit_selection
2026-05-14T10:29:52.368786,2127,HT,KNN,bandit_selection
2026-05-14T10:29:52.689633,2141,KNN,HT,bandit_selection
2026-05-14T10:29:52.706955,2142,HT,KNN,bandit_selection
2026-05-14T10:29:52.773433,2146,KNN,HT,bandit_selection
2026-05-14T10:29:52.785362,2147,HT,KNN,bandit_selection
2026-05-14T10:29:52.915228,2156,KNN,HT,bandit_selection
2026-05-14T10:29:52.923424,2157,HT,KNN,bandit_selection
2026-05-14T10:29:52.936967,2158,KNN,HT,bandit_selection
2026-05-14T10:29:52.948593,2159,HT,KNN,bandit_selection
2026-05-14T10:29:53.698941,2222,KNN,SGD,bandit_selection
2026-05-14T10:29:53.705340,2223,SGD,KNN,bandit_selection
2026-05-14T10:29:53.764414,2227,KNN,SGD,bandit_selection
2026-05-14T10:29:53.777334,2228,SGD,KNN,bandit_selection
2026-05-14T10:29:53.783758,2229,KNN,HT,bandit_selection
2026-05-14T10:29:53.796174,2230,HT,KNN,bandit_selection
2026-05-14T10:29:53.998770,2248,KNN,HT,bandit_selection
2026-05-14T10:29:54.011656,2249,HT,KNN,bandit_selection
2026-05-14T10:29:54.098889,2255,KNN,SGD,bandit_selection
2026-05-14T10:29:54.107611,2256,SGD,KNN,bandit_selection
2026-05-14T10:29:54.495442,2292,KNN,SGD,bandit_selection
2026-05-14T10:29:54.515872,2293,SGD,KNN,bandit_selection
2026-05-14T10:29:54.647424,2306,KNN,SGD,bandit_selection
2026-05-14T10:29:54.669692,2307,SGD,KNN,bandit_selection
2026-05-14T10:29:54.690908,2308,KNN,HT,bandit_selection
2026-05-14T10:29:54.698654,2309,HT,KNN,bandit_selection
2026-05-14T10:29:54.870744,2325,KNN,SGD,bandit_selection
2026-05-14T10:29:54.877968,2326,SGD,HT,bandit_selection
2026-05-14T10:29:54.888226,2327,HT,KNN,bandit_selection
2026-05-14T10:29:55.027189,2340,KNN,HT,bandit_selection
2026-05-14T10:29:55.033132,2341,HT,KNN,bandit_selection
2026-05-14T10:29:55.120341,2350,KNN,SGD,bandit_selection
2026-05-14T10:29:55.126694,2351,SGD,KNN,bandit_selection
2026-05-14T10:29:55.153484,2355,KNN,SGD,bandit_selection
2026-05-14T10:29:55.170797,2356,SGD,KNN,bandit_selection
2026-05-14T10:29:55.251126,2366,KNN,SGD,bandit_selection
2026-05-14T10:29:55.271990,2367,SGD,HT,bandit_selection
2026-05-14T10:29:55.285903,2368,HT,KNN,bandit_selection
2026-05-14T10:29:55.316403,2370,KNN,SGD,bandit_selection
2026-05-14T10:29:55.335575,2371,SGD,KNN,bandit_selection
2026-05-14T10:29:55.427205,2379,KNN,SGD,bandit_selection
2026-05-14T10:29:55.441311,2380,SGD,KNN,bandit_selection
2026-05-14T10:29:55.815512,2420,KNN,SGD,bandit_selection
2026-05-14T10:29:55.824018,2421,SGD,KNN,bandit_selection
2026-05-14T10:29:55.838928,2423,KNN,HT,bandit_selection
2026-05-14T10:29:55.845011,2424,HT,KNN,bandit_selection
2026-05-14T10:29:55.889870,2430,KNN,HT,bandit_selection
2026-05-14T10:29:55.894008,2431,HT,KNN,bandit_selection
2026-05-14T10:29:55.999955,2440,KNN,HT,bandit_selection
2026-05-14T10:29:56.012273,2441,HT,KNN,bandit_selection
2026-05-14T10:29:56.076817,2446,KNN,SGD,bandit_selection
2026-05-14T10:29:56.094482,2447,SGD,KNN,bandit_selection
2026-05-14T10:29:56.289340,2471,KNN,SGD,bandit_selection
2026-05-14T10:29:56.293379,2472,SGD,KNN,bandit_selection
2026-05-14T10:29:56.536426,2497,KNN,SGD,bandit_selection
2026-05-14T10:29:56.545867,2498,SGD,KNN,bandit_selection
2026-05-14T10:29:57.146717,2549,KNN,SGD,bandit_selection
2026-05-14T10:29:57.151965,2550,SGD,KNN,bandit_selection
2026-05-14T10:29:57.379509,2569,KNN,SGD,bandit_selection
2026-05-14T10:29:57.401622,2570,SGD,KNN,bandit_selection
2026-05-14T10:29:58.918990,2606,KNN,HT,bandit_selection
2026-05-14T10:29:58.952656,2607,HT,KNN,bandit_selection
2026-05-14T10:30:01.455705,2656,KNN,SGD,bandit_selection
2026-05-14T10:30:01.512789,2657,SGD,KNN,bandit_selection
2026-05-14T10:30:02.577919,2681,KNN,SGD,bandit_selection
2026-05-14T10:30:02.612696,2682,SGD,KNN,bandit_selection
2026-05-14T10:30:03.064010,2693,KNN,HT,bandit_selection
2026-05-14T10:30:03.092049,2694,HT,KNN,bandit_selection
2026-05-14T10:30:03.351864,2700,KNN,HT,bandit_selection
2026-05-14T10:30:03.405741,2701,HT,KNN,bandit_selection
2026-05-14T10:30:03.592224,2706,KNN,HT,bandit_selection
2026-05-14T10:30:03.621545,2707,HT,SGD,bandit_selection
2026-05-14T10:30:03.648806,2708,SGD,KNN,bandit_selection
2026-05-14T10:30:04.969499,2740,KNN,SGD,bandit_selection
2026-05-14T10:30:05.001255,2741,SGD,KNN,bandit_selection
2026-05-14T10:30:05.636837,2756,KNN,SGD,bandit_selection
2026-05-14T10:30:05.664079,2757,SGD,KNN,bandit_selection
2026-05-14T10:30:05.723096,2758,KNN,SGD,bandit_selection
2026-05-14T10:30:05.746749,2759,SGD,KNN,bandit_selection
2026-05-14T10:30:06.439863,2777,KNN,HT,bandit_selection
2026-05-14T10:30:06.472219,2778,HT,KNN,bandit_selection
2026-05-14T10:30:06.628372,2782,KNN,SGD,bandit_selection
2026-05-14T10:30:06.660592,2783,SGD,KNN,bandit_selection
2026-05-14T10:30:07.139586,2795,KNN,HT,bandit_selection
2026-05-14T10:30:07.180825,2796,HT,KNN,bandit_selection
2026-05-14T10:30:08.039164,2814,KNN,SGD,bandit_selection
2026-05-14T10:30:08.086913,2815,SGD,KNN,bandit_selection
2026-05-14T10:30:08.457377,2823,KNN,SGD,bandit_selection
2026-05-14T10:30:08.501366,2824,SGD,KNN,bandit_selection
2026-05-14T10:30:09.050760,2837,KNN,HT,bandit_selection
2026-05-14T10:30:09.139988,2838,HT,KNN,bandit_selection
2026-05-14T10:30:09.273366,2841,KNN,HT,bandit_selection
2026-05-14T10:30:09.350190,2843,HT,KNN,bandit_selection
2026-05-14T10:30:09.911200,2855,KNN,SGD,bandit_selection
2026-05-14T10:30:10.034221,2856,SGD,KNN,bandit_selection
2026-05-14T10:30:10.816041,2875,KNN,HT,bandit_selection
2026-05-14T10:30:10.861829,2876,HT,KNN,bandit_selection
2026-05-14T10:30:11.723115,2895,KNN,SGD,bandit_selection
2026-05-14T10:30:11.750666,2896,SGD,KNN,bandit_selection
2026-05-14T10:30:12.987686,2942,KNN,HT,bandit_selection
2026-05-14T10:30:13.021031,2943,HT,KNN,bandit_selection
2026-05-14T10:30:14.370086,2981,KNN,SGD,bandit_selection
2026-05-14T10:30:14.400817,2982,SGD,KNN,bandit_selection
2026-05-14T10:30:14.605859,2990,KNN,HT,bandit_selection
2026-05-14T10:30:14.675858,2991,HT,KNN,bandit_selection
2026-05-14T10:30:14.820457,2996,KNN,HT,bandit_selection
2026-05-14T10:30:14.879928,2997,HT,KNN,bandit_selection
2026-05-14T10:30:15.184548,3004,KNN,SGD,bandit_selection
2026-05-14T10:30:15.211388,3005,SGD,KNN,bandit_selection
2026-05-14T10:30:15.350668,3009,KNN,HT,bandit_selection
2026-05-14T10:30:15.390224,3010,HT,KNN,bandit_selection
2026-05-14T10:30:16.498045,3044,KNN,SGD,bandit_selection
2026-05-14T10:30:16.553852,3046,SGD,KNN,bandit_selection
2026-05-14T10:30:17.142333,3063,KNN,SGD,bandit_selection
2026-05-14T10:30:17.185314,3064,SGD,KNN,bandit_selection
2026-05-14T10:30:17.257908,3066,KNN,HT,bandit_selection
2026-05-14T10:30:17.287392,3067,HT,KNN,bandit_selection
2026-05-14T10:30:17.396998,3070,KNN,HT,bandit_selection
2026-05-14T10:30:17.416719,3071,HT,KNN,bandit_selection
2026-05-14T10:30:17.476659,3073,KNN,HT,bandit_selection
2026-05-14T10:30:17.513603,3074,HT,KNN,bandit_selection
2026-05-14T10:30:17.613831,3076,KNN,HT,bandit_selection
2026-05-14T10:30:17.639403,3077,HT,KNN,bandit_selection
2026-05-14T10:30:18.490642,3104,KNN,HT,bandit_selection
2026-05-14T10:30:18.507657,3105,HT,KNN,bandit_selection
2026-05-14T10:30:18.799575,3115,KNN,HT,bandit_selection
2026-05-14T10:30:18.821062,3116,HT,KNN,bandit_selection
2026-05-14T10:30:18.875016,3118,KNN,SGD,bandit_selection
2026-05-14T10:30:18.919132,3119,SGD,KNN,bandit_selection
2026-05-14T10:30:19.656082,3143,KNN,HT,bandit_selection
2026-05-14T10:30:19.693536,3144,HT,KNN,bandit_selection
2026-05-14T10:30:20.143598,3162,KNN,HT,bandit_selection
2026-05-14T10:30:20.166709,3163,HT,KNN,bandit_selection
2026-05-14T10:30:20.575525,3176,KNN,HT,bandit_selection
2026-05-14T10:30:20.650518,3177,HT,KNN,bandit_selection
2026-05-14T10:30:20.931849,3189,KNN,HT,bandit_selection
2026-05-14T10:30:20.961322,3190,HT,KNN,bandit_selection
2026-05-14T10:30:21.182205,3198,KNN,SGD,bandit_selection
2026-05-14T10:30:21.213291,3199,SGD,KNN,bandit_selection
2026-05-14T10:30:21.893770,3215,KNN,SGD,bandit_selection
2026-05-14T10:30:21.929338,3216,SGD,KNN,bandit_selection
2026-05-14T10:30:22.048306,3220,KNN,SGD,bandit_selection
2026-05-14T10:30:22.099248,3221,SGD,KNN,bandit_selection
2026-05-14T10:30:22.807619,3242,KNN,SGD,bandit_selection
2026-05-14T10:30:22.878825,3243,SGD,KNN,bandit_selection
2026-05-14T10:30:23.116730,3249,KNN,SGD,bandit_selection
2026-05-14T10:30:23.161336,3251,SGD,KNN,bandit_selection
2026-05-14T10:30:23.444118,3260,KNN,HT,bandit_selection
2026-05-14T10:30:23.460579,3261,HT,KNN,bandit_selection
2026-05-14T10:30:23.584917,3266,KNN,SGD,bandit_selection
2026-05-14T10:30:23.606442,3267,SGD,KNN,bandit_selection
2026-05-14T10:30:24.094159,3283,KNN,SGD,bandit_selection
2026-05-14T10:30:24.123035,3284,SGD,KNN,bandit_selection
2026-05-14T10:30:24.320671,3291,KNN,HT,bandit_selection
2026-05-14T10:30:24.363163,3293,HT,KNN,bandit_selection
2026-05-14T10:30:24.815126,3310,KNN,SGD,bandit_selection
2026-05-14T10:30:24.846239,3311,SGD,KNN,bandit_selection
2026-05-14T10:30:25.287486,3326,KNN,HT,bandit_selection
2026-05-14T10:30:25.314979,3327,HT,KNN,bandit_selection
2026-05-14T10:30:25.980063,3350,KNN,SGD,bandit_selection
2026-05-14T10:30:26.006669,3351,SGD,KNN,bandit_selection
2026-05-14T10:30:26.230548,3357,KNN,SGD,bandit_selection
2026-05-14T10:30:26.249786,3358,SGD,KNN,bandit_selection
2026-05-14T10:30:27.416518,3395,KNN,SGD,bandit_selection
2026-05-14T10:30:27.442465,3396,SGD,KNN,bandit_selection
2026-05-14T10:30:27.759786,3406,KNN,HT,bandit_selection
2026-05-14T10:30:27.795648,3407,HT,KNN,bandit_selection
2026-05-14T10:30:28.091793,3417,KNN,HT,bandit_selection
2026-05-14T10:30:28.126158,3418,HT,KNN,bandit_selection
2026-05-14T10:30:28.806397,3439,KNN,SGD,bandit_selection
2026-05-14T10:30:28.846068,3440,SGD,KNN,bandit_selection
2026-05-14T10:30:29.257491,3452,KNN,HT,bandit_selection
2026-05-14T10:30:29.294237,3453,HT,KNN,bandit_selection
2026-05-14T10:30:29.417980,3457,KNN,HT,bandit_selection
2026-05-14T10:30:29.444982,3458,HT,KNN,bandit_selection
2026-05-14T10:30:30.905732,3501,KNN,SGD,bandit_selection
2026-05-14T10:30:30.966646,3502,SGD,KNN,bandit_selection
2026-05-14T10:30:32.991369,3558,KNN,HT,bandit_selection
2026-05-14T10:30:33.017695,3559,HT,KNN,bandit_selection
2026-05-14T10:30:33.495793,3573,KNN,HT,bandit_selection
2026-05-14T10:30:33.517944,3574,HT,KNN,bandit_selection
2026-05-14T10:30:33.535385,3575,KNN,HT,bandit_selection
2026-05-14T10:30:33.556100,3576,HT,KNN,bandit_selection
2026-05-14T10:30:33.630972,3579,KNN,SGD,bandit_selection
2026-05-14T10:30:33.673175,3580,SGD,KNN,bandit_selection
2026-05-14T10:30:34.083381,3592,KNN,HT,bandit_selection
2026-05-14T10:30:34.105002,3593,HT,KNN,bandit_selection
2026-05-14T10:30:34.139992,3594,KNN,HT,bandit_selection
2026-05-14T10:30:34.180731,3595,HT,KNN,bandit_selection
2026-05-14T10:30:34.229471,3596,KNN,SGD,bandit_selection
2026-05-14T10:30:34.286110,3597,SGD,KNN,bandit_selection
2026-05-14T10:30:35.995221,3645,KNN,HT,bandit_selection
2026-05-14T10:30:36.025793,3646,HT,KNN,bandit_selection
2026-05-14T10:30:36.585144,3662,KNN,HT,bandit_selection
2026-05-14T10:30:36.606810,3663,HT,KNN,bandit_selection
2026-05-14T10:30:36.789854,3668,KNN,SGD,bandit_selection
2026-05-14T10:30:36.817390,3669,SGD,KNN,bandit_selection
2026-05-14T10:30:37.022052,3674,KNN,SGD,bandit_selection
2026-05-14T10:30:37.046557,3675,SGD,KNN,bandit_selection
2026-05-14T10:30:37.147937,3678,KNN,SGD,bandit_selection
2026-05-14T10:30:37.178878,3679,SGD,KNN,bandit_selection
2026-05-14T10:30:37.263002,3682,KNN,SGD,bandit_selection
2026-05-14T10:30:37.292910,3683,SGD,KNN,bandit_selection
2026-05-14T10:30:37.579061,3691,KNN,HT,bandit_selection
2026-05-14T10:30:37.610710,3692,HT,KNN,bandit_selection
2026-05-14T10:30:38.894509,3727,KNN,SGD,bandit_selection
2026-05-14T10:30:38.928081,3728,SGD,KNN,bandit_selection
2026-05-14T10:30:39.420964,3741,KNN,HT,bandit_selection
2026-05-14T10:30:39.436715,3742,HT,SGD,bandit_selection
2026-05-14T10:30:39.469650,3743,SGD,KNN,bandit_selection
2026-05-14T10:30:39.789538,3751,KNN,HT,bandit_selection
2026-05-14T10:30:39.826281,3752,HT,KNN,bandit_selection
2026-05-14T10:30:40.715931,3778,KNN,SGD,bandit_selection
2026-05-14T10:30:40.764155,3779,SGD,KNN,bandit_selection
2026-05-14T10:30:41.061844,3787,KNN,SGD,bandit_selection
2026-05-14T10:30:41.105737,3788,SGD,KNN,bandit_selection
2026-05-14T10:30:41.266011,3793,KNN,HT,bandit_selection
2026-05-14T10:30:41.349666,3794,HT,KNN,bandit_selection
2026-05-14T10:30:42.713694,3820,KNN,HT,bandit_selection
2026-05-14T10:30:42.739118,3821,HT,KNN,bandit_selection
2026-05-14T10:30:43.114580,3831,KNN,SGD,bandit_selection
2026-05-14T10:30:43.147544,3832,SGD,HT,bandit_selection
2026-05-14T10:30:43.170185,3833,HT,KNN,bandit_selection
2026-05-14T10:30:43.362930,3839,KNN,HT,bandit_selection
2026-05-14T10:30:43.393315,3840,HT,KNN,bandit_selection
2026-05-14T10:30:43.432726,3841,KNN,HT,bandit_selection
2026-05-14T10:30:43.467829,3842,HT,KNN,bandit_selection
2026-05-14T10:30:44.911138,3880,KNN,HT,bandit_selection
2026-05-14T10:30:44.978275,3881,HT,KNN,bandit_selection
2026-05-14T10:30:45.889963,3899,KNN,SGD,bandit_selection
2026-05-14T10:30:45.932995,3900,SGD,KNN,bandit_selection
2026-05-14T10:30:46.357929,3912,KNN,HT,bandit_selection
2026-05-14T10:30:46.403462,3913,HT,KNN,bandit_selection
2026-05-14T10:30:46.694387,3919,KNN,HT,bandit_selection
2026-05-14T10:30:46.737660,3920,HT,KNN,bandit_selection
2026-05-14T10:30:46.899395,3924,KNN,HT,bandit_selection
2026-05-14T10:30:46.978380,3925,HT,KNN,bandit_selection
2026-05-14T10:30:47.281667,3934,KNN,SGD,bandit_selection
2026-05-14T10:30:47.398497,3936,SGD,KNN,bandit_selection
2026-05-14T10:30:47.420979,3937,KNN,HT,bandit_selection
2026-05-14T10:30:47.480265,3938,HT,KNN,bandit_selection
2026-05-14T10:30:48.169059,3953,KNN,SGD,bandit_selection
2026-05-14T10:30:48.205994,3954,SGD,KNN,bandit_selection
2026-05-14T10:30:48.658397,3962,KNN,HT,bandit_selection
2026-05-14T10:30:48.731099,3963,HT,KNN,bandit_selection
2026-05-14T10:30:48.898540,3965,KNN,SGD,bandit_selection
2026-05-14T10:30:48.946359,3966,SGD,KNN,bandit_selection
2026-05-14T10:30:49.155132,3971,KNN,SGD,bandit_selection
2026-05-14T10:30:49.186526,3972,SGD,HT,bandit_selection
2026-05-14T10:30:49.238227,3973,HT,KNN,bandit_selection
2026-05-14T10:30:49.710950,3984,KNN,HT,bandit_selection
2026-05-14T10:30:49.743798,3985,HT,KNN,bandit_selection
2026-05-14T10:30:49.835094,3987,KNN,HT,bandit_selection
2026-05-14T10:30:49.884237,3988,HT,KNN,bandit_selection
2026-05-14T10:30:50.932434,4014,KNN,HT,bandit_selection
2026-05-14T10:30:50.963909,4015,HT,KNN,bandit_selection
2026-05-14T10:30:51.058408,4017,KNN,HT,bandit_selection
2026-05-14T10:30:51.097358,4018,HT,SGD,bandit_selection
2026-05-14T10:30:51.122769,4019,SGD,KNN,bandit_selection
2026-05-14T10:30:51.553359,4028,KNN,SGD,bandit_selection
2026-05-14T10:30:51.606745,4029,SGD,KNN,bandit_selection
2026-05-14T10:30:51.812088,4035,KNN,HT,bandit_selection
2026-05-14T10:30:51.893353,4036,HT,KNN,bandit_selection
2026-05-14T10:30:53.713968,4075,KNN,SGD,bandit_selection
2026-05-14T10:30:53.740682,4076,SGD,KNN,bandit_selection
2026-05-14T10:30:54.238373,4089,KNN,HT,bandit_selection
2026-05-14T10:30:54.288450,4090,HT,KNN,bandit_selection
2026-05-14T10:30:55.009525,4107,KNN,HT,bandit_selection
2026-05-14T10:30:55.051204,4108,HT,KNN,bandit_selection
2026-05-14T10:30:55.226500,4113,KNN,SGD,bandit_selection
2026-05-14T10:30:55.279615,4114,SGD,KNN,bandit_selection
2026-05-14T10:30:55.748057,4128,KNN,SGD,bandit_selection
2026-05-14T10:30:55.768483,4129,SGD,KNN,bandit_selection
2026-05-14T10:30:56.529391,4154,KNN,HT,bandit_selection
2026-05-14T10:30:56.568955,4155,HT,KNN,bandit_selection
2026-05-14T10:30:56.921097,4165,KNN,HT,bandit_selection
2026-05-14T10:30:56.950788,4166,HT,KNN,bandit_selection
2026-05-14T10:30:57.591815,4181,KNN,SGD,bandit_selection
2026-05-14T10:30:57.623338,4182,SGD,KNN,bandit_selection
2026-05-14T10:30:58.324168,4199,KNN,SGD,bandit_selection
2026-05-14T10:30:58.398146,4201,SGD,KNN,bandit_selection
2026-05-14T10:30:59.735450,4233,KNN,SGD,bandit_selection
2026-05-14T10:30:59.754737,4234,SGD,KNN,bandit_selection
2026-05-14T10:31:00.164307,4246,KNN,SGD,bandit_selection
2026-05-14T10:31:00.265159,4247,SGD,KNN,bandit_selection
2026-05-14T10:31:00.904595,4263,KNN,HT,bandit_selection
2026-05-14T10:31:00.946667,4264,HT,KNN,bandit_selection
2026-05-14T10:31:01.084533,4267,KNN,HT,bandit_selection
2026-05-14T10:31:01.140188,4268,HT,KNN,bandit_selection
2026-05-14T10:31:01.169151,4269,KNN,SGD,bandit_selection
2026-05-14T10:31:01.241481,4270,SGD,KNN,bandit_selection
2026-05-14T10:31:01.969384,4289,KNN,SGD,bandit_selection
2026-05-14T10:31:01.999902,4290,SGD,KNN,bandit_selection
2026-05-14T10:31:04.516709,4351,KNN,HT,bandit_selection
2026-05-14T10:31:04.572236,4352,HT,KNN,bandit_selection
2026-05-14T10:31:04.743906,4358,KNN,HT,bandit_selection
2026-05-14T10:31:04.767323,4359,HT,KNN,bandit_selection
2026-05-14T10:31:05.047384,4364,KNN,HT,bandit_selection
2026-05-14T10:31:05.088013,4365,HT,KNN,bandit_selection
2026-05-14T10:31:05.937325,4387,KNN,HT,bandit_selection
2026-05-14T10:31:05.967432,4388,HT,KNN,bandit_selection
2026-05-14T10:31:06.350385,4397,KNN,HT,bandit_selection
2026-05-14T10:31:06.410400,4399,HT,KNN,bandit_selection
2026-05-14T10:31:09.131591,4467,KNN,HT,bandit_selection
2026-05-14T10:31:09.164214,4468,HT,KNN,bandit_selection
2026-05-14T10:31:10.253761,4491,KNN,SGD,bandit_selection
2026-05-14T10:31:10.283738,4492,SGD,KNN,bandit_selection
2026-05-14T10:31:10.613603,4501,KNN,HT,bandit_selection
2026-05-14T10:31:10.658498,4502,HT,KNN,bandit_selection
2026-05-14T10:31:12.987449,4558,KNN,HT,bandit_selection
2026-05-14T10:31:13.027166,4559,HT,KNN,bandit_selection
2026-05-14T10:31:13.169463,4563,KNN,SGD,bandit_selection
2026-05-14T10:31:13.233032,4565,SGD,KNN,bandit_selection
2026-05-14T10:31:15.164097,4611,KNN,SGD,bandit_selection
2026-05-14T10:31:15.186212,4612,SGD,HT,bandit_selection
2026-05-14T10:31:15.235260,4613,HT,KNN,bandit_selection
2026-05-14T10:31:15.650658,4623,KNN,HT,bandit_selection
2026-05-14T10:31:15.695474,4624,HT,KNN,bandit_selection
2026-05-14T10:31:16.157108,4635,KNN,HT,bandit_selection
2026-05-14T10:31:16.213079,4636,HT,KNN,bandit_selection
2026-05-14T10:31:18.150993,4681,KNN,SGD,bandit_selection
2026-05-14T10:31:18.187553,4682,SGD,KNN,bandit_selection
2026-05-14T10:31:19.556817,4712,KNN,SGD,bandit_selection
2026-05-14T10:31:19.607071,4713,SGD,KNN,bandit_selection
2026-05-14T10:31:19.648185,4714,KNN,HT,bandit_selection
2026-05-14T10:31:19.683565,4715,HT,KNN,bandit_selection
2026-05-14T10:31:19.731936,4716,KNN,SGD,bandit_selection
2026-05-14T10:31:19.782494,4717,SGD,KNN,bandit_selection
2026-05-14T10:31:21.501979,4756,KNN,HT,bandit_selection
2026-05-14T10:31:21.569899,4757,HT,SGD,bandit_selection
2026-05-14T10:31:21.609680,4758,SGD,KNN,bandit_selection
2026-05-14T10:31:24.592425,4820,KNN,SGD,bandit_selection
2026-05-14T10:31:24.644184,4821,SGD,KNN,bandit_selection
2026-05-14T10:31:25.391733,4839,KNN,HT,bandit_selection
2026-05-14T10:31:25.462497,4840,HT,KNN,bandit_selection
2026-05-14T10:31:28.517318,4913,KNN,SGD,bandit_selection
2026-05-14T10:31:28.582658,4914,SGD,KNN,bandit_selection
2026-05-14T10:31:29.609051,4936,KNN,HT,bandit_selection
2026-05-14T10:31:29.700098,4937,HT,KNN,bandit_selection
2026-05-14T10:31:30.256852,4950,KNN,HT,bandit_selection
2026-05-14T10:31:30.300937,4951,HT,KNN,bandit_selection
2026-05-14T10:31:30.994666,4968,KNN,HT,bandit_selection
2026-05-14T10:31:31.018453,4969,HT,KNN,bandit_selection
2026-05-14T10:31:32.397851,5000,KNN,SGD,bandit_selection
2026-05-14T10:31:32.509106,5001,SGD,KNN,bandit_selection
2026-05-14T10:31:32.742240,5006,KNN,HT,bandit_selection
2026-05-14T10:31:32.803783,5007,HT,KNN,bandit_selection
2026-05-14T10:31:33.040477,5012,KNN,SGD,bandit_selection
2026-05-14T10:31:33.073943,5013,SGD,KNN,bandit_selection
2026-05-14T10:31:33.817746,5030,KNN,HT,bandit_selection
2026-05-14T10:31:33.855822,5031,HT,KNN,bandit_selection
2026-05-14T10:31:34.912172,5057,KNN,SGD,bandit_selection
2026-05-14T10:31:34.942823,5058,SGD,KNN,bandit_selection
2026-05-14T10:31:36.075475,5081,KNN,SGD,bandit_selection
2026-05-14T10:31:36.120730,5082,SGD,KNN,bandit_selection
2026-05-14T10:31:36.487567,5091,KNN,SGD,bandit_selection
2026-05-14T10:31:36.526630,5092,SGD,KNN,bandit_selection
2026-05-14T10:31:36.593370,5094,KNN,SGD,bandit_selection
2026-05-14T10:31:36.635556,5095,SGD,KNN,bandit_selection
2026-05-14T10:31:37.839617,5122,KNN,HT,bandit_selection
2026-05-14T10:31:37.877231,5123,HT,KNN,bandit_selection
2026-05-14T10:31:38.049157,5128,KNN,SGD,bandit_selection
2026-05-14T10:31:38.072332,5129,SGD,KNN,bandit_selection
2026-05-14T10:31:38.307753,5136,KNN,SGD,bandit_selection
2026-05-14T10:31:38.328962,5137,SGD,KNN,bandit_selection
2026-05-14T10:31:38.356721,5138,KNN,SGD,bandit_selection
2026-05-14T10:31:38.390409,5139,SGD,KNN,bandit_selection
2026-05-14T10:31:39.582215,5171,KNN,SGD,bandit_selection
2026-05-14T10:31:39.628340,5172,SGD,KNN,bandit_selection
2026-05-14T10:31:40.641239,5200,KNN,HT,bandit_selection
2026-05-14T10:31:40.684534,5201,HT,KNN,bandit_selection
2026-05-14T10:31:40.714631,5202,KNN,SGD,bandit_selection
2026-05-14T10:31:40.761963,5203,SGD,KNN,bandit_selection
2026-05-14T10:31:40.977856,5209,KNN,HT,bandit_selection
2026-05-14T10:31:41.024743,5210,HT,KNN,bandit_selection
2026-05-14T10:31:41.097660,5211,KNN,SGD,bandit_selection
2026-05-14T10:31:41.147533,5212,SGD,KNN,bandit_selection
2026-05-14T10:31:42.754777,5251,KNN,HT,bandit_selection
2026-05-14T10:31:42.813466,5252,HT,KNN,bandit_selection
2026-05-14T10:31:43.223464,5263,KNN,SGD,bandit_selection
2026-05-14T10:31:43.252144,5264,SGD,KNN,bandit_selection
2026-05-14T10:31:43.320200,5265,KNN,SGD,bandit_selection
2026-05-14T10:31:43.343850,5266,SGD,KNN,bandit_selection
2026-05-14T10:31:44.962771,5309,KNN,HT,bandit_selection
2026-05-14T10:31:44.994674,5310,HT,KNN,bandit_selection
2026-05-14T10:31:45.229345,5317,KNN,SGD,bandit_selection
2026-05-14T10:31:45.281221,5318,SGD,KNN,bandit_selection
2026-05-14T10:31:46.415912,5347,KNN,SGD,bandit_selection
2026-05-14T10:31:46.477086,5348,SGD,KNN,bandit_selection
2026-05-14T10:31:47.301151,5370,KNN,HT,bandit_selection
2026-05-14T10:31:47.354913,5371,HT,KNN,bandit_selection
2026-05-14T10:31:47.596951,5378,KNN,HT,bandit_selection
2026-05-14T10:31:47.636475,5379,HT,KNN,bandit_selection
2026-05-14T10:31:47.963965,5387,KNN,HT,bandit_selection
2026-05-14T10:31:48.013666,5388,HT,KNN,bandit_selection
2026-05-14T10:31:49.071027,5419,KNN,SGD,bandit_selection
2026-05-14T10:31:49.099002,5420,SGD,HT,bandit_selection
2026-05-14T10:31:49.124696,5421,HT,KNN,bandit_selection
2026-05-14T10:31:49.386885,5428,KNN,HT,bandit_selection
2026-05-14T10:31:49.410189,5429,HT,KNN,bandit_selection
2026-05-14T10:31:50.239610,5450,KNN,SGD,bandit_selection
2026-05-14T10:31:50.273060,5451,SGD,KNN,bandit_selection
2026-05-14T10:31:50.434508,5456,KNN,SGD,bandit_selection
2026-05-14T10:31:50.484936,5457,SGD,KNN,bandit_selection
2026-05-14T10:31:51.198894,5476,KNN,HT,bandit_selection
2026-05-14T10:31:51.238635,5477,HT,KNN,bandit_selection
2026-05-14T10:31:51.668544,5489,KNN,HT,bandit_selection
2026-05-14T10:31:51.703245,5490,HT,KNN,bandit_selection
2026-05-14T10:31:52.706309,5520,KNN,HT,bandit_selection
2026-05-14T10:31:52.734838,5521,HT,KNN,bandit_selection
2026-05-14T10:31:53.714759,5551,KNN,SGD,bandit_selection
2026-05-14T10:31:53.765675,5552,SGD,KNN,bandit_selection
2026-05-14T10:31:53.794583,5553,KNN,SGD,bandit_selection
2026-05-14T10:31:53.829616,5554,SGD,KNN,bandit_selection
2026-05-14T10:31:53.880056,5556,KNN,HT,bandit_selection
2026-05-14T10:31:53.925234,5557,HT,KNN,bandit_selection
2026-05-14T10:31:54.324675,5570,KNN,SGD,bandit_selection
2026-05-14T10:31:54.345982,5571,SGD,KNN,bandit_selection
2026-05-14T10:31:54.405348,5573,KNN,SGD,bandit_selection
2026-05-14T10:31:54.430871,5574,SGD,KNN,bandit_selection
2026-05-14T10:31:55.174536,5598,KNN,SGD,bandit_selection
2026-05-14T10:31:55.210326,5599,SGD,KNN,bandit_selection
2026-05-14T10:31:56.204033,5632,KNN,SGD,bandit_selection
2026-05-14T10:31:56.234789,5633,SGD,KNN,bandit_selection
2026-05-14T10:31:56.735050,5647,KNN,SGD,bandit_selection
2026-05-14T10:31:56.763245,5648,SGD,KNN,bandit_selection
2026-05-14T10:31:56.894229,5652,KNN,HT,bandit_selection
2026-05-14T10:31:56.916554,5653,HT,KNN,bandit_selection
2026-05-14T10:31:57.178225,5661,KNN,SGD,bandit_selection
2026-05-14T10:31:57.193491,5662,SGD,KNN,bandit_selection
2026-05-14T10:31:58.257852,5691,KNN,SGD,bandit_selection
2026-05-14T10:31:58.288524,5692,SGD,KNN,bandit_selection
2026-05-14T10:31:58.715282,5705,KNN,HT,bandit_selection
2026-05-14T10:31:58.740599,5706,HT,SGD,bandit_selection
2026-05-14T10:31:58.774165,5707,SGD,KNN,bandit_selection
2026-05-14T10:31:59.578807,5734,KNN,HT,bandit_selection
2026-05-14T10:31:59.617388,5735,HT,KNN,bandit_selection
2026-05-14T10:31:59.954571,5748,KNN,HT,bandit_selection
2026-05-14T10:31:59.994729,5749,HT,KNN,bandit_selection
2026-05-14T10:32:00.203693,5753,KNN,SGD,bandit_selection
2026-05-14T10:32:00.233440,5754,SGD,KNN,bandit_selection
2026-05-14T10:32:00.451946,5760,KNN,SGD,bandit_selection
2026-05-14T10:32:00.476104,5761,SGD,KNN,bandit_selection
2026-05-14T10:32:01.098158,5783,KNN,HT,bandit_selection
2026-05-14T10:32:01.123107,5784,HT,KNN,bandit_selection
2026-05-14T10:32:01.498308,5797,KNN,SGD,bandit_selection
2026-05-14T10:32:01.562247,5798,SGD,KNN,bandit_selection
2026-05-14T10:32:01.669345,5800,KNN,HT,bandit_selection
2026-05-14T10:32:01.727982,5802,HT,KNN,bandit_selection
2026-05-14T10:32:02.490973,5823,KNN,SGD,bandit_selection
2026-05-14T10:32:02.533571,5824,SGD,KNN,bandit_selection
2026-05-14T10:32:02.899842,5835,KNN,HT,bandit_selection
2026-05-14T10:32:02.920678,5836,HT,KNN,bandit_selection
2026-05-14T10:32:03.683687,5860,KNN,SGD,bandit_selection
2026-05-14T10:32:03.724494,5861,SGD,HT,bandit_selection
2026-05-14T10:32:03.752057,5862,HT,KNN,bandit_selection
2026-05-14T10:32:04.314265,5879,KNN,HT,bandit_selection
2026-05-14T10:32:04.372272,5880,HT,KNN,bandit_selection
2026-05-14T10:32:04.810678,5892,KNN,SGD,bandit_selection
2026-05-14T10:32:04.840476,5893,SGD,KNN,bandit_selection
2026-05-14T10:32:05.025428,5900,KNN,SGD,bandit_selection
2026-05-14T10:32:05.061681,5901,SGD,KNN,bandit_selection
2026-05-14T10:32:06.753608,5953,KNN,HT,bandit_selection
2026-05-14T10:32:06.778214,5954,HT,KNN,bandit_selection
2026-05-14T10:32:07.440256,5975,KNN,HT,bandit_selection
2026-05-14T10:32:07.459961,5976,HT,KNN,bandit_selection
2026-05-14T10:32:07.609679,5981,KNN,HT,bandit_selection
2026-05-14T10:32:07.645603,5982,HT,KNN,bandit_selection
2026-05-14T10:32:08.444515,6003,KNN,HT,bandit_selection
2026-05-14T10:32:08.475151,6004,HT,KNN,bandit_selection
2026-05-14T10:32:08.929938,6016,KNN,SGD,bandit_selection
2026-05-14T10:32:08.964253,6017,SGD,KNN,bandit_selection
2026-05-14T10:32:09.175599,6024,KNN,HT,bandit_selection
2026-05-14T10:32:09.207858,6025,HT,KNN,bandit_selection
2026-05-14T10:32:09.524484,6032,KNN,SGD,bandit_selection
2026-05-14T10:32:09.559942,6033,SGD,KNN,bandit_selection
2026-05-14T10:32:10.261387,6050,KNN,SGD,bandit_selection
2026-05-14T10:32:10.304473,6051,SGD,KNN,bandit_selection
2026-05-14T10:32:10.590530,6057,KNN,SGD,bandit_selection
2026-05-14T10:32:10.631544,6058,SGD,KNN,bandit_selection
2026-05-14T10:32:11.093564,6071,KNN,HT,bandit_selection
2026-05-14T10:32:11.114551,6072,HT,KNN,bandit_selection
2026-05-14T10:32:13.782248,6142,KNN,HT,bandit_selection
2026-05-14T10:32:13.803155,6143,HT,SGD,bandit_selection
2026-05-14T10:32:13.828806,6144,SGD,KNN,bandit_selection
2026-05-14T10:32:14.366200,6163,KNN,HT,bandit_selection
2026-05-14T10:32:14.392827,6164,HT,KNN,bandit_selection
2026-05-14T10:32:15.001791,6183,KNN,HT,bandit_selection
2026-05-14T10:32:15.045107,6184,HT,KNN,bandit_selection
2026-05-14T10:32:17.828580,6264,KNN,HT,bandit_selection
2026-05-14T10:32:17.863850,6265,HT,KNN,bandit_selection
2026-05-14T10:32:18.204016,6277,KNN,SGD,bandit_selection
2026-05-14T10:32:18.220199,6278,SGD,KNN,bandit_selection
2026-05-14T10:32:18.244471,6279,KNN,HT,bandit_selection
2026-05-14T10:32:18.272999,6280,HT,KNN,bandit_selection
2026-05-14T10:32:18.334636,6282,KNN,HT,bandit_selection
2026-05-14T10:32:18.359245,6283,HT,KNN,bandit_selection
2026-05-14T10:32:18.465871,6286,KNN,HT,bandit_selection
2026-05-14T10:32:18.490233,6287,HT,KNN,bandit_selection
2026-05-14T10:32:19.247315,6306,KNN,HT,bandit_selection
2026-05-14T10:32:19.316964,6307,HT,KNN,bandit_selection
2026-05-14T10:32:19.366280,6309,KNN,HT,bandit_selection
2026-05-14T10:32:19.420205,6310,HT,KNN,bandit_selection
2026-05-14T10:32:20.637749,6350,KNN,SGD,bandit_selection
2026-05-14T10:32:20.656768,6351,SGD,KNN,bandit_selection
2026-05-14T10:32:20.960363,6359,KNN,SGD,bandit_selection
2026-05-14T10:32:20.983865,6360,SGD,KNN,bandit_selection
2026-05-14T10:32:21.127300,6364,KNN,HT,bandit_selection
2026-05-14T10:32:21.148077,6365,HT,KNN,bandit_selection
2026-05-14T10:32:21.316602,6370,KNN,HT,bandit_selection
2026-05-14T10:32:21.363072,6371,HT,KNN,bandit_selection
2026-05-14T10:32:22.693609,6413,KNN,HT,bandit_selection
2026-05-14T10:32:22.751647,6414,HT,KNN,bandit_selection
2026-05-14T10:32:22.776029,6415,KNN,HT,bandit_selection
2026-05-14T10:32:22.801752,6416,HT,KNN,bandit_selection
2026-05-14T10:32:23.178404,6429,KNN,HT,bandit_selection
2026-05-14T10:32:23.215002,6430,HT,KNN,bandit_selection
2026-05-14T10:32:24.296864,6463,KNN,SGD,bandit_selection
2026-05-14T10:32:24.321417,6464,SGD,KNN,bandit_selection
2026-05-14T10:32:24.748332,6478,KNN,SGD,bandit_selection
2026-05-14T10:32:24.764062,6479,SGD,KNN,bandit_selection
2026-05-14T10:32:26.687204,6538,KNN,SGD,bandit_selection
2026-05-14T10:32:26.717537,6539,SGD,KNN,bandit_selection
2026-05-14T10:32:26.920992,6545,KNN,SGD,bandit_selection
2026-05-14T10:32:26.954337,6546,SGD,KNN,bandit_selection
2026-05-14T10:32:27.683603,6570,KNN,HT,bandit_selection
2026-05-14T10:32:27.711523,6571,HT,KNN,bandit_selection
2026-05-14T10:32:29.943725,6631,KNN,HT,bandit_selection
2026-05-14T10:32:29.966814,6632,HT,KNN,bandit_selection
2026-05-14T10:32:30.116310,6636,KNN,SGD,bandit_selection
2026-05-14T10:32:30.153745,6637,SGD,KNN,bandit_selection
2026-05-14T10:32:30.461300,6644,KNN,HT,bandit_selection
2026-05-14T10:32:30.481833,6645,HT,KNN,bandit_selection
2026-05-14T10:32:31.179819,6664,KNN,SGD,bandit_selection
2026-05-14T10:32:31.219521,6665,SGD,KNN,bandit_selection
2026-05-14T10:32:33.137360,6717,KNN,SGD,bandit_selection
2026-05-14T10:32:33.178673,6718,SGD,HT,bandit_selection
2026-05-14T10:32:33.215148,6719,HT,KNN,bandit_selection
2026-05-14T10:32:33.929822,6741,KNN,SGD,bandit_selection
2026-05-14T10:32:33.962324,6742,SGD,KNN,bandit_selection
2026-05-14T10:32:34.185291,6749,KNN,HT,bandit_selection
2026-05-14T10:32:34.219189,6750,HT,KNN,bandit_selection
2026-05-14T10:32:34.626339,6762,KNN,SGD,bandit_selection
2026-05-14T10:32:34.652439,6763,SGD,KNN,bandit_selection
2026-05-14T10:32:35.134627,6778,KNN,HT,bandit_selection
2026-05-14T10:32:35.160564,6779,HT,KNN,bandit_selection
2026-05-14T10:32:35.878163,6798,KNN,HT,bandit_selection
2026-05-14T10:32:35.928199,6799,HT,KNN,bandit_selection
2026-05-14T10:32:35.956593,6800,KNN,HT,bandit_selection
2026-05-14T10:32:36.009821,6801,HT,KNN,bandit_selection
2026-05-14T10:32:36.950733,6831,KNN,SGD,bandit_selection
2026-05-14T10:32:36.984251,6832,SGD,KNN,bandit_selection
2026-05-14T10:32:37.470932,6843,KNN,SGD,bandit_selection
2026-05-14T10:32:37.492539,6844,SGD,KNN,bandit_selection
2026-05-14T10:32:37.986035,6857,KNN,SGD,bandit_selection
2026-05-14T10:32:38.026529,6858,SGD,KNN,bandit_selection
2026-05-14T10:32:38.667390,6877,KNN,HT,bandit_selection
2026-05-14T10:32:38.698295,6878,HT,KNN,bandit_selection
2026-05-14T10:32:39.251172,6895,KNN,SGD,bandit_selection
2026-05-14T10:32:39.291922,6896,SGD,KNN,bandit_selection
2026-05-14T10:32:40.647781,6937,KNN,HT,bandit_selection
2026-05-14T10:32:40.702221,6939,HT,KNN,bandit_selection
2026-05-14T10:32:40.805335,6943,KNN,HT,bandit_selection
2026-05-14T10:32:40.831868,6944,HT,KNN,bandit_selection
2026-05-14T10:32:40.867639,6945,KNN,HT,bandit_selection
2026-05-14T10:32:40.895215,6946,HT,KNN,bandit_selection
2026-05-14T10:32:41.399002,6959,KNN,HT,bandit_selection
2026-05-14T10:32:41.426943,6960,HT,KNN,bandit_selection
2026-05-14T10:32:41.505064,6963,KNN,SGD,bandit_selection
2026-05-14T10:32:41.535882,6964,SGD,KNN,bandit_selection
2026-05-14T10:32:42.371124,6987,KNN,HT,bandit_selection
2026-05-14T10:32:42.402010,6988,HT,KNN,bandit_selection
2026-05-14T10:32:42.661313,6995,KNN,SGD,bandit_selection
2026-05-14T10:32:42.712995,6996,SGD,KNN,bandit_selection
2026-05-14T10:32:42.804832,6999,KNN,SGD,bandit_selection
2026-05-14T10:32:42.850758,7000,SGD,KNN,bandit_selection
2026-05-14T10:32:43.546409,7018,KNN,HT,bandit_selection
2026-05-14T10:32:43.578249,7019,HT,KNN,bandit_selection
2026-05-14T10:32:44.239033,7037,KNN,SGD,bandit_selection
2026-05-14T10:32:44.297737,7038,SGD,KNN,bandit_selection
2026-05-14T10:32:44.589643,7047,KNN,HT,bandit_selection
2026-05-14T10:32:44.606618,7048,HT,SGD,bandit_selection
2026-05-14T10:32:44.661670,7049,SGD,KNN,bandit_selection
2026-05-14T10:32:45.720603,7079,KNN,SGD,bandit_selection
2026-05-14T10:32:45.752464,7080,SGD,KNN,bandit_selection
2026-05-14T10:32:46.927088,7113,KNN,SGD,bandit_selection
2026-05-14T10:32:46.967369,7114,SGD,KNN,bandit_selection
2026-05-14T10:32:47.140148,7119,KNN,SGD,bandit_selection
2026-05-14T10:32:47.166400,7120,SGD,KNN,bandit_selection
2026-05-14T10:32:47.243423,7122,KNN,SGD,bandit_selection
2026-05-14T10:32:47.270215,7123,SGD,KNN,bandit_selection
2026-05-14T10:32:47.340405,7125,KNN,SGD,bandit_selection
2026-05-14T10:32:47.388269,7126,SGD,KNN,bandit_selection
2026-05-14T10:32:47.697324,7136,KNN,HT,bandit_selection
2026-05-14T10:32:47.773953,7137,HT,KNN,bandit_selection
2026-05-14T10:32:48.462598,7158,KNN,HT,bandit_selection
2026-05-14T10:32:48.513897,7159,HT,KNN,bandit_selection
2026-05-14T10:32:48.970481,7171,KNN,HT,bandit_selection
2026-05-14T10:32:48.997155,7172,HT,KNN,bandit_selection
2026-05-14T10:32:50.283513,7208,KNN,HT,bandit_selection
2026-05-14T10:32:50.304022,7209,HT,KNN,bandit_selection
2026-05-14T10:32:50.841136,7227,KNN,SGD,bandit_selection
2026-05-14T10:32:50.883769,7228,SGD,KNN,bandit_selection
2026-05-14T10:32:51.096881,7233,KNN,HT,bandit_selection
2026-05-14T10:32:51.138399,7234,HT,KNN,bandit_selection
2026-05-14T10:32:51.172080,7235,KNN,SGD,bandit_selection
2026-05-14T10:32:51.202307,7236,SGD,KNN,bandit_selection
2026-05-14T10:32:51.952721,7260,KNN,HT,bandit_selection
2026-05-14T10:32:51.996584,7261,HT,KNN,bandit_selection
2026-05-14T10:32:52.228436,7267,KNN,SGD,bandit_selection
2026-05-14T10:32:52.263120,7268,SGD,KNN,bandit_selection
2026-05-14T10:32:52.395607,7271,KNN,SGD,bandit_selection
2026-05-14T10:32:52.449985,7272,SGD,KNN,bandit_selection
2026-05-14T10:32:52.780754,7279,KNN,HT,bandit_selection
2026-05-14T10:32:52.824765,7280,HT,KNN,bandit_selection
2026-05-14T10:32:52.964894,7284,KNN,HT,bandit_selection
2026-05-14T10:32:53.019989,7285,HT,KNN,bandit_selection
2026-05-14T10:32:53.168488,7290,KNN,SGD,bandit_selection
2026-05-14T10:32:53.187335,7291,SGD,KNN,bandit_selection
2026-05-14T10:32:53.624910,7301,KNN,SGD,bandit_selection
2026-05-14T10:32:53.686419,7302,SGD,KNN,bandit_selection
2026-05-14T10:32:54.104039,7314,KNN,HT,bandit_selection
2026-05-14T10:32:54.129561,7315,HT,SGD,bandit_selection
2026-05-14T10:32:54.151373,7316,SGD,HT,bandit_selection
2026-05-14T10:32:54.186864,7317,HT,KNN,bandit_selection
2026-05-14T10:32:54.242130,7319,KNN,SGD,bandit_selection
2026-05-14T10:32:54.265874,7320,SGD,KNN,bandit_selection
2026-05-14T10:32:55.060392,7342,KNN,HT,bandit_selection
2026-05-14T10:32:55.092776,7343,HT,KNN,bandit_selection
2026-05-14T10:32:55.265460,7347,KNN,SGD,bandit_selection
2026-05-14T10:32:55.301025,7348,SGD,KNN,bandit_selection
2026-05-14T10:32:55.348147,7349,KNN,SGD,bandit_selection
2026-05-14T10:32:55.381338,7350,SGD,KNN,bandit_selection
2026-05-14T10:32:55.802032,7360,KNN,SGD,bandit_selection
2026-05-14T10:32:55.861350,7361,SGD,KNN,bandit_selection
2026-05-14T10:32:57.216542,7400,KNN,HT,bandit_selection
2026-05-14T10:32:57.250990,7401,HT,KNN,bandit_selection
2026-05-14T10:32:57.999961,7422,KNN,SGD,bandit_selection
2026-05-14T10:32:58.058032,7423,SGD,KNN,bandit_selection
2026-05-14T10:32:58.456136,7433,KNN,HT,bandit_selection
2026-05-14T10:32:58.522542,7434,HT,KNN,bandit_selection
2026-05-14T10:32:59.755644,7467,KNN,SGD,bandit_selection
2026-05-14T10:32:59.814699,7468,SGD,KNN,bandit_selection
2026-05-14T10:33:00.394365,7485,KNN,SGD,bandit_selection
2026-05-14T10:33:00.420836,7486,SGD,KNN,bandit_selection
2026-05-14T10:33:00.563477,7490,KNN,SGD,bandit_selection
2026-05-14T10:33:00.582210,7491,SGD,KNN,bandit_selection
2026-05-14T10:33:00.729574,7497,KNN,SGD,bandit_selection
2026-05-14T10:33:00.748968,7498,SGD,KNN,bandit_selection
2026-05-14T10:33:01.255711,7512,KNN,SGD,bandit_selection
2026-05-14T10:33:01.286057,7513,SGD,KNN,bandit_selection
2026-05-14T10:33:02.647078,7550,KNN,SGD,bandit_selection
2026-05-14T10:33:02.676556,7551,SGD,KNN,bandit_selection
2026-05-14T10:33:03.052680,7564,KNN,SGD,bandit_selection
2026-05-14T10:33:03.087723,7565,SGD,KNN,bandit_selection
2026-05-14T10:33:04.205612,7596,KNN,SGD,bandit_selection
2026-05-14T10:33:04.221038,7597,SGD,KNN,bandit_selection
2026-05-14T10:33:04.330791,7602,KNN,HT,bandit_selection
2026-05-14T10:33:04.343589,7603,HT,KNN,bandit_selection
2026-05-14T10:33:04.448610,7608,KNN,HT,bandit_selection
2026-05-14T10:33:04.492437,7609,HT,KNN,bandit_selection
2026-05-14T10:33:04.848517,7620,KNN,HT,bandit_selection
2026-05-14T10:33:04.880509,7621,HT,KNN,bandit_selection
2026-05-14T10:33:04.935656,7624,KNN,HT,bandit_selection
2026-05-14T10:33:04.951705,7625,HT,KNN,bandit_selection
2026-05-14T10:33:06.227489,7660,KNN,HT,bandit_selection
2026-05-14T10:33:06.291928,7661,HT,KNN,bandit_selection
2026-05-14T10:33:06.330920,7662,KNN,SGD,bandit_selection
2026-05-14T10:33:06.380451,7663,SGD,KNN,bandit_selection
2026-05-14T10:33:06.480063,7667,KNN,SGD,bandit_selection
2026-05-14T10:33:06.510199,7668,SGD,KNN,bandit_selection
2026-05-14T10:33:06.807180,7680,KNN,HT,bandit_selection
2026-05-14T10:33:06.830173,7681,HT,KNN,bandit_selection
2026-05-14T10:33:07.216576,7692,KNN,HT,bandit_selection
2026-05-14T10:33:07.240542,7693,HT,KNN,bandit_selection
2026-05-14T10:33:08.061296,7715,KNN,HT,bandit_selection
2026-05-14T10:33:08.104041,7716,HT,KNN,bandit_selection
2026-05-14T10:33:09.414120,7752,KNN,SGD,bandit_selection
2026-05-14T10:33:09.445382,7753,SGD,KNN,bandit_selection
2026-05-14T10:33:10.014284,7771,KNN,SGD,bandit_selection
2026-05-14T10:33:10.040690,7772,SGD,KNN,bandit_selection
2026-05-14T10:33:10.174500,7776,KNN,SGD,bandit_selection
2026-05-14T10:33:10.218621,7777,SGD,KNN,bandit_selection
2026-05-14T10:33:10.703855,7793,KNN,SGD,bandit_selection
2026-05-14T10:33:10.731530,7794,SGD,KNN,bandit_selection
2026-05-14T10:33:11.746799,7825,KNN,HT,bandit_selection
2026-05-14T10:33:11.770361,7826,HT,KNN,bandit_selection
2026-05-14T10:33:12.079296,7834,KNN,HT,bandit_selection
2026-05-14T10:33:12.103345,7835,HT,SGD,bandit_selection
2026-05-14T10:33:12.127504,7836,SGD,KNN,bandit_selection
2026-05-14T10:33:12.457571,7846,KNN,HT,bandit_selection
2026-05-14T10:33:12.481975,7847,HT,KNN,bandit_selection
2026-05-14T10:33:13.013310,7862,KNN,HT,bandit_selection
2026-05-14T10:33:13.048372,7863,HT,KNN,bandit_selection
2026-05-14T10:33:13.174213,7867,KNN,HT,bandit_selection
2026-05-14T10:33:13.198698,7868,HT,KNN,bandit_selection
2026-05-14T10:33:13.311172,7872,KNN,HT,bandit_selection
2026-05-14T10:33:13.346031,7873,HT,KNN,bandit_selection
2026-05-14T10:33:13.417598,7875,KNN,HT,bandit_selection
2026-05-14T10:33:13.456368,7876,HT,KNN,bandit_selection
2026-05-14T10:33:14.301566,7904,KNN,SGD,bandit_selection
2026-05-14T10:33:14.345509,7905,SGD,KNN,bandit_selection
2026-05-14T10:33:14.450014,7908,KNN,HT,bandit_selection
2026-05-14T10:33:14.483779,7909,HT,SGD,bandit_selection
2026-05-14T10:33:14.512326,7910,SGD,KNN,bandit_selection
2026-05-14T10:33:14.808036,7918,KNN,HT,bandit_selection
2026-05-14T10:33:14.827948,7919,HT,KNN,bandit_selection
2026-05-14T10:33:15.085323,7929,KNN,SGD,bandit_selection
2026-05-14T10:33:15.114369,7930,SGD,KNN,bandit_selection
2026-05-14T10:33:15.238362,7934,KNN,SGD,bandit_selection
2026-05-14T10:33:15.254215,7935,SGD,KNN,bandit_selection
2026-05-14T10:33:16.017331,7956,KNN,HT,bandit_selection
2026-05-14T10:33:16.048385,7957,HT,KNN,bandit_selection
2026-05-14T10:33:16.519994,7972,KNN,HT,bandit_selection
2026-05-14T10:33:16.564621,7973,HT,KNN,bandit_selection
2026-05-14T10:33:16.887059,7982,KNN,SGD,bandit_selection
2026-05-14T10:33:16.915390,7983,SGD,KNN,bandit_selection
2026-05-14T10:33:17.053454,7987,KNN,HT,bandit_selection
2026-05-14T10:33:17.102361,7988,HT,KNN,bandit_selection
2026-05-14T10:33:17.291317,7993,KNN,SGD,bandit_selection
2026-05-14T10:33:17.317225,7994,SGD,KNN,bandit_selection
2026-05-14T10:33:19.119029,8052,KNN,HT,bandit_selection
2026-05-14T10:33:19.148232,8053,HT,KNN,bandit_selection
2026-05-14T10:33:19.227003,8055,KNN,HT,bandit_selection
2026-05-14T10:33:19.261194,8056,HT,KNN,bandit_selection
2026-05-14T10:33:19.793325,8071,KNN,HT,bandit_selection
2026-05-14T10:33:19.816835,8072,HT,KNN,bandit_selection
2026-05-14T10:33:20.079011,8080,KNN,HT,bandit_selection
2026-05-14T10:33:20.134672,8081,HT,KNN,bandit_selection
2026-05-14T10:33:21.601717,8123,KNN,SGD,bandit_selection
2026-05-14T10:33:21.631818,8124,SGD,KNN,bandit_selection
2026-05-14T10:33:21.714506,8126,KNN,SGD,bandit_selection
2026-05-14T10:33:21.788351,8127,SGD,KNN,bandit_selection
2026-05-14T10:33:22.321228,8141,KNN,HT,bandit_selection
2026-05-14T10:33:22.394914,8143,HT,KNN,bandit_selection
2026-05-14T10:33:22.790496,8152,KNN,HT,bandit_selection
2026-05-14T10:33:22.850545,8153,HT,KNN,bandit_selection
2026-05-14T10:33:23.235941,8165,KNN,SGD,bandit_selection
2026-05-14T10:33:23.271283,8166,SGD,KNN,bandit_selection
2026-05-14T10:33:23.510670,8172,KNN,HT,bandit_selection
2026-05-14T10:33:23.536972,8173,HT,KNN,bandit_selection
2026-05-14T10:33:23.882345,8182,KNN,HT,bandit_selection
2026-05-14T10:33:23.899983,8183,HT,SGD,bandit_selection
2026-05-14T10:33:23.912873,8184,SGD,KNN,bandit_selection
2026-05-14T10:33:24.048971,8187,KNN,SGD,bandit_selection
2026-05-14T10:33:24.073704,8188,SGD,KNN,bandit_selection
2026-05-14T10:33:25.082140,8218,KNN,SGD,bandit_selection
2026-05-14T10:33:25.105283,8219,SGD,KNN,bandit_selection
2026-05-14T10:33:25.202654,8222,KNN,HT,bandit_selection
2026-05-14T10:33:25.246798,8223,HT,KNN,bandit_selection
2026-05-14T10:33:25.484134,8229,KNN,SGD,bandit_selection
2026-05-14T10:33:25.532226,8230,SGD,KNN,bandit_selection
2026-05-14T10:33:25.902045,8241,KNN,HT,bandit_selection
2026-05-14T10:33:25.930921,8242,HT,KNN,bandit_selection
2026-05-14T10:33:26.488645,8256,KNN,SGD,bandit_selection
2026-05-14T10:33:26.542778,8257,SGD,KNN,bandit_selection
2026-05-14T10:33:26.792712,8265,KNN,HT,bandit_selection
2026-05-14T10:33:26.814519,8266,HT,KNN,bandit_selection
2026-05-14T10:33:28.582690,8314,KNN,SGD,bandit_selection
2026-05-14T10:33:28.612438,8315,SGD,KNN,bandit_selection
2026-05-14T10:33:28.814614,8321,KNN,SGD,bandit_selection
2026-05-14T10:33:28.856451,8322,SGD,KNN,bandit_selection
2026-05-14T10:33:29.022629,8328,KNN,SGD,bandit_selection
2026-05-14T10:33:29.065250,8330,SGD,KNN,bandit_selection
2026-05-14T10:33:29.287357,8336,KNN,HT,bandit_selection
2026-05-14T10:33:29.308757,8337,HT,KNN,bandit_selection
2026-05-14T10:33:29.407428,8341,KNN,SGD,bandit_selection
2026-05-14T10:33:29.437549,8342,SGD,KNN,bandit_selection
2026-05-14T10:33:29.640511,8349,KNN,HT,bandit_selection
2026-05-14T10:33:29.674085,8350,HT,KNN,bandit_selection
2026-05-14T10:33:31.969728,8419,KNN,SGD,bandit_selection
2026-05-14T10:33:31.995116,8420,SGD,KNN,bandit_selection
2026-05-14T10:33:32.029819,8421,KNN,HT,bandit_selection
2026-05-14T10:33:32.060352,8422,HT,KNN,bandit_selection
2026-05-14T10:33:33.834610,8470,KNN,HT,bandit_selection
2026-05-14T10:33:33.868560,8471,HT,KNN,bandit_selection
2026-05-14T10:33:34.230702,8484,KNN,HT,bandit_selection
2026-05-14T10:33:34.270107,8485,HT,KNN,bandit_selection
2026-05-14T10:33:34.505724,8491,KNN,HT,bandit_selection
2026-05-14T10:33:34.525638,8492,HT,KNN,bandit_selection
2026-05-14T10:33:34.613967,8495,KNN,SGD,bandit_selection
2026-05-14T10:33:34.643363,8496,SGD,KNN,bandit_selection
2026-05-14T10:33:35.491656,8511,KNN,HT,bandit_selection
2026-05-14T10:33:35.517806,8512,HT,KNN,bandit_selection
2026-05-14T10:33:35.682856,8517,KNN,HT,bandit_selection
2026-05-14T10:33:35.705122,8518,HT,KNN,bandit_selection
2026-05-14T10:33:35.805791,8522,KNN,SGD,bandit_selection
2026-05-14T10:33:35.832254,8523,SGD,KNN,bandit_selection
2026-05-14T10:33:36.110468,8529,KNN,SGD,bandit_selection
2026-05-14T10:33:36.183359,8530,SGD,KNN,bandit_selection
2026-05-14T10:33:37.182423,8563,KNN,HT,bandit_selection
2026-05-14T10:33:37.205368,8564,HT,KNN,bandit_selection
2026-05-14T10:33:37.423082,8571,KNN,SGD,bandit_selection
2026-05-14T10:33:37.490461,8572,SGD,HT,bandit_selection
2026-05-14T10:33:37.521836,8573,HT,KNN,bandit_selection
2026-05-14T10:33:37.623223,8577,KNN,HT,bandit_selection
2026-05-14T10:33:37.652776,8578,HT,KNN,bandit_selection
2026-05-14T10:33:38.244251,8596,KNN,SGD,bandit_selection
2026-05-14T10:33:38.268506,8597,SGD,KNN,bandit_selection
2026-05-14T10:33:38.712011,8605,KNN,HT,bandit_selection
2026-05-14T10:33:38.755414,8606,HT,KNN,bandit_selection
2026-05-14T10:33:39.153114,8614,KNN,HT,bandit_selection
2026-05-14T10:33:39.199491,8615,HT,SGD,bandit_selection
2026-05-14T10:33:39.241225,8616,SGD,KNN,bandit_selection
2026-05-14T10:33:40.197176,8641,KNN,SGD,bandit_selection
2026-05-14T10:33:40.223631,8642,SGD,KNN,bandit_selection
2026-05-14T10:33:40.265904,8643,KNN,HT,bandit_selection
2026-05-14T10:33:40.310234,8644,HT,KNN,bandit_selection
2026-05-14T10:33:41.387204,8673,KNN,SGD,bandit_selection
2026-05-14T10:33:41.413740,8674,SGD,KNN,bandit_selection
2026-05-14T10:33:41.841943,8682,KNN,SGD,bandit_selection
2026-05-14T10:33:41.881030,8683,SGD,KNN,bandit_selection
2026-05-14T10:33:42.293095,8693,KNN,SGD,bandit_selection
2026-05-14T10:33:42.349547,8694,SGD,KNN,bandit_selection
2026-05-14T10:33:43.514344,8721,KNN,HT,bandit_selection
2026-05-14T10:33:43.546975,8722,HT,KNN,bandit_selection
2026-05-14T10:33:44.065390,8738,KNN,SGD,bandit_selection
2026-05-14T10:33:44.091584,8739,SGD,KNN,bandit_selection
2026-05-14T10:33:44.257821,8744,KNN,SGD,bandit_selection
2026-05-14T10:33:44.284938,8745,SGD,HT,bandit_selection
2026-05-14T10:33:44.342370,8746,HT,KNN,bandit_selection
2026-05-14T10:33:45.848844,8781,KNN,SGD,bandit_selection
2026-05-14T10:33:45.873195,8782,SGD,KNN,bandit_selection
2026-05-14T10:33:46.509948,8802,KNN,SGD,bandit_selection
2026-05-14T10:33:46.542883,8803,SGD,KNN,bandit_selection
2026-05-14T10:33:46.899017,8814,KNN,HT,bandit_selection
2026-05-14T10:33:46.918140,8815,HT,KNN,bandit_selection
2026-05-14T10:33:47.390568,8830,KNN,SGD,bandit_selection
2026-05-14T10:33:47.422530,8831,SGD,KNN,bandit_selection
2026-05-14T10:33:48.433724,8861,KNN,HT,bandit_selection
2026-05-14T10:33:48.455449,8862,HT,KNN,bandit_selection
2026-05-14T10:33:48.987666,8881,KNN,SGD,bandit_selection
2026-05-14T10:33:49.038843,8882,SGD,KNN,bandit_selection
2026-05-14T10:33:49.955291,8910,KNN,HT,bandit_selection
2026-05-14T10:33:49.980311,8911,HT,KNN,bandit_selection
2026-05-14T10:33:50.387730,8924,KNN,SGD,bandit_selection
2026-05-14T10:33:50.409383,8925,SGD,KNN,bandit_selection
2026-05-14T10:33:50.584761,8931,KNN,HT,bandit_selection
2026-05-14T10:33:50.618342,8932,HT,KNN,bandit_selection
2026-05-14T10:33:51.028108,8944,KNN,HT,bandit_selection
2026-05-14T10:33:51.058790,8945,HT,KNN,bandit_selection
2026-05-14T10:33:51.783624,8967,KNN,HT,bandit_selection
2026-05-14T10:33:51.839773,8968,HT,KNN,bandit_selection
2026-05-14T10:33:51.912638,8970,KNN,HT,bandit_selection
2026-05-14T10:33:51.966084,8971,HT,KNN,bandit_selection
2026-05-14T10:33:52.841096,8992,KNN,HT,bandit_selection
2026-05-14T10:33:52.865821,8993,HT,KNN,bandit_selection
2026-05-14T10:33:53.218659,9001,KNN,HT,bandit_selection
2026-05-14T10:33:53.325807,9002,HT,KNN,bandit_selection
2026-05-14T10:33:53.358865,9003,KNN,HT,bandit_selection
2026-05-14T10:33:53.383682,9004,HT,KNN,bandit_selection
2026-05-14T10:33:53.969491,9020,KNN,HT,bandit_selection
2026-05-14T10:33:54.022060,9021,HT,KNN,bandit_selection
2026-05-14T10:33:54.117115,9023,KNN,HT,bandit_selection
2026-05-14T10:33:54.147129,9024,HT,KNN,bandit_selection
2026-05-14T10:33:54.311022,9028,KNN,SGD,bandit_selection
2026-05-14T10:33:54.338037,9029,SGD,KNN,bandit_selection
2026-05-14T10:33:54.664274,9037,KNN,HT,bandit_selection
2026-05-14T10:33:54.695789,9038,HT,KNN,bandit_selection
2026-05-14T10:33:55.096279,9050,KNN,HT,bandit_selection
2026-05-14T10:33:55.115323,9051,HT,KNN,bandit_selection
2026-05-14T10:33:55.946930,9074,KNN,HT,bandit_selection
2026-05-14T10:33:55.976172,9075,HT,KNN,bandit_selection
2026-05-14T10:33:56.422457,9085,KNN,HT,bandit_selection
2026-05-14T10:33:56.444234,9086,HT,KNN,bandit_selection
2026-05-14T10:33:56.464858,9087,KNN,HT,bandit_selection
2026-05-14T10:33:56.476728,9088,HT,KNN,bandit_selection
2026-05-14T10:33:57.052453,9105,KNN,SGD,bandit_selection
2026-05-14T10:33:57.582459,9117,SGD,HT,bandit_selection
2026-05-14T10:33:57.614248,9118,HT,SGD,bandit_selection
2026-05-14T10:33:58.061534,9131,SGD,KNN,bandit_selection
2026-05-14T10:33:58.083523,9132,KNN,SGD,bandit_selection
2026-05-14T10:33:58.135461,9133,SGD,HT,bandit_selection
2026-05-14T10:33:58.183404,9134,HT,KNN,bandit_selection
2026-05-14T10:33:58.223374,9135,KNN,SGD,bandit_selection
2026-05-14T10:33:58.716311,9149,SGD,HT,bandit_selection
2026-05-14T10:33:58.742873,9150,HT,KNN,bandit_selection
2026-05-14T10:33:58.762968,9151,KNN,SGD,bandit_selection
2026-05-14T10:33:59.752368,9179,SGD,HT,bandit_selection
2026-05-14T10:33:59.781987,9180,HT,SGD,bandit_selection
2026-05-14T10:33:59.908671,9184,SGD,KNN,bandit_selection
2026-05-14T10:33:59.947821,9185,KNN,SGD,bandit_selection
2026-05-14T10:34:00.481414,9201,SGD,KNN,bandit_selection
2026-05-14T10:34:00.515525,9202,KNN,SGD,bandit_selection
2026-05-14T10:34:00.882273,9212,SGD,HT,bandit_selection
2026-05-14T10:34:00.913978,9213,HT,SGD,bandit_selection
2026-05-14T10:34:00.937325,9214,SGD,KNN,bandit_selection
2026-05-14T10:34:00.968268,9215,KNN,SGD,bandit_selection
2026-05-14T10:34:01.260879,9222,SGD,KNN,bandit_selection
2026-05-14T10:34:01.297267,9223,KNN,SGD,bandit_selection
2026-05-14T10:34:01.533600,9230,SGD,HT,bandit_selection
2026-05-14T10:34:01.565264,9231,HT,SGD,bandit_selection
2026-05-14T10:34:01.884347,9239,SGD,HT,bandit_selection
2026-05-14T10:34:01.919072,9240,HT,SGD,bandit_selection
2026-05-14T10:34:01.961754,9241,SGD,HT,bandit_selection
2026-05-14T10:34:02.000008,9242,HT,SGD,bandit_selection
2026-05-14T10:34:02.712991,9258,SGD,HT,bandit_selection
2026-05-14T10:34:02.743476,9259,HT,SGD,bandit_selection
2026-05-14T10:34:02.859883,9262,SGD,KNN,bandit_selection
2026-05-14T10:34:02.883054,9263,KNN,SGD,bandit_selection
2026-05-14T10:34:03.204902,9274,SGD,HT,bandit_selection
2026-05-14T10:34:03.238097,9275,HT,SGD,bandit_selection
2026-05-14T10:34:03.560116,9282,SGD,KNN,bandit_selection
2026-05-14T10:34:03.625500,9283,KNN,SGD,bandit_selection
2026-05-14T10:34:03.976261,9294,SGD,KNN,bandit_selection
2026-05-14T10:34:03.997797,9295,KNN,SGD,bandit_selection
2026-05-14T10:34:04.050963,9296,SGD,KNN,bandit_selection
2026-05-14T10:34:04.078305,9297,KNN,SGD,bandit_selection
2026-05-14T10:34:04.821231,9318,SGD,HT,bandit_selection
2026-05-14T10:34:04.857066,9319,HT,SGD,bandit_selection
2026-05-14T10:34:05.343324,9330,SGD,KNN,bandit_selection
2026-05-14T10:34:05.364297,9331,KNN,SGD,bandit_selection
2026-05-14T10:34:05.827209,9345,SGD,HT,bandit_selection
2026-05-14T10:34:05.850347,9346,HT,SGD,bandit_selection
2026-05-14T10:34:06.302650,9358,SGD,HT,bandit_selection
2026-05-14T10:34:06.321590,9359,HT,SGD,bandit_selection
2026-05-14T10:34:08.613067,9422,SGD,HT,bandit_selection
2026-05-14T10:34:08.657004,9423,HT,SGD,bandit_selection
2026-05-14T10:34:08.706287,9424,SGD,HT,bandit_selection
2026-05-14T10:34:08.750520,9425,HT,SGD,bandit_selection
2026-05-14T10:34:09.645794,9449,SGD,KNN,bandit_selection
2026-05-14T10:34:09.699646,9450,KNN,SGD,bandit_selection
2026-05-14T10:34:09.983638,9458,SGD,HT,bandit_selection
2026-05-14T10:34:10.012923,9459,HT,SGD,bandit_selection
2026-05-14T10:34:10.900790,9485,SGD,HT,bandit_selection
2026-05-14T10:34:10.928257,9486,HT,SGD,bandit_selection
2026-05-14T10:34:11.491589,9505,SGD,HT,bandit_selection
2026-05-14T10:34:11.556824,9506,HT,SGD,bandit_selection
2026-05-14T10:34:11.919414,9514,SGD,KNN,bandit_selection
2026-05-14T10:34:11.950491,9515,KNN,SGD,bandit_selection
2026-05-14T10:34:12.414835,9526,SGD,HT,bandit_selection
2026-05-14T10:34:12.447656,9527,HT,KNN,bandit_selection
2026-05-14T10:34:12.480314,9528,KNN,SGD,bandit_selection
2026-05-14T10:34:12.741050,9536,SGD,KNN,bandit_selection
2026-05-14T10:34:12.792461,9537,KNN,SGD,bandit_selection
2026-05-14T10:34:12.916736,9541,SGD,HT,bandit_selection
2026-05-14T10:34:12.944911,9542,HT,SGD,bandit_selection
2026-05-14T10:34:14.580762,9587,SGD,KNN,bandit_selection
2026-05-14T10:34:14.641124,9588,KNN,SGD,bandit_selection
2026-05-14T10:34:15.405023,9605,SGD,KNN,bandit_selection
2026-05-14T10:34:15.432911,9606,KNN,SGD,bandit_selection
2026-05-14T10:34:15.495226,9608,SGD,HT,bandit_selection
2026-05-14T10:34:15.551326,9609,HT,SGD,bandit_selection
2026-05-14T10:34:16.264298,9629,SGD,KNN,bandit_selection
2026-05-14T10:34:16.290383,9630,KNN,SGD,bandit_selection
2026-05-14T10:34:16.315972,9631,SGD,HT,bandit_selection
2026-05-14T10:34:16.360111,9632,HT,SGD,bandit_selection
2026-05-14T10:34:17.582619,9670,SGD,HT,bandit_selection
2026-05-14T10:34:17.680011,9671,HT,SGD,bandit_selection
2026-05-14T10:34:18.106683,9682,SGD,KNN,bandit_selection
2026-05-14T10:34:18.132968,9683,KNN,SGD,bandit_selection
2026-05-14T10:34:18.909739,9702,SGD,KNN,bandit_selection
2026-05-14T10:34:18.933652,9703,KNN,SGD,bandit_selection
2026-05-14T10:34:19.079623,9709,SGD,HT,bandit_selection
2026-05-14T10:34:19.103832,9710,HT,SGD,bandit_selection
2026-05-14T10:34:19.252543,9714,SGD,HT,bandit_selection
2026-05-14T10:34:19.273783,9715,HT,SGD,bandit_selection
2026-05-14T10:34:19.354198,9717,SGD,HT,bandit_selection
2026-05-14T10:34:19.397230,9718,HT,SGD,bandit_selection
2026-05-14T10:34:19.671415,9724,SGD,HT,bandit_selection
2026-05-14T10:34:19.697662,9725,HT,SGD,bandit_selection
2026-05-14T10:34:20.694364,9755,SGD,HT,bandit_selection
2026-05-14T10:34:20.719893,9756,HT,SGD,bandit_selection
2026-05-14T10:34:20.965777,9764,SGD,KNN,bandit_selection
2026-05-14T10:34:21.029522,9765,KNN,SGD,bandit_selection
2026-05-14T10:34:21.467107,9777,SGD,KNN,bandit_selection
2026-05-14T10:34:21.485192,9778,KNN,SGD,bandit_selection
2026-05-14T10:34:21.746333,9786,SGD,KNN,bandit_selection
2026-05-14T10:34:21.774391,9787,KNN,SGD,bandit_selection
2026-05-14T10:34:22.051511,9795,SGD,HT,bandit_selection
2026-05-14T10:34:22.096395,9796,HT,SGD,bandit_selection
2026-05-14T10:34:22.719292,9814,SGD,HT,bandit_selection
2026-05-14T10:34:22.788178,9815,HT,SGD,bandit_selection
2026-05-14T10:34:23.670724,9837,SGD,HT,bandit_selection
2026-05-14T10:34:23.703675,9838,HT,SGD,bandit_selection
2026-05-14T10:34:24.023462,9844,SGD,KNN,bandit_selection
2026-05-14T10:34:24.055377,9845,KNN,SGD,bandit_selection
2026-05-14T10:34:26.044349,9899,SGD,HT,bandit_selection
2026-05-14T10:34:26.092824,9900,HT,SGD,bandit_selection
2026-05-14T10:34:27.252121,9934,SGD,HT,bandit_selection
2026-05-14T10:34:27.282507,9935,HT,SGD,bandit_selection
2026-05-14T10:34:27.604547,9943,SGD,HT,bandit_selection
2026-05-14T10:34:27.637302,9944,HT,SGD,bandit_selection
2026-05-14T10:34:27.669844,9945,SGD,KNN,bandit_selection
2026-05-14T10:34:27.750362,9947,KNN,SGD,bandit_selection
2026-05-14T10:34:27.886653,9950,SGD,HT,bandit_selection
2026-05-14T10:34:27.946066,9952,HT,SGD,bandit_selection
2026-05-14T10:34:28.036239,9955,SGD,KNN,bandit_selection
2026-05-14T10:34:28.078243,9956,KNN,SGD,bandit_selection
2026-05-14T10:34:28.475033,9968,SGD,HT,bandit_selection
2026-05-14T10:34:28.511362,9969,HT,SGD,bandit_selection
2026-05-14T10:34:28.768321,9977,SGD,HT,bandit_selection
2026-05-14T10:34:28.790037,9978,HT,SGD,bandit_selection
2026-05-14T10:34:29.130232,9989,SGD,KNN,bandit_selection
2026-05-14T10:34:29.168732,9990,KNN,SGD,bandit_selection
2026-05-14T10:34:29.891867,10009,SGD,KNN,bandit_selection
2026-05-14T10:34:29.920228,10010,KNN,SGD,bandit_selection
2026-05-14T10:34:30.556160,10026,SGD,KNN,bandit_selection
2026-05-14T10:34:30.581474,10027,KNN,SGD,bandit_selection
2026-05-14T10:34:31.044993,10039,SGD,HT,bandit_selection
2026-05-14T10:34:31.074201,10040,HT,SGD,bandit_selection
2026-05-14T10:34:32.904576,10099,SGD,HT,bandit_selection
2026-05-14T10:34:32.929142,10100,HT,SGD,bandit_selection
2026-05-14T10:34:34.260873,10137,SGD,HT,bandit_selection
2026-05-14T10:34:34.293388,10138,HT,SGD,bandit_selection
2026-05-14T10:34:34.398220,10141,SGD,HT,bandit_selection
2026-05-14T10:34:34.423158,10142,HT,SGD,bandit_selection
2026-05-14T10:34:34.442379,10143,SGD,KNN,bandit_selection
2026-05-14T10:34:34.482823,10144,KNN,SGD,bandit_selection
2026-05-14T10:34:36.079985,10195,SGD,KNN,bandit_selection
2026-05-14T10:34:36.103312,10196,KNN,SGD,bandit_selection
2026-05-14T10:34:36.508675,10210,SGD,HT,bandit_selection
2026-05-14T10:34:36.526776,10211,HT,SGD,bandit_selection
2026-05-14T10:34:37.300802,10234,SGD,HT,bandit_selection
2026-05-14T10:34:37.311941,10235,HT,SGD,bandit_selection
2026-05-14T10:34:37.401045,10237,SGD,KNN,bandit_selection
2026-05-14T10:34:37.421550,10238,KNN,SGD,bandit_selection
2026-05-14T10:34:38.605406,10273,SGD,KNN,bandit_selection
2026-05-14T10:34:38.665733,10274,KNN,SGD,bandit_selection
2026-05-14T10:34:39.025356,10284,SGD,KNN,bandit_selection
2026-05-14T10:34:39.046711,10285,KNN,SGD,bandit_selection
2026-05-14T10:34:39.320771,10293,SGD,KNN,bandit_selection
2026-05-14T10:34:39.374620,10294,KNN,SGD,bandit_selection
2026-05-14T10:34:39.879400,10306,SGD,HT,bandit_selection
2026-05-14T10:34:39.911294,10307,HT,SGD,bandit_selection
2026-05-14T10:34:40.313233,10318,SGD,HT,bandit_selection
2026-05-14T10:34:40.338875,10319,HT,SGD,bandit_selection
2026-05-14T10:34:40.545764,10326,SGD,KNN,bandit_selection
2026-05-14T10:34:40.608264,10327,KNN,SGD,bandit_selection
2026-05-14T10:34:41.214907,10343,SGD,KNN,bandit_selection
2026-05-14T10:34:41.264718,10344,KNN,SGD,bandit_selection
2026-05-14T10:34:41.444566,10348,SGD,KNN,bandit_selection
2026-05-14T10:34:41.501734,10349,KNN,SGD,bandit_selection
2026-05-14T10:34:41.552976,10351,SGD,HT,bandit_selection
2026-05-14T10:34:41.591744,10352,HT,SGD,bandit_selection
2026-05-14T10:34:41.995498,10364,SGD,HT,bandit_selection
2026-05-14T10:34:42.019373,10365,HT,SGD,bandit_selection
2026-05-14T10:34:42.066052,10366,SGD,HT,bandit_selection
2026-05-14T10:34:42.098207,10367,HT,SGD,bandit_selection
2026-05-14T10:34:43.079019,10394,SGD,HT,bandit_selection
2026-05-14T10:34:43.142229,10396,HT,SGD,bandit_selection
2026-05-14T10:34:44.037776,10421,SGD,KNN,bandit_selection
2026-05-14T10:34:44.061153,10422,KNN,SGD,bandit_selection
2026-05-14T10:34:45.261983,10458,SGD,KNN,bandit_selection
2026-05-14T10:34:45.293731,10459,KNN,SGD,bandit_selection
2026-05-14T10:34:46.477670,10493,SGD,KNN,bandit_selection
2026-05-14T10:34:46.512608,10494,KNN,SGD,bandit_selection
2026-05-14T10:34:47.415054,10519,SGD,KNN,bandit_selection
2026-05-14T10:34:47.441120,10520,KNN,SGD,bandit_selection
2026-05-14T10:34:48.405311,10544,SGD,HT,bandit_selection
2026-05-14T10:34:48.440441,10545,HT,SGD,bandit_selection
2026-05-14T10:34:48.659538,10551,SGD,HT,bandit_selection
2026-05-14T10:34:48.702596,10552,HT,SGD,bandit_selection
2026-05-14T10:34:48.823092,10555,SGD,HT,bandit_selection
2026-05-14T10:34:48.847649,10556,HT,SGD,bandit_selection
2026-05-14T10:34:48.964565,10568,SGD,HT,bandit_selection
2026-05-14T10:34:48.975965,10569,HT,SGD,bandit_selection
2026-05-14T10:34:49.314919,10594,SGD,KNN,bandit_selection
2026-05-14T10:34:49.326749,10595,KNN,SGD,bandit_selection
2026-05-14T10:34:49.664494,10627,SGD,KNN,bandit_selection
2026-05-14T10:34:49.672226,10628,KNN,SGD,bandit_selection
2026-05-14T10:34:49.824698,10641,SGD,KNN,bandit_selection
2026-05-14T10:34:49.836615,10642,KNN,SGD,bandit_selection
2026-05-14T10:34:49.938336,10654,SGD,KNN,bandit_selection
2026-05-14T10:34:49.943996,10655,KNN,SGD,bandit_selection
2026-05-14T10:34:50.047427,10667,SGD,HT,bandit_selection
2026-05-14T10:34:50.056043,10668,HT,SGD,bandit_selection
2026-05-14T10:34:50.063886,10669,SGD,KNN,bandit_selection
2026-05-14T10:34:50.073288,10670,KNN,SGD,bandit_selection
2026-05-14T10:34:50.173171,10683,SGD,HT,bandit_selection
2026-05-14T10:34:50.181991,10684,HT,SGD,bandit_selection
2026-05-14T10:34:50.254092,10689,SGD,KNN,bandit_selection
2026-05-14T10:34:50.264095,10690,KNN,SGD,bandit_selection
2026-05-14T10:34:50.409878,10706,SGD,HT,bandit_selection
2026-05-14T10:34:50.422342,10707,HT,SGD,bandit_selection
2026-05-14T10:34:50.889022,10747,SGD,HT,bandit_selection
2026-05-14T10:34:50.907448,10748,HT,SGD,bandit_selection
2026-05-14T10:34:51.190164,10772,SGD,HT,bandit_selection
2026-05-14T10:34:51.195778,10773,HT,SGD,bandit_selection
2026-05-14T10:34:51.344527,10783,SGD,HT,bandit_selection
2026-05-14T10:34:51.368072,10785,HT,SGD,bandit_selection
2026-05-14T10:34:51.488486,10799,SGD,KNN,bandit_selection
2026-05-14T10:34:51.500945,10800,KNN,SGD,bandit_selection
2026-05-14T10:34:51.506694,10801,SGD,KNN,bandit_selection
2026-05-14T10:34:51.511509,10802,KNN,SGD,bandit_selection
2026-05-14T10:34:51.528633,10805,SGD,KNN,bandit_selection
2026-05-14T10:34:51.537759,10806,KNN,SGD,bandit_selection
2026-05-14T10:34:51.548579,10808,SGD,HT,bandit_selection
2026-05-14T10:34:51.555242,10809,HT,SGD,bandit_selection
2026-05-14T10:34:51.609957,10813,SGD,HT,bandit_selection
2026-05-14T10:34:51.618614,10814,HT,SGD,bandit_selection
2026-05-14T10:34:51.692313,10824,SGD,HT,bandit_selection
2026-05-14T10:34:51.700164,10825,HT,SGD,bandit_selection
2026-05-14T10:34:51.707439,10826,SGD,KNN,bandit_selection
2026-05-14T10:34:51.715184,10827,KNN,SGD,bandit_selection
2026-05-14T10:34:51.725677,10828,SGD,HT,bandit_selection
2026-05-14T10:34:51.731133,10829,HT,SGD,bandit_selection
2026-05-14T10:34:51.917602,10850,SGD,HT,bandit_selection
2026-05-14T10:34:51.923697,10851,HT,SGD,bandit_selection
2026-05-14T10:34:51.929668,10852,SGD,HT,bandit_selection
2026-05-14T10:34:51.938403,10853,HT,SGD,bandit_selection
2026-05-14T10:34:51.954251,10855,SGD,KNN,bandit_selection
2026-05-14T10:34:51.959547,10856,KNN,SGD,bandit_selection
2026-05-14T10:34:51.966702,10857,SGD,HT,bandit_selection
2026-05-14T10:34:51.983139,10858,HT,SGD,bandit_selection
2026-05-14T10:34:52.011190,10862,SGD,HT,bandit_selection
2026-05-14T10:34:52.020319,10863,HT,SGD,bandit_selection
2026-05-14T10:34:52.206194,10877,SGD,KNN,bandit_selection
2026-05-14T10:34:52.215740,10878,KNN,SGD,bandit_selection
2026-05-14T10:34:52.416702,10897,SGD,KNN,bandit_selection
2026-05-14T10:34:52.427691,10898,KNN,SGD,bandit_selection
2026-05-14T10:34:52.538746,10913,SGD,KNN,bandit_selection
2026-05-14T10:34:52.544454,10914,KNN,SGD,bandit_selection
2026-05-14T10:34:52.753510,10933,SGD,KNN,bandit_selection
2026-05-14T10:34:52.764021,10934,KNN,SGD,bandit_selection
2026-05-14T10:34:53.164734,10978,SGD,SGD,derive_PageHinkley
2026-05-14T10:34:53.165354,10979,SGD,HT,bandit_selection
2026-05-14T10:34:53.247423,10987,HT,SGD,bandit_selection
2026-05-14T10:34:53.294449,10990,SGD,HT,bandit_selection
2026-05-14T10:34:53.310291,10992,HT,SGD,bandit_selection
2026-05-14T10:34:53.321975,10993,SGD,HT,bandit_selection
2026-05-14T10:34:53.344912,10997,HT,KNN,bandit_selection
2026-05-14T10:34:53.353860,10998,KNN,HT,bandit_selection
2026-05-14T10:34:53.470531,11008,HT,SGD,bandit_selection
2026-05-14T10:34:53.609159,11019,SGD,HT,bandit_selection
2026-05-14T10:34:53.617117,11020,HT,SGD,bandit_selection
2026-05-14T10:34:53.639198,11023,SGD,HT,bandit_selection
2026-05-14T10:34:53.644155,11024,HT,SGD,bandit_selection
2026-05-14T10:34:53.670680,11026,SGD,KNN,bandit_selection
2026-05-14T10:34:53.690450,11027,KNN,SGD,bandit_selection
2026-05-14T10:34:53.705684,11029,SGD,HT,bandit_selection
2026-05-14T10:34:53.710837,11030,HT,SGD,bandit_selection
2026-05-14T10:34:53.787596,11037,SGD,HT,bandit_selection
2026-05-14T10:34:53.803405,11038,HT,SGD,bandit_selection
2026-05-14T10:34:53.818966,11040,SGD,KNN,bandit_selection
2026-05-14T10:34:53.826347,11041,KNN,SGD,bandit_selection
2026-05-14T10:34:54.002106,11051,SGD,HT,bandit_selection
2026-05-14T10:34:54.018833,11052,HT,SGD,bandit_selection
2026-05-14T10:34:54.170806,11065,SGD,HT,bandit_selection
2026-05-14T10:34:54.181574,11066,HT,SGD,bandit_selection
2026-05-14T10:34:54.223712,11071,SGD,HT,bandit_selection
2026-05-14T10:34:54.254333,11072,HT,SGD,bandit_selection
2026-05-14T10:34:54.529030,11097,SGD,HT,bandit_selection
2026-05-14T10:34:54.545533,11098,HT,KNN,bandit_selection
2026-05-14T10:34:54.552969,11099,KNN,HT,bandit_selection
2026-05-14T10:34:54.566509,11100,HT,SGD,bandit_selection
2026-05-14T10:34:54.598424,11104,SGD,KNN,bandit_selection
2026-05-14T10:34:54.604565,11105,KNN,SGD,bandit_selection
2026-05-14T10:34:54.623758,11107,SGD,KNN,bandit_selection
2026-05-14T10:34:54.630877,11108,KNN,SGD,bandit_selection
2026-05-14T10:34:54.681635,11113,SGD,KNN,bandit_selection
2026-05-14T10:34:54.691356,11114,KNN,SGD,bandit_selection
2026-05-14T10:34:54.705869,11116,SGD,HT,bandit_selection
2026-05-14T10:34:54.713855,11117,HT,SGD,bandit_selection
2026-05-14T10:34:54.722208,11118,SGD,KNN,bandit_selection
2026-05-14T10:34:54.738642,11119,KNN,SGD,bandit_selection
2026-05-14T10:34:54.842477,11126,SGD,KNN,bandit_selection
2026-05-14T10:34:54.857464,11127,KNN,SGD,bandit_selection
2026-05-14T10:34:54.884562,11129,SGD,HT,bandit_selection
2026-05-14T10:34:54.896176,11130,HT,SGD,bandit_selection
2026-05-14T10:34:55.069780,11142,SGD,HT,bandit_selection
2026-05-14T10:34:55.082290,11143,HT,SGD,bandit_selection
2026-05-14T10:34:55.212281,11155,SGD,HT,bandit_selection
2026-05-14T10:34:55.218977,11156,HT,SGD,bandit_selection
2026-05-14T10:34:55.443942,11177,SGD,HT,bandit_selection
2026-05-14T10:34:55.453819,11178,HT,SGD,bandit_selection
2026-05-14T10:34:55.780732,11207,SGD,HT,bandit_selection
2026-05-14T10:34:55.797229,11208,HT,SGD,bandit_selection
2026-05-14T10:34:55.804925,11209,SGD,HT,bandit_selection
2026-05-14T10:34:55.811277,11210,HT,SGD,bandit_selection
2026-05-14T10:34:55.827110,11211,SGD,KNN,bandit_selection
2026-05-14T10:34:55.835918,11212,KNN,SGD,bandit_selection
2026-05-14T10:34:55.882594,11215,SGD,KNN,bandit_selection
2026-05-14T10:34:55.893137,11216,KNN,SGD,bandit_selection
2026-05-14T10:34:56.219739,11251,SGD,KNN,bandit_selection
2026-05-14T10:34:56.229715,11252,KNN,SGD,bandit_selection
2026-05-14T10:34:56.491283,11276,SGD,KNN,bandit_selection
2026-05-14T10:34:56.497106,11277,KNN,SGD,bandit_selection
2026-05-14T10:34:56.643017,11293,SGD,KNN,bandit_selection
2026-05-14T10:34:56.649725,11294,KNN,SGD,bandit_selection
2026-05-14T10:34:56.756409,11303,SGD,KNN,bandit_selection
2026-05-14T10:34:56.763491,11304,KNN,SGD,bandit_selection
2026-05-14T10:34:56.798361,11308,SGD,HT,bandit_selection
2026-05-14T10:34:56.817312,11309,HT,SGD,bandit_selection
2026-05-14T10:34:56.972852,11326,SGD,KNN,bandit_selection
2026-05-14T10:34:56.993446,11327,KNN,SGD,bandit_selection
2026-05-14T10:34:57.198550,11348,SGD,KNN,bandit_selection
2026-05-14T10:34:57.211666,11349,KNN,SGD,bandit_selection
2026-05-14T10:34:57.325616,11363,SGD,KNN,bandit_selection
2026-05-14T10:34:57.383293,11365,KNN,HT,bandit_selection
2026-05-14T10:34:57.390999,11366,HT,KNN,bandit_selection
2026-05-14T10:34:57.441453,11371,KNN,HT,bandit_selection
2026-05-14T10:34:57.449353,11372,HT,KNN,bandit_selection
2026-05-14T10:34:57.482521,11376,KNN,SGD,bandit_selection
2026-05-14T10:34:57.490697,11377,SGD,KNN,bandit_selection
2026-05-14T10:34:57.564203,11385,KNN,HT,bandit_selection
2026-05-14T10:34:57.572543,11386,HT,KNN,bandit_selection
2026-05-14T10:34:57.786440,11404,KNN,SGD,bandit_selection
2026-05-14T10:34:57.809214,11407,SGD,KNN,bandit_selection
2026-05-14T10:34:57.945748,11416,KNN,SGD,bandit_selection
2026-05-14T10:34:58.095164,11430,SGD,HT,bandit_selection
2026-05-14T10:34:58.109107,11431,HT,KNN,bandit_selection
2026-05-14T10:34:58.219681,11438,KNN,HT,bandit_selection
2026-05-14T10:34:58.228366,11439,HT,KNN,bandit_selection
2026-05-14T10:34:58.333860,11450,KNN,SGD,bandit_selection
2026-05-14T10:34:58.344585,11451,SGD,KNN,bandit_selection
2026-05-14T10:34:58.409044,11457,KNN,HT,bandit_selection
2026-05-14T10:34:58.432077,11458,HT,KNN,bandit_selection
2026-05-14T10:34:58.452903,11460,KNN,HT,bandit_selection
2026-05-14T10:34:58.464403,11461,HT,KNN,bandit_selection
2026-05-14T10:34:58.625227,11475,KNN,HT,bandit_selection
2026-05-14T10:34:58.642281,11476,HT,KNN,bandit_selection
2026-05-14T10:34:58.657094,11477,KNN,SGD,bandit_selection
2026-05-14T10:34:58.691612,11478,SGD,KNN,bandit_selection
2026-05-14T10:34:58.723997,11482,KNN,SGD,bandit_selection
2026-05-14T10:34:58.728657,11483,SGD,KNN,bandit_selection
2026-05-14T10:34:59.158014,11520,KNN,HT,bandit_selection
2026-05-14T10:34:59.189979,11521,HT,KNN,bandit_selection
2026-05-14T10:34:59.603669,11557,KNN,HT,bandit_selection
2026-05-14T10:34:59.612432,11558,HT,KNN,bandit_selection
2026-05-14T10:34:59.658698,11564,KNN,SGD,bandit_selection
2026-05-14T10:34:59.662712,11565,SGD,KNN,bandit_selection
2026-05-14T10:34:59.818592,11575,KNN,HT,bandit_selection
2026-05-14T10:34:59.839355,11576,HT,KNN,bandit_selection
2026-05-14T10:34:59.953704,11584,KNN,HT,bandit_selection
2026-05-14T10:34:59.975337,11585,HT,KNN,bandit_selection
2026-05-14T10:35:00.077181,11594,KNN,HT,bandit_selection
2026-05-14T10:35:00.085527,11595,HT,KNN,bandit_selection
2026-05-14T10:35:00.101147,11597,KNN,SGD,bandit_selection
2026-05-14T10:35:00.124719,11598,SGD,KNN,bandit_selection
2026-05-14T10:35:00.222120,11609,KNN,SGD,bandit_selection
2026-05-14T10:35:00.229123,11610,SGD,KNN,bandit_selection
2026-05-14T10:35:00.259545,11614,KNN,SGD,bandit_selection
2026-05-14T10:35:00.276526,11615,SGD,KNN,bandit_selection
2026-05-14T10:35:00.364077,11627,KNN,HT,bandit_selection
2026-05-14T10:35:00.371388,11628,HT,KNN,bandit_selection
2026-05-14T10:35:00.526163,11644,KNN,SGD,bandit_selection
2026-05-14T10:35:00.540643,11645,SGD,KNN,bandit_selection
2026-05-14T10:35:00.807072,11661,KNN,SGD,bandit_selection
2026-05-14T10:35:00.821984,11662,SGD,KNN,bandit_selection
2026-05-14T10:35:01.098580,11686,KNN,HT,bandit_selection
2026-05-14T10:35:01.119511,11688,HT,KNN,bandit_selection
2026-05-14T10:35:01.452041,11725,KNN,HT,bandit_selection
2026-05-14T10:35:01.460771,11726,HT,KNN,bandit_selection
2026-05-14T10:35:01.778228,11754,KNN,HT,bandit_selection
2026-05-14T10:35:01.788063,11755,HT,KNN,bandit_selection
2026-05-14T10:35:01.982658,11778,KNN,HT,bandit_selection
2026-05-14T10:35:01.989873,11779,HT,KNN,bandit_selection
2026-05-14T10:35:02.104713,11792,KNN,SGD,bandit_selection
2026-05-14T10:35:02.655759,11846,SGD,HT,bandit_selection
2026-05-14T10:35:02.662871,11847,HT,SGD,bandit_selection
2026-05-14T10:35:02.881670,11869,SGD,KNN,bandit_selection
2026-05-14T10:35:02.891856,11870,KNN,SGD,bandit_selection
2026-05-14T10:35:03.372590,11909,SGD,KNN,bandit_selection
2026-05-14T10:35:03.381190,11910,KNN,SGD,bandit_selection
2026-05-14T10:35:03.495665,11923,SGD,HT,bandit_selection
2026-05-14T10:35:03.518634,11924,HT,SGD,bandit_selection
2026-05-14T10:35:03.591921,11931,SGD,HT,bandit_selection
2026-05-14T10:35:03.608372,11933,HT,SGD,bandit_selection
2026-05-14T10:35:03.637811,11934,SGD,KNN,bandit_selection
2026-05-14T10:35:03.648686,11935,KNN,SGD,bandit_selection
2026-05-14T10:35:03.847492,11949,SGD,KNN,bandit_selection
2026-05-14T10:35:03.855300,11950,KNN,SGD,bandit_selection
2026-05-14T10:35:03.998942,11965,SGD,KNN,bandit_selection
2026-05-14T10:35:04.007347,11966,KNN,SGD,bandit_selection
2026-05-14T10:35:04.153946,11981,SGD,KNN,bandit_selection
2026-05-14T10:35:04.161179,11982,KNN,SGD,bandit_selection
2026-05-14T10:35:04.171939,11984,SGD,KNN,bandit_selection
2026-05-14T10:35:04.179013,11985,KNN,SGD,bandit_selection
2026-05-14T10:35:04.432479,12008,SGD,KNN,bandit_selection
2026-05-14T10:35:04.452391,12009,KNN,SGD,bandit_selection
2026-05-14T10:35:04.593080,12025,SGD,HT,bandit_selection
2026-05-14T10:35:04.604993,12026,HT,SGD,bandit_selection
2026-05-14T10:35:04.795622,12045,SGD,HT,bandit_selection
2026-05-14T10:35:04.809745,12046,HT,SGD,bandit_selection
2026-05-14T10:35:04.910805,12055,SGD,HT,bandit_selection
2026-05-14T10:35:04.920788,12057,HT,SGD,bandit_selection
2026-05-14T10:35:05.040894,12070,SGD,HT,bandit_selection
2026-05-14T10:35:05.044666,12071,HT,SGD,bandit_selection
2026-05-14T10:35:05.122261,12078,SGD,HT,bandit_selection
2026-05-14T10:35:05.129361,12079,HT,SGD,bandit_selection
2026-05-14T10:35:05.278240,12092,SGD,KNN,bandit_selection
2026-05-14T10:35:05.282544,12093,KNN,SGD,bandit_selection
2026-05-14T10:35:05.293314,12094,SGD,HT,bandit_selection
2026-05-14T10:35:05.311766,12095,HT,SGD,bandit_selection
2026-05-14T10:35:05.601329,12114,SGD,KNN,bandit_selection
2026-05-14T10:35:05.609825,12115,KNN,SGD,bandit_selection
2026-05-14T10:35:05.655533,12119,SGD,HT,bandit_selection
2026-05-14T10:35:05.660380,12120,HT,SGD,bandit_selection
2026-05-14T10:35:05.822015,12135,SGD,HT,bandit_selection
2026-05-14T10:35:05.836381,12136,HT,SGD,bandit_selection
2026-05-14T10:35:06.417966,12198,SGD,HT,bandit_selection
2026-05-14T10:35:06.430744,12199,HT,SGD,bandit_selection
2026-05-14T10:35:06.480136,12204,SGD,KNN,bandit_selection
2026-05-14T10:35:06.494197,12205,KNN,SGD,bandit_selection
2026-05-14T10:35:06.623797,12219,SGD,HT,bandit_selection
2026-05-14T10:35:06.633546,12220,HT,SGD,bandit_selection
2026-05-14T10:35:06.648129,12221,SGD,HT,bandit_selection
2026-05-14T10:35:06.657146,12222,HT,SGD,bandit_selection
2026-05-14T10:35:06.856704,12242,SGD,KNN,bandit_selection
2026-05-14T10:35:06.863026,12243,KNN,SGD,bandit_selection
2026-05-14T10:35:06.930353,12251,SGD,KNN,bandit_selection
2026-05-14T10:35:06.939150,12252,KNN,HT,bandit_selection
2026-05-14T10:35:06.947239,12253,HT,SGD,bandit_selection
2026-05-14T10:35:07.188399,12278,SGD,KNN,bandit_selection
2026-05-14T10:35:07.193579,12279,KNN,SGD,bandit_selection
2026-05-14T10:35:07.565688,12314,SGD,HT,bandit_selection
2026-05-14T10:35:07.571021,12315,HT,SGD,bandit_selection
2026-05-14T10:35:07.692008,12327,SGD,HT,bandit_selection
2026-05-14T10:35:07.699121,12328,HT,SGD,bandit_selection
2026-05-14T10:35:07.989296,12354,SGD,KNN,bandit_selection
2026-05-14T10:35:08.000545,12355,KNN,SGD,bandit_selection
2026-05-14T10:35:08.361344,12388,SGD,HT,bandit_selection
2026-05-14T10:35:08.367032,12389,HT,SGD,bandit_selection
2026-05-14T10:35:08.373092,12390,SGD,HT,bandit_selection
2026-05-14T10:35:08.383740,12391,HT,SGD,bandit_selection
2026-05-14T10:35:08.434385,12398,SGD,KNN,bandit_selection
2026-05-14T10:35:08.441541,12399,KNN,SGD,bandit_selection
2026-05-14T10:35:08.610810,12415,SGD,HT,bandit_selection
2026-05-14T10:35:08.617334,12416,HT,SGD,bandit_selection
2026-05-14T10:35:08.685141,12423,SGD,KNN,bandit_selection
2026-05-14T10:35:08.693532,12424,KNN,SGD,bandit_selection
2026-05-14T10:35:08.911455,12448,SGD,HT,bandit_selection
2026-05-14T10:35:08.919348,12449,HT,SGD,bandit_selection
2026-05-14T10:35:09.037630,12462,SGD,KNN,bandit_selection
2026-05-14T10:35:09.044966,12463,KNN,SGD,bandit_selection
2026-05-14T10:35:09.051927,12464,SGD,KNN,bandit_selection
2026-05-14T10:35:09.058277,12465,KNN,SGD,bandit_selection
2026-05-14T10:35:09.107964,12472,SGD,HT,bandit_selection
2026-05-14T10:35:09.114195,12473,HT,SGD,bandit_selection
2026-05-14T10:35:09.161577,12477,SGD,HT,bandit_selection
2026-05-14T10:35:09.171079,12478,HT,SGD,bandit_selection
2026-05-14T10:35:09.229962,12482,SGD,KNN,bandit_selection
2026-05-14T10:35:09.235642,12483,KNN,SGD,bandit_selection
2026-05-14T10:35:09.345539,12494,SGD,HT,bandit_selection
2026-05-14T10:35:09.403801,12496,HT,SGD,bandit_selection
2026-05-14T10:35:09.896299,12528,SGD,KNN,bandit_selection
2026-05-14T10:35:09.903481,12529,KNN,SGD,bandit_selection
2026-05-14T10:35:09.970991,12532,SGD,HT,bandit_selection
2026-05-14T10:35:09.982539,12533,HT,SGD,bandit_selection
2026-05-14T10:35:10.017226,12535,SGD,KNN,bandit_selection
2026-05-14T10:35:10.030937,12536,KNN,SGD,bandit_selection
2026-05-14T10:35:10.215556,12543,SGD,HT,bandit_selection
2026-05-14T10:35:10.225891,12544,HT,SGD,bandit_selection
2026-05-14T10:35:10.358391,12556,SGD,HT,bandit_selection
2026-05-14T10:35:10.366619,12557,HT,SGD,bandit_selection
2026-05-14T10:35:10.452845,12564,SGD,KNN,bandit_selection
2026-05-14T10:35:10.472281,12566,KNN,SGD,bandit_selection
2026-05-14T10:35:10.532737,12571,SGD,KNN,bandit_selection
2026-05-14T10:35:10.539261,12572,KNN,SGD,bandit_selection
2026-05-14T10:35:10.655873,12581,SGD,KNN,bandit_selection
2026-05-14T10:35:10.677073,12582,KNN,SGD,bandit_selection
2026-05-14T10:35:10.794744,12589,SGD,HT,bandit_selection
2026-05-14T10:35:10.801630,12590,HT,SGD,bandit_selection
2026-05-14T10:35:11.117658,12614,SGD,HT,bandit_selection
2026-05-14T10:35:11.143878,12615,HT,SGD,bandit_selection
2026-05-14T10:35:11.215525,12620,SGD,KNN,bandit_selection
2026-05-14T10:35:11.225829,12621,KNN,SGD,bandit_selection
2026-05-14T10:35:11.389083,12641,SGD,HT,bandit_selection
2026-05-14T10:35:11.396145,12642,HT,SGD,bandit_selection
2026-05-14T10:35:11.679050,12670,SGD,HT,bandit_selection
2026-05-14T10:35:11.693443,12671,HT,SGD,bandit_selection
2026-05-14T10:35:11.850837,12690,SGD,HT,bandit_selection
2026-05-14T10:35:11.856977,12691,HT,SGD,bandit_selection
2026-05-14T10:35:12.210881,12726,SGD,HT,bandit_selection
2026-05-14T10:35:12.224964,12727,HT,SGD,bandit_selection
2026-05-14T10:35:12.251988,12729,SGD,HT,bandit_selection
2026-05-14T10:35:12.262557,12730,HT,SGD,bandit_selection
2026-05-14T10:35:12.312026,12735,SGD,KNN,bandit_selection
2026-05-14T10:35:12.334603,12737,KNN,SGD,bandit_selection
2026-05-14T10:35:12.376801,12742,SGD,HT,bandit_selection
2026-05-14T10:35:12.391970,12743,HT,SGD,bandit_selection
2026-05-14T10:35:12.406101,12744,SGD,HT,bandit_selection
2026-05-14T10:35:12.418929,12745,HT,SGD,bandit_selection
2026-05-14T10:35:12.551752,12750,SGD,KNN,bandit_selection
2026-05-14T10:35:12.588505,12751,KNN,SGD,bandit_selection
2026-05-14T10:35:13.398944,12820,SGD,KNN,bandit_selection
2026-05-14T10:35:13.409023,12821,KNN,SGD,bandit_selection
2026-05-14T10:35:13.471148,12825,SGD,HT,bandit_selection
2026-05-14T10:35:13.479204,12826,HT,SGD,bandit_selection
2026-05-14T10:35:13.514458,12829,SGD,KNN,bandit_selection
2026-05-14T10:35:13.522724,12830,KNN,SGD,bandit_selection
2026-05-14T10:35:13.814280,12855,SGD,HT,bandit_selection
2026-05-14T10:35:13.828349,12856,HT,SGD,bandit_selection
2026-05-14T10:35:13.836437,12857,SGD,HT,bandit_selection
2026-05-14T10:35:13.862076,12858,HT,SGD,bandit_selection
2026-05-14T10:35:13.881074,12859,SGD,KNN,bandit_selection
2026-05-14T10:35:13.892934,12860,KNN,SGD,bandit_selection
2026-05-14T10:35:14.073936,12875,SGD,KNN,bandit_selection
2026-05-14T10:35:14.082898,12876,KNN,SGD,bandit_selection
2026-05-14T10:35:14.198774,12889,SGD,HT,bandit_selection
2026-05-14T10:35:14.217990,12890,HT,KNN,bandit_selection
2026-05-14T10:35:14.231109,12891,KNN,SGD,bandit_selection
2026-05-14T10:35:14.542737,12923,SGD,HT,bandit_selection
2026-05-14T10:35:14.549174,12924,HT,SGD,bandit_selection
2026-05-14T10:35:14.702740,12938,SGD,KNN,bandit_selection
2026-05-14T10:35:14.714535,12939,KNN,SGD,bandit_selection
2026-05-14T10:35:14.719310,12940,SGD,HT,bandit_selection
2026-05-14T10:35:14.726962,12941,HT,SGD,bandit_selection
2026-05-14T10:35:14.770557,12946,SGD,KNN,bandit_selection
2026-05-14T10:35:14.787708,12948,KNN,SGD,bandit_selection
2026-05-14T10:35:14.845206,12953,SGD,HT,bandit_selection
2026-05-14T10:35:14.852155,12954,HT,SGD,bandit_selection
2026-05-14T10:35:14.888857,12957,SGD,HT,bandit_selection
2026-05-14T10:35:14.900344,12958,HT,SGD,bandit_selection
2026-05-14T10:35:15.504469,13005,SGD,HT,bandit_selection
2026-05-14T10:35:15.514233,13006,HT,SGD,bandit_selection
2026-05-14T10:35:15.809404,13032,SGD,HT,bandit_selection
2026-05-14T10:35:15.813940,13033,HT,SGD,bandit_selection
2026-05-14T10:35:15.994936,13051,SGD,HT,bandit_selection
2026-05-14T10:35:16.003094,13052,HT,SGD,bandit_selection
2026-05-14T10:35:16.224917,13069,SGD,HT,bandit_selection
2026-05-14T10:35:16.238276,13070,HT,SGD,bandit_selection
2026-05-14T10:35:16.256922,13072,SGD,KNN,bandit_selection
2026-05-14T10:35:16.265262,13073,KNN,SGD,bandit_selection
2026-05-14T10:35:16.439230,13094,SGD,HT,bandit_selection
2026-05-14T10:35:16.450644,13095,HT,SGD,bandit_selection
2026-05-14T10:35:16.799252,13131,SGD,HT,bandit_selection
2026-05-14T10:35:16.815360,13132,HT,SGD,bandit_selection
2026-05-14T10:35:16.825448,13133,SGD,HT,bandit_selection
2026-05-14T10:35:16.834588,13134,HT,SGD,bandit_selection
2026-05-14T10:35:16.867503,13139,SGD,KNN,bandit_selection
2026-05-14T10:35:16.876954,13140,KNN,SGD,bandit_selection
2026-05-14T10:35:16.984863,13146,SGD,HT,bandit_selection
2026-05-14T10:35:17.005736,13147,HT,SGD,bandit_selection
2026-05-14T10:35:17.098806,13151,SGD,KNN,bandit_selection
2026-05-14T10:35:17.110626,13152,KNN,SGD,bandit_selection
2026-05-14T10:35:17.146360,13155,SGD,HT,bandit_selection
2026-05-14T10:35:17.152801,13156,HT,SGD,bandit_selection
2026-05-14T10:35:17.286704,13166,SGD,KNN,bandit_selection
2026-05-14T10:35:17.295277,13167,KNN,SGD,bandit_selection
2026-05-14T10:35:17.434205,13176,SGD,HT,bandit_selection
2026-05-14T10:35:17.449123,13177,HT,KNN,bandit_selection
2026-05-14T10:35:17.459240,13178,KNN,SGD,bandit_selection
2026-05-14T10:35:18.142965,13213,SGD,KNN,bandit_selection
2026-05-14T10:35:18.161081,13214,KNN,SGD,bandit_selection
2026-05-14T10:35:18.468794,13231,SGD,KNN,bandit_selection
2026-05-14T10:35:18.483459,13232,KNN,SGD,bandit_selection
2026-05-14T10:35:18.907587,13252,SGD,HT,bandit_selection
2026-05-14T10:35:18.939942,13253,HT,SGD,bandit_selection
2026-05-14T10:35:19.013782,13260,SGD,KNN,bandit_selection
2026-05-14T10:35:19.023899,13261,KNN,SGD,bandit_selection
2026-05-14T10:35:19.278685,13280,SGD,HT,bandit_selection
2026-05-14T10:35:19.320035,13281,HT,SGD,bandit_selection
2026-05-14T10:35:19.698210,13303,SGD,HT,bandit_selection
2026-05-14T10:35:19.710123,13304,HT,SGD,bandit_selection
2026-05-14T10:35:20.064088,13322,SGD,HT,bandit_selection
2026-05-14T10:35:20.078246,13323,HT,SGD,bandit_selection
2026-05-14T10:35:20.143458,13325,SGD,HT,bandit_selection
2026-05-14T10:35:20.201601,13327,HT,SGD,bandit_selection
2026-05-14T10:35:20.237223,13329,SGD,HT,bandit_selection
2026-05-14T10:35:20.253553,13330,HT,SGD,bandit_selection
2026-05-14T10:35:20.460698,13342,SGD,KNN,bandit_selection
2026-05-14T10:35:20.477481,13343,KNN,SGD,bandit_selection
2026-05-14T10:35:21.027768,13375,SGD,KNN,bandit_selection
2026-05-14T10:35:21.043258,13376,KNN,SGD,bandit_selection
2026-05-14T10:35:21.304365,13393,SGD,HT,bandit_selection
2026-05-14T10:35:21.317923,13394,HT,SGD,bandit_selection
2026-05-14T10:35:22.007413,13434,SGD,HT,bandit_selection
2026-05-14T10:35:22.041304,13435,HT,SGD,bandit_selection
2026-05-14T10:35:22.153119,13441,SGD,KNN,bandit_selection
2026-05-14T10:35:22.170151,13442,KNN,SGD,bandit_selection
2026-05-14T10:35:22.226781,13447,SGD,HT,bandit_selection
2026-05-14T10:35:22.239713,13448,HT,SGD,bandit_selection
2026-05-14T10:35:22.581720,13459,SGD,KNN,bandit_selection
2026-05-14T10:35:22.642025,13461,KNN,SGD,bandit_selection
2026-05-14T10:35:22.775870,13470,SGD,KNN,bandit_selection
2026-05-14T10:35:22.792376,13471,KNN,SGD,bandit_selection
2026-05-14T10:35:22.850098,13475,SGD,HT,bandit_selection
2026-05-14T10:35:22.865023,13476,HT,SGD,bandit_selection
2026-05-14T10:35:22.897042,13479,SGD,KNN,bandit_selection
2026-05-14T10:35:22.910861,13480,KNN,SGD,bandit_selection
2026-05-14T10:35:23.094800,13490,SGD,KNN,bandit_selection
2026-05-14T10:35:23.111525,13491,KNN,SGD,bandit_selection
2026-05-14T10:35:23.426131,13510,SGD,HT,bandit_selection
2026-05-14T10:35:23.443460,13511,HT,SGD,bandit_selection
2026-05-14T10:35:23.540918,13515,SGD,KNN,bandit_selection
2026-05-14T10:35:23.583054,13516,KNN,SGD,bandit_selection
2026-05-14T10:35:24.360165,13562,SGD,HT,bandit_selection
2026-05-14T10:35:24.379196,13563,HT,SGD,bandit_selection
2026-05-14T10:35:24.821265,13583,SGD,KNN,bandit_selection
2026-05-14T10:35:24.826976,13584,KNN,SGD,bandit_selection
2026-05-14T10:35:25.009437,13596,SGD,KNN,bandit_selection
2026-05-14T10:35:25.038293,13597,KNN,SGD,bandit_selection
2026-05-14T10:35:25.049952,13598,SGD,HT,bandit_selection
2026-05-14T10:35:25.058178,13599,HT,SGD,bandit_selection
2026-05-14T10:35:25.065428,13600,SGD,KNN,bandit_selection
2026-05-14T10:35:25.086684,13601,KNN,SGD,bandit_selection
2026-05-14T10:35:25.337870,13618,SGD,KNN,bandit_selection
2026-05-14T10:35:25.356227,13619,KNN,SGD,bandit_selection
2026-05-14T10:35:25.539578,13637,SGD,KNN,bandit_selection
2026-05-14T10:35:25.552238,13638,KNN,SGD,bandit_selection
2026-05-14T10:35:25.885259,13657,SGD,HT,bandit_selection
2026-05-14T10:35:25.894793,13658,HT,SGD,bandit_selection
2026-05-14T10:35:26.005146,13668,SGD,KNN,bandit_selection
2026-05-14T10:35:26.013975,13669,KNN,SGD,bandit_selection
2026-05-14T10:35:26.020348,13670,SGD,HT,bandit_selection
2026-05-14T10:35:26.026556,13671,HT,SGD,bandit_selection
2026-05-14T10:35:26.059329,13674,SGD,HT,bandit_selection
2026-05-14T10:35:26.066457,13675,HT,SGD,bandit_selection
2026-05-14T10:35:26.094641,13678,SGD,HT,bandit_selection
2026-05-14T10:35:26.111550,13679,HT,SGD,bandit_selection
2026-05-14T10:35:26.167049,13686,SGD,HT,bandit_selection
2026-05-14T10:35:26.184165,13687,HT,SGD,bandit_selection
2026-05-14T10:35:26.190916,13688,SGD,KNN,bandit_selection
2026-05-14T10:35:26.203797,13689,KNN,SGD,bandit_selection
2026-05-14T10:35:26.278040,13697,SGD,KNN,bandit_selection
2026-05-14T10:35:26.288866,13698,KNN,SGD,bandit_selection
2026-05-14T10:35:26.455167,13711,SGD,KNN,bandit_selection
2026-05-14T10:35:26.460773,13712,KNN,SGD,bandit_selection
2026-05-14T10:35:26.475819,13714,SGD,HT,bandit_selection
2026-05-14T10:35:26.482367,13715,HT,SGD,bandit_selection
2026-05-14T10:35:26.906013,13753,SGD,KNN,bandit_selection
2026-05-14T10:35:26.913483,13754,KNN,SGD,bandit_selection
2026-05-14T10:35:27.226277,13777,SGD,KNN,bandit_selection
2026-05-14T10:35:27.249487,13778,KNN,SGD,bandit_selection
2026-05-14T10:35:27.324490,13782,SGD,KNN,bandit_selection
2026-05-14T10:35:27.335976,13783,KNN,SGD,bandit_selection
2026-05-14T10:35:27.767770,13808,SGD,HT,bandit_selection
2026-05-14T10:35:27.776894,13809,HT,SGD,bandit_selection
2026-05-14T10:35:27.804573,13812,SGD,HT,bandit_selection
2026-05-14T10:35:27.813107,13813,HT,SGD,bandit_selection
2026-05-14T10:35:27.937718,13827,SGD,HT,bandit_selection
2026-05-14T10:35:27.945093,13828,HT,SGD,bandit_selection
2026-05-14T10:35:27.960351,13831,SGD,KNN,bandit_selection
2026-05-14T10:35:27.967010,13832,KNN,SGD,bandit_selection
2026-05-14T10:35:28.147630,13843,SGD,KNN,bandit_selection
2026-05-14T10:35:28.163202,13844,KNN,SGD,bandit_selection
2026-05-14T10:35:28.213801,13846,SGD,HT,bandit_selection
2026-05-14T10:35:28.229210,13847,HT,SGD,bandit_selection
2026-05-14T10:35:28.260471,13850,SGD,KNN,bandit_selection
2026-05-14T10:35:28.274923,13851,KNN,SGD,bandit_selection
2026-05-14T10:35:28.704177,13881,SGD,KNN,bandit_selection
2026-05-14T10:35:28.714007,13882,KNN,SGD,bandit_selection
2026-05-14T10:35:28.721384,13883,SGD,KNN,bandit_selection
2026-05-14T10:35:28.727770,13884,KNN,SGD,bandit_selection
2026-05-14T10:35:28.795000,13887,SGD,KNN,bandit_selection
2026-05-14T10:35:28.817680,13888,KNN,SGD,bandit_selection
2026-05-14T10:35:28.857596,13892,SGD,KNN,bandit_selection
2026-05-14T10:35:28.864674,13893,KNN,SGD,bandit_selection
2026-05-14T10:35:28.889261,13896,SGD,KNN,bandit_selection
2026-05-14T10:35:28.894080,13897,KNN,SGD,bandit_selection
2026-05-14T10:35:29.000328,13908,SGD,KNN,bandit_selection
2026-05-14T10:35:29.007942,13909,KNN,SGD,bandit_selection
2026-05-14T10:35:29.030211,13911,SGD,KNN,bandit_selection
2026-05-14T10:35:29.038245,13912,KNN,SGD,bandit_selection
2026-05-14T10:35:29.093871,13917,SGD,HT,bandit_selection
2026-05-14T10:35:29.102198,13918,HT,SGD,bandit_selection
2026-05-14T10:35:29.310726,13937,SGD,KNN,bandit_selection
2026-05-14T10:35:29.321993,13938,KNN,SGD,bandit_selection
2026-05-14T10:35:29.629616,13962,SGD,HT,bandit_selection
2026-05-14T10:35:29.637010,13963,HT,SGD,bandit_selection
2026-05-14T10:35:29.860123,13983,SGD,KNN,bandit_selection
2026-05-14T10:35:29.869858,13984,KNN,SGD,bandit_selection
2026-05-14T10:35:29.887345,13986,SGD,KNN,bandit_selection
2026-05-14T10:35:29.903465,13987,KNN,SGD,bandit_selection
2026-05-14T10:35:29.919353,13988,SGD,KNN,bandit_selection
2026-05-14T10:35:29.935682,13989,KNN,SGD,bandit_selection
2026-05-14T10:35:30.165442,14012,SGD,KNN,bandit_selection
2026-05-14T10:35:30.180612,14013,KNN,SGD,bandit_selection
2026-05-14T10:35:30.250102,14022,SGD,KNN,bandit_selection
2026-05-14T10:35:30.266949,14023,KNN,SGD,bandit_selection
2026-05-14T10:35:30.508479,14045,SGD,HT,bandit_selection
2026-05-14T10:35:30.517782,14046,HT,SGD,bandit_selection
2026-05-14T10:35:30.943967,14076,SGD,HT,bandit_selection
2026-05-14T10:35:30.978630,14077,HT,SGD,bandit_selection
2026-05-14T10:35:31.025867,14079,SGD,KNN,bandit_selection
2026-05-14T10:35:31.055615,14080,KNN,SGD,bandit_selection
2026-05-14T10:35:31.510896,14112,SGD,KNN,bandit_selection
2026-05-14T10:35:31.517730,14113,KNN,SGD,bandit_selection
2026-05-14T10:35:31.613500,14122,SGD,HT,bandit_selection
2026-05-14T10:35:31.622218,14123,HT,KNN,bandit_selection
2026-05-14T10:35:31.627921,14124,KNN,SGD,bandit_selection
2026-05-14T10:35:32.263754,14181,SGD,HT,bandit_selection
2026-05-14T10:35:32.277041,14182,HT,SGD,bandit_selection
2026-05-14T10:35:32.380453,14191,SGD,KNN,bandit_selection
2026-05-14T10:35:32.389649,14192,KNN,SGD,bandit_selection
2026-05-14T10:35:32.478076,14200,SGD,KNN,bandit_selection
2026-05-14T10:35:32.489342,14201,KNN,HT,bandit_selection
2026-05-14T10:35:32.495858,14202,HT,SGD,bandit_selection
2026-05-14T10:35:32.549915,14209,SGD,KNN,bandit_selection
2026-05-14T10:35:32.565453,14210,KNN,SGD,bandit_selection
2026-05-14T10:35:32.761603,14221,SGD,KNN,bandit_selection
2026-05-14T10:35:32.783360,14222,KNN,SGD,bandit_selection
2026-05-14T10:35:32.797666,14223,SGD,HT,bandit_selection
2026-05-14T10:35:32.804753,14224,HT,SGD,bandit_selection
2026-05-14T10:35:33.135025,14250,SGD,KNN,bandit_selection
2026-05-14T10:35:33.141748,14251,KNN,SGD,bandit_selection
2026-05-14T10:35:33.301201,14268,SGD,KNN,bandit_selection
2026-05-14T10:35:33.305008,14269,KNN,SGD,bandit_selection
2026-05-14T10:35:33.429821,14280,SGD,HT,bandit_selection
2026-05-14T10:35:33.439763,14281,HT,SGD,bandit_selection
2026-05-14T10:35:33.453916,14283,SGD,HT,bandit_selection
2026-05-14T10:35:33.460701,14284,HT,SGD,bandit_selection
2026-05-14T10:35:33.822641,14317,SGD,KNN,bandit_selection
2026-05-14T10:35:33.846318,14318,KNN,SGD,bandit_selection
2026-05-14T10:35:33.861695,14319,SGD,HT,bandit_selection
2026-05-14T10:35:33.870191,14320,HT,SGD,bandit_selection
2026-05-14T10:35:34.005197,14331,SGD,KNN,bandit_selection
2026-05-14T10:35:34.013050,14332,KNN,SGD,bandit_selection
2026-05-14T10:35:34.357991,14361,SGD,KNN,bandit_selection
2026-05-14T10:35:34.363813,14362,KNN,SGD,bandit_selection
2026-05-14T10:35:34.476088,14375,SGD,KNN,bandit_selection
2026-05-14T10:35:34.483727,14376,KNN,SGD,bandit_selection
2026-05-14T10:35:34.578440,14387,SGD,HT,bandit_selection
2026-05-14T10:35:34.585259,14388,HT,SGD,bandit_selection
2026-05-14T10:35:34.730021,14400,SGD,KNN,bandit_selection
2026-05-14T10:35:34.734701,14401,KNN,SGD,bandit_selection
2026-05-14T10:35:34.861864,14415,SGD,KNN,bandit_selection
2026-05-14T10:35:34.872144,14416,KNN,SGD,bandit_selection
2026-05-14T10:35:35.203473,14444,SGD,KNN,bandit_selection
2026-05-14T10:35:35.225027,14445,KNN,SGD,bandit_selection
2026-05-14T10:35:35.361044,14453,SGD,HT,bandit_selection
2026-05-14T10:35:35.398060,14456,HT,SGD,bandit_selection
2026-05-14T10:35:35.458624,14461,SGD,HT,bandit_selection
2026-05-14T10:35:35.475819,14462,HT,SGD,bandit_selection
2026-05-14T10:35:35.512309,14466,SGD,KNN,bandit_selection
2026-05-14T10:35:35.522429,14467,KNN,SGD,bandit_selection
2026-05-14T10:35:35.953453,14488,SGD,KNN,bandit_selection
2026-05-14T10:35:35.969850,14489,KNN,SGD,bandit_selection
2026-05-14T10:35:36.157347,14501,SGD,HT,bandit_selection
2026-05-14T10:35:36.169050,14502,HT,SGD,bandit_selection
2026-05-14T10:35:36.557007,14535,SGD,HT,bandit_selection
2026-05-14T10:35:36.565984,14536,HT,SGD,bandit_selection
2026-05-14T10:35:36.847407,14559,SGD,HT,bandit_selection
2026-05-14T10:35:36.856308,14560,HT,SGD,bandit_selection
2026-05-14T10:35:36.932568,14568,SGD,KNN,bandit_selection
2026-05-14T10:35:36.940471,14569,KNN,SGD,bandit_selection
2026-05-14T10:35:36.951457,14571,SGD,KNN,bandit_selection
2026-05-14T10:35:36.958546,14572,KNN,SGD,bandit_selection
2026-05-14T10:35:37.108356,14586,SGD,KNN,bandit_selection
2026-05-14T10:35:37.118611,14587,KNN,SGD,bandit_selection
2026-05-14T10:35:37.138921,14589,SGD,KNN,bandit_selection
2026-05-14T10:35:37.145155,14590,KNN,SGD,bandit_selection
2026-05-14T10:35:37.574837,14629,SGD,KNN,bandit_selection
2026-05-14T10:35:37.592415,14630,KNN,SGD,bandit_selection
2026-05-14T10:35:37.631600,14633,SGD,HT,bandit_selection
2026-05-14T10:35:37.661679,14634,HT,SGD,bandit_selection
2026-05-14T10:35:37.707705,14638,SGD,HT,bandit_selection
2026-05-14T10:35:37.717168,14639,HT,SGD,bandit_selection
2026-05-14T10:35:37.984887,14654,SGD,HT,bandit_selection
2026-05-14T10:35:38.032279,14655,HT,SGD,bandit_selection
2026-05-14T10:35:38.097883,14660,SGD,KNN,bandit_selection
2026-05-14T10:35:38.108651,14661,KNN,SGD,bandit_selection
2026-05-14T10:35:38.201224,14674,SGD,HT,bandit_selection
2026-05-14T10:35:38.204899,14675,HT,SGD,bandit_selection
2026-05-14T10:35:38.719389,14724,SGD,KNN,bandit_selection
2026-05-14T10:35:38.740407,14725,KNN,SGD,bandit_selection
2026-05-14T10:35:38.786656,14731,SGD,KNN,bandit_selection
2026-05-14T10:35:38.794474,14732,KNN,SGD,bandit_selection
2026-05-14T10:35:38.878351,14741,SGD,KNN,bandit_selection
2026-05-14T10:35:38.887402,14742,KNN,SGD,bandit_selection
2026-05-14T10:35:38.934148,14748,SGD,KNN,bandit_selection
2026-05-14T10:35:38.942697,14749,KNN,SGD,bandit_selection
2026-05-14T10:35:39.293750,14783,SGD,HT,bandit_selection
2026-05-14T10:35:39.303898,14784,HT,SGD,bandit_selection
2026-05-14T10:35:39.388365,14791,SGD,HT,bandit_selection
2026-05-14T10:35:39.396702,14792,HT,SGD,bandit_selection
2026-05-14T10:35:39.532074,14805,SGD,HT,bandit_selection
2026-05-14T10:35:39.544119,14806,HT,SGD,bandit_selection
2026-05-14T10:35:39.654632,14818,SGD,HT,bandit_selection
2026-05-14T10:35:39.667315,14819,HT,SGD,bandit_selection
2026-05-14T10:35:39.715897,14824,SGD,HT,bandit_selection
2026-05-14T10:35:39.725569,14825,HT,SGD,bandit_selection
2026-05-14T10:35:40.253112,14884,SGD,HT,bandit_selection
2026-05-14T10:35:40.264297,14885,HT,SGD,bandit_selection
2026-05-14T10:35:40.381156,14894,SGD,HT,bandit_selection
2026-05-14T10:35:40.397074,14895,HT,SGD,bandit_selection
2026-05-14T10:35:40.755127,14924,SGD,KNN,bandit_selection
2026-05-14T10:35:40.764693,14925,KNN,SGD,bandit_selection
2026-05-14T10:35:40.813934,14932,SGD,KNN,bandit_selection
2026-05-14T10:35:40.824630,14933,KNN,SGD,bandit_selection
2026-05-14T10:35:41.174058,14966,SGD,KNN,bandit_selection
2026-05-14T10:35:41.194273,14967,KNN,SGD,bandit_selection
2026-05-14T10:35:41.299329,14978,SGD,HT,bandit_selection
2026-05-14T10:35:41.306238,14979,HT,SGD,bandit_selection
2026-05-14T10:35:41.474360,14994,SGD,KNN,bandit_selection
2026-05-14T10:35:41.484883,14995,KNN,SGD,bandit_selection
2026-05-14T10:35:41.918854,15034,SGD,HT,bandit_selection
2026-05-14T10:35:41.927830,15035,HT,SGD,bandit_selection
2026-05-14T10:35:42.186560,15055,SGD,KNN,bandit_selection
2026-05-14T10:35:42.194322,15056,KNN,SGD,bandit_selection
2026-05-14T10:35:42.571489,15084,SGD,HT,bandit_selection
2026-05-14T10:35:42.588573,15085,HT,KNN,bandit_selection
2026-05-14T10:35:42.606592,15086,KNN,SGD,bandit_selection
2026-05-14T10:35:42.622725,15087,SGD,KNN,bandit_selection
2026-05-14T10:35:42.653592,15088,KNN,SGD,bandit_selection
2026-05-14T10:35:42.766095,15095,SGD,HT,bandit_selection
2026-05-14T10:35:42.780455,15096,HT,KNN,bandit_selection
2026-05-14T10:35:42.798473,15097,KNN,SGD,bandit_selection
2026-05-14T10:35:42.818157,15099,SGD,KNN,bandit_selection
2026-05-14T10:35:42.824047,15100,KNN,SGD,bandit_selection
2026-05-14T10:35:43.715102,15168,SGD,KNN,bandit_selection
2026-05-14T10:35:43.738800,15169,KNN,SGD,bandit_selection
2026-05-14T10:35:43.810049,15175,SGD,KNN,bandit_selection
2026-05-14T10:35:43.821165,15176,KNN,SGD,bandit_selection
2026-05-14T10:35:43.855566,15180,SGD,HT,bandit_selection
2026-05-14T10:35:43.862682,15181,HT,SGD,bandit_selection
2026-05-14T10:35:43.889897,15185,SGD,HT,bandit_selection
2026-05-14T10:35:43.895217,15186,HT,SGD,bandit_selection
2026-05-14T10:35:44.249886,15221,SGD,KNN,bandit_selection
2026-05-14T10:35:44.257895,15222,KNN,SGD,bandit_selection
2026-05-14T10:35:44.682106,15260,SGD,HT,bandit_selection
2026-05-14T10:35:44.690222,15261,HT,SGD,bandit_selection
2026-05-14T10:35:44.823125,15274,SGD,KNN,bandit_selection
2026-05-14T10:35:44.829341,15275,KNN,SGD,bandit_selection
2026-05-14T10:35:45.273392,15314,SGD,KNN,bandit_selection
2026-05-14T10:35:45.300879,15316,KNN,SGD,bandit_selection
2026-05-14T10:35:45.352810,15318,SGD,HT,bandit_selection
2026-05-14T10:35:45.364991,15319,HT,SGD,bandit_selection
2026-05-14T10:35:45.391967,15321,SGD,HT,bandit_selection
2026-05-14T10:35:45.398603,15322,HT,SGD,bandit_selection
2026-05-14T10:35:45.641360,15337,SGD,HT,bandit_selection
2026-05-14T10:35:45.653325,15338,HT,SGD,bandit_selection
2026-05-14T10:35:45.679372,15339,SGD,KNN,bandit_selection
2026-05-14T10:35:45.705156,15340,KNN,SGD,bandit_selection
2026-05-14T10:35:46.314632,15385,SGD,HT,bandit_selection
2026-05-14T10:35:46.325836,15386,HT,SGD,bandit_selection
2026-05-14T10:35:46.607637,15410,SGD,HT,bandit_selection
2026-05-14T10:35:46.620215,15411,HT,SGD,bandit_selection
2026-05-14T10:35:46.633058,15412,SGD,KNN,bandit_selection
2026-05-14T10:35:46.642973,15413,KNN,SGD,bandit_selection
2026-05-14T10:35:46.767512,15428,SGD,KNN,bandit_selection
2026-05-14T10:35:46.772727,15429,KNN,SGD,bandit_selection
2026-05-14T10:35:46.823449,15434,SGD,KNN,bandit_selection
2026-05-14T10:35:46.839113,15435,KNN,SGD,bandit_selection
2026-05-14T10:35:46.933230,15443,SGD,HT,bandit_selection
2026-05-14T10:35:46.945253,15444,HT,SGD,bandit_selection
2026-05-14T10:35:46.976302,15448,SGD,HT,bandit_selection
2026-05-14T10:35:46.984997,15449,HT,SGD,bandit_selection
2026-05-14T10:35:47.198737,15460,SGD,HT,bandit_selection
2026-05-14T10:35:47.208480,15461,HT,SGD,bandit_selection
2026-05-14T10:35:47.327457,15472,SGD,HT,bandit_selection
2026-05-14T10:35:47.334341,15473,HT,SGD,bandit_selection
2026-05-14T10:35:47.356912,15477,SGD,KNN,bandit_selection
2026-05-14T10:35:47.364501,15478,KNN,SGD,bandit_selection
2026-05-14T10:35:47.443897,15483,SGD,KNN,bandit_selection
2026-05-14T10:35:47.451437,15484,KNN,SGD,bandit_selection
2026-05-14T10:35:47.501449,15486,SGD,KNN,bandit_selection
2026-05-14T10:35:47.515961,15487,KNN,SGD,bandit_selection
2026-05-14T10:35:47.635526,15494,SGD,HT,bandit_selection
2026-05-14T10:35:47.642000,15495,HT,SGD,bandit_selection
2026-05-14T10:35:47.816147,15510,SGD,KNN,bandit_selection
2026-05-14T10:35:47.823699,15511,KNN,SGD,bandit_selection
2026-05-14T10:35:47.962372,15526,SGD,KNN,bandit_selection
2026-05-14T10:35:47.969026,15527,KNN,SGD,bandit_selection
2026-05-14T10:35:48.043751,15534,SGD,KNN,bandit_selection
2026-05-14T10:35:48.052508,15535,KNN,SGD,bandit_selection
2026-05-14T10:35:48.112310,15538,SGD,KNN,bandit_selection
2026-05-14T10:35:48.121218,15539,KNN,SGD,bandit_selection
2026-05-14T10:35:48.274960,15557,SGD,KNN,bandit_selection
2026-05-14T10:35:48.282972,15558,KNN,SGD,bandit_selection
2026-05-14T10:35:48.327340,15562,SGD,HT,bandit_selection
2026-05-14T10:35:48.334809,15563,HT,SGD,bandit_selection
2026-05-14T10:35:48.408563,15571,SGD,HT,bandit_selection
2026-05-14T10:35:48.415368,15572,HT,SGD,bandit_selection
2026-05-14T10:35:48.628905,15590,SGD,KNN,bandit_selection
2026-05-14T10:35:48.647366,15591,KNN,HT,bandit_selection
2026-05-14T10:35:48.658824,15592,HT,SGD,bandit_selection
2026-05-14T10:35:48.668209,15593,SGD,KNN,bandit_selection
2026-05-14T10:35:48.677448,15594,KNN,SGD,bandit_selection
2026-05-14T10:35:48.708638,15597,SGD,HT,bandit_selection
2026-05-14T10:35:48.722826,15598,HT,SGD,bandit_selection
2026-05-14T10:35:48.745235,15599,SGD,KNN,bandit_selection
2026-05-14T10:35:48.752478,15600,KNN,SGD,bandit_selection
2026-05-14T10:35:49.014363,15628,SGD,HT,bandit_selection
2026-05-14T10:35:49.020179,15629,HT,SGD,bandit_selection
2026-05-14T10:35:49.034624,15631,SGD,HT,bandit_selection
2026-05-14T10:35:49.044278,15632,HT,SGD,bandit_selection
2026-05-14T10:35:49.245510,15646,SGD,KNN,bandit_selection
2026-05-14T10:35:49.267946,15647,KNN,SGD,bandit_selection
2026-05-14T10:35:49.414787,15660,SGD,KNN,bandit_selection
2026-05-14T10:35:49.424789,15661,KNN,SGD,bandit_selection
2026-05-14T10:35:49.457552,15663,SGD,KNN,bandit_selection
2026-05-14T10:35:49.464394,15664,KNN,SGD,bandit_selection
2026-05-14T10:35:49.842658,15694,SGD,HT,bandit_selection
2026-05-14T10:35:49.851512,15695,HT,SGD,bandit_selection
2026-05-14T10:35:49.974762,15704,SGD,HT,bandit_selection
2026-05-14T10:35:49.995245,15706,HT,SGD,bandit_selection
2026-05-14T10:35:50.008168,15707,SGD,HT,bandit_selection
2026-05-14T10:35:50.029568,15708,HT,SGD,bandit_selection
2026-05-14T10:35:50.132857,15718,SGD,HT,bandit_selection
2026-05-14T10:35:50.146017,15719,HT,SGD,bandit_selection
2026-05-14T10:35:50.702953,15754,SGD,HT,bandit_selection
2026-05-14T10:35:50.708980,15755,HT,SGD,bandit_selection
2026-05-14T10:35:50.842146,15767,SGD,KNN,bandit_selection
2026-05-14T10:35:50.851018,15768,KNN,SGD,bandit_selection
2026-05-14T10:35:50.898864,15772,SGD,KNN,bandit_selection
2026-05-14T10:35:50.910687,15773,KNN,SGD,bandit_selection
2026-05-14T10:35:50.947604,15777,SGD,KNN,bandit_selection
2026-05-14T10:35:50.958222,15778,KNN,SGD,bandit_selection
2026-05-14T10:35:51.361429,15818,SGD,HT,bandit_selection
2026-05-14T10:35:51.375866,15819,HT,SGD,bandit_selection
2026-05-14T10:35:51.770897,15863,SGD,HT,bandit_selection
2026-05-14T10:35:51.777864,15864,HT,SGD,bandit_selection
2026-05-14T10:35:52.144107,15905,SGD,KNN,bandit_selection
2026-05-14T10:35:52.162613,15906,KNN,SGD,bandit_selection
2026-05-14T10:35:52.231767,15911,SGD,HT,bandit_selection
2026-05-14T10:35:52.239498,15912,HT,SGD,bandit_selection
2026-05-14T10:35:53.106519,15973,SGD,KNN,bandit_selection
2026-05-14T10:35:53.113427,15974,KNN,SGD,bandit_selection
2026-05-14T10:35:53.167695,15979,SGD,KNN,bandit_selection
2026-05-14T10:35:53.175632,15980,KNN,SGD,bandit_selection
2026-05-14T10:35:53.300357,15989,SGD,KNN,bandit_selection
2026-05-14T10:35:53.314400,15990,KNN,SGD,bandit_selection
2026-05-14T10:35:53.618264,16009,SGD,HT,bandit_selection
2026-05-14T10:35:53.633254,16010,HT,SGD,bandit_selection
2026-05-14T10:35:53.823528,16024,SGD,KNN,bandit_selection
2026-05-14T10:35:53.849606,16025,KNN,SGD,bandit_selection
2026-05-14T10:35:53.871032,16026,SGD,KNN,bandit_selection
2026-05-14T10:35:53.903731,16027,KNN,SGD,bandit_selection
2026-05-14T10:35:54.315960,16057,SGD,KNN,bandit_selection
2026-05-14T10:35:54.331699,16058,KNN,SGD,bandit_selection
2026-05-14T10:35:54.342196,16059,SGD,KNN,bandit_selection
2026-05-14T10:35:54.357717,16061,KNN,SGD,bandit_selection
2026-05-14T10:35:54.382281,16063,SGD,HT,bandit_selection
2026-05-14T10:35:54.397121,16064,HT,SGD,bandit_selection
2026-05-14T10:35:54.673499,16081,SGD,KNN,bandit_selection
2026-05-14T10:35:54.683066,16082,KNN,SGD,bandit_selection
2026-05-14T10:35:55.533817,16145,SGD,KNN,bandit_selection
2026-05-14T10:35:55.545818,16146,KNN,SGD,bandit_selection
2026-05-14T10:35:55.800650,16161,SGD,HT,bandit_selection
2026-05-14T10:35:55.813607,16162,HT,SGD,bandit_selection
2026-05-14T10:35:55.982490,16176,SGD,HT,bandit_selection
2026-05-14T10:35:55.996074,16177,HT,SGD,bandit_selection
2026-05-14T10:35:56.007167,16178,SGD,HT,bandit_selection
2026-05-14T10:35:56.020692,16179,HT,SGD,bandit_selection
2026-05-14T10:35:56.197851,16191,SGD,HT,bandit_selection
2026-05-14T10:35:56.208195,16192,HT,SGD,bandit_selection
2026-05-14T10:35:56.691456,16226,SGD,HT,bandit_selection
2026-05-14T10:35:56.701848,16227,HT,SGD,bandit_selection
2026-05-14T10:35:56.740638,16231,SGD,KNN,bandit_selection
2026-05-14T10:35:56.754795,16232,KNN,SGD,bandit_selection
2026-05-14T10:35:56.780990,16235,SGD,HT,bandit_selection
2026-05-14T10:35:56.793478,16236,HT,SGD,bandit_selection
2026-05-14T10:35:57.011338,16256,SGD,HT,bandit_selection
2026-05-14T10:35:57.024412,16257,HT,SGD,bandit_selection
2026-05-14T10:35:57.123549,16266,SGD,HT,bandit_selection
2026-05-14T10:35:57.131817,16267,HT,SGD,bandit_selection
2026-05-14T10:35:57.146441,16269,SGD,KNN,bandit_selection
2026-05-14T10:35:57.154587,16270,KNN,SGD,bandit_selection
2026-05-14T10:35:57.226940,16274,SGD,HT,bandit_selection
2026-05-14T10:35:57.248307,16275,HT,SGD,bandit_selection
2026-05-14T10:35:57.822297,16320,SGD,HT,bandit_selection
2026-05-14T10:35:57.828532,16321,HT,SGD,bandit_selection
2026-05-14T10:35:58.294962,16359,SGD,KNN,bandit_selection
2026-05-14T10:35:58.301033,16360,KNN,SGD,bandit_selection
2026-05-14T10:35:58.314876,16361,SGD,KNN,bandit_selection
2026-05-14T10:35:58.328447,16362,KNN,SGD,bandit_selection
2026-05-14T10:35:58.564424,16380,SGD,KNN,bandit_selection
2026-05-14T10:35:58.584727,16381,KNN,SGD,bandit_selection
2026-05-14T10:35:58.660130,16387,SGD,HT,bandit_selection
2026-05-14T10:35:58.695095,16388,HT,SGD,bandit_selection
2026-05-14T10:35:59.182244,16426,SGD,HT,bandit_selection
2026-05-14T10:35:59.196435,16427,HT,SGD,bandit_selection
2026-05-14T10:35:59.722676,16479,SGD,HT,bandit_selection
2026-05-14T10:35:59.735594,16480,HT,SGD,bandit_selection
2026-05-14T10:35:59.818227,16488,SGD,KNN,bandit_selection
2026-05-14T10:35:59.833205,16489,KNN,SGD,bandit_selection
2026-05-14T10:35:59.847758,16490,SGD,HT,bandit_selection
2026-05-14T10:35:59.862075,16491,HT,SGD,bandit_selection
2026-05-14T10:36:00.407405,16544,SGD,HT,bandit_selection
2026-05-14T10:36:00.418046,16545,HT,SGD,bandit_selection
2026-05-14T10:36:00.540920,16555,SGD,KNN,bandit_selection
2026-05-14T10:36:00.550554,16556,KNN,SGD,bandit_selection
2026-05-14T10:36:00.575858,16558,SGD,HT,bandit_selection
2026-05-14T10:36:00.598801,16559,HT,SGD,bandit_selection
2026-05-14T10:36:00.624596,16561,SGD,KNN,bandit_selection
2026-05-14T10:36:00.655959,16562,KNN,SGD,bandit_selection
2026-05-14T10:36:00.739003,16568,SGD,KNN,bandit_selection
2026-05-14T10:36:00.750135,16569,KNN,SGD,bandit_selection
2026-05-14T10:36:00.871280,16582,SGD,HT,bandit_selection
2026-05-14T10:36:00.880883,16583,HT,SGD,bandit_selection
2026-05-14T10:36:01.063892,16602,SGD,KNN,bandit_selection
2026-05-14T10:36:01.081788,16603,KNN,SGD,bandit_selection
2026-05-14T10:36:01.152974,16607,SGD,HT,bandit_selection
2026-05-14T10:36:01.162268,16608,HT,SGD,bandit_selection
2026-05-14T10:36:01.515492,16638,SGD,HT,bandit_selection
2026-05-14T10:36:01.522735,16639,HT,SGD,bandit_selection
2026-05-14T10:36:01.715853,16657,SGD,KNN,bandit_selection
2026-05-14T10:36:01.722120,16658,KNN,HT,bandit_selection
2026-05-14T10:36:01.732727,16659,HT,SGD,bandit_selection
2026-05-14T10:36:01.870417,16674,SGD,KNN,bandit_selection
2026-05-14T10:36:01.878515,16675,KNN,SGD,bandit_selection
2026-05-14T10:36:01.933137,16681,SGD,HT,bandit_selection
2026-05-14T10:36:01.941443,16682,HT,KNN,bandit_selection
2026-05-14T10:36:01.946424,16683,KNN,SGD,bandit_selection
2026-05-14T10:36:02.286533,16711,SGD,KNN,bandit_selection
2026-05-14T10:36:02.297238,16712,KNN,SGD,bandit_selection
2026-05-14T10:36:02.465243,16728,SGD,KNN,bandit_selection
2026-05-14T10:36:02.479924,16729,KNN,SGD,bandit_selection
2026-05-14T10:36:02.520692,16732,SGD,HT,bandit_selection
2026-05-14T10:36:02.535071,16733,HT,SGD,bandit_selection
2026-05-14T10:36:02.677991,16744,SGD,HT,bandit_selection
2026-05-14T10:36:02.683354,16745,HT,SGD,bandit_selection
2026-05-14T10:36:02.817759,16759,SGD,KNN,bandit_selection
2026-05-14T10:36:02.824837,16760,KNN,SGD,bandit_selection
2026-05-14T10:36:03.264524,16791,SGD,KNN,bandit_selection
2026-05-14T10:36:03.291586,16792,KNN,SGD,bandit_selection
2026-05-14T10:36:03.464359,16804,SGD,HT,bandit_selection
2026-05-14T10:36:03.480517,16805,HT,SGD,bandit_selection
2026-05-14T10:36:03.660911,16821,SGD,KNN,bandit_selection
2026-05-14T10:36:03.673839,16822,KNN,SGD,bandit_selection
2026-05-14T10:36:04.097043,16858,SGD,KNN,bandit_selection
2026-05-14T10:36:04.108359,16859,KNN,SGD,bandit_selection
2026-05-14T10:36:04.179248,16865,SGD,HT,bandit_selection
2026-05-14T10:36:04.187900,16866,HT,SGD,bandit_selection
2026-05-14T10:36:04.211271,16868,SGD,HT,bandit_selection
2026-05-14T10:36:04.222625,16869,HT,SGD,bandit_selection
2026-05-14T10:36:04.811547,16919,SGD,HT,bandit_selection
2026-05-14T10:36:04.820947,16920,HT,SGD,bandit_selection
2026-05-14T10:36:04.851840,16923,SGD,HT,bandit_selection
2026-05-14T10:36:04.867142,16924,HT,SGD,bandit_selection
2026-05-14T10:36:05.022848,16935,SGD,HT,bandit_selection
2026-05-14T10:36:05.042086,16936,HT,SGD,bandit_selection
2026-05-14T10:36:05.460297,16968,SGD,KNN,bandit_selection
2026-05-14T10:36:05.470369,16969,KNN,SGD,bandit_selection
2026-05-14T10:36:05.553264,16977,SGD,KNN,bandit_selection
2026-05-14T10:36:05.562446,16978,KNN,SGD,bandit_selection
2026-05-14T10:36:05.588642,16980,SGD,HT,bandit_selection
2026-05-14T10:36:05.596644,16981,HT,SGD,bandit_selection
2026-05-14T10:36:05.608910,16982,SGD,HT,bandit_selection
2026-05-14T10:36:05.622840,16983,HT,SGD,bandit_selection
2026-05-14T10:36:05.850056,17002,SGD,HT,bandit_selection
2026-05-14T10:36:05.862276,17003,HT,SGD,bandit_selection
2026-05-14T10:36:06.052217,17017,SGD,HT,bandit_selection
2026-05-14T10:36:06.063358,17018,HT,SGD,bandit_selection
2026-05-14T10:36:06.125520,17023,SGD,KNN,bandit_selection
2026-05-14T10:36:06.139675,17024,KNN,SGD,bandit_selection
2026-05-14T10:36:06.149590,17025,SGD,KNN,bandit_selection
2026-05-14T10:36:06.167355,17026,KNN,SGD,bandit_selection
2026-05-14T10:36:06.348106,17042,SGD,HT,bandit_selection
2026-05-14T10:36:06.365220,17043,HT,SGD,bandit_selection
2026-05-14T10:36:06.622458,17063,SGD,KNN,bandit_selection
2026-05-14T10:36:06.638269,17064,KNN,SGD,bandit_selection
2026-05-14T10:36:07.012267,17098,SGD,HT,bandit_selection
2026-05-14T10:36:07.020181,17099,HT,SGD,bandit_selection
2026-05-14T10:36:07.244985,17120,SGD,HT,bandit_selection
2026-05-14T10:36:07.253753,17121,HT,SGD,bandit_selection
2026-05-14T10:36:07.530061,17150,SGD,HT,bandit_selection
2026-05-14T10:36:07.540878,17151,HT,SGD,bandit_selection
2026-05-14T10:36:07.559805,17153,SGD,KNN,bandit_selection
2026-05-14T10:36:07.578651,17154,KNN,SGD,bandit_selection
2026-05-14T10:36:07.713631,17165,SGD,KNN,bandit_selection
2026-05-14T10:36:07.726296,17166,KNN,SGD,bandit_selection
2026-05-14T10:36:07.947444,17189,SGD,HT,bandit_selection
2026-05-14T10:36:07.957024,17190,HT,SGD,bandit_selection
2026-05-14T10:36:08.396682,17225,SGD,KNN,bandit_selection
2026-05-14T10:36:08.407828,17226,KNN,SGD,bandit_selection
2026-05-14T10:36:08.526556,17239,SGD,HT,bandit_selection
2026-05-14T10:36:08.538641,17240,HT,SGD,bandit_selection
2026-05-14T10:36:08.730748,17252,SGD,HT,bandit_selection
2026-05-14T10:36:08.738577,17253,HT,SGD,bandit_selection
2026-05-14T10:36:08.901947,17267,SGD,HT,bandit_selection
2026-05-14T10:36:08.911573,17268,HT,SGD,bandit_selection
2026-05-14T10:36:08.970573,17273,SGD,KNN,bandit_selection
2026-05-14T10:36:08.977140,17274,KNN,SGD,bandit_selection
2026-05-14T10:36:09.091035,17286,SGD,HT,bandit_selection
2026-05-14T10:36:09.099926,17287,HT,SGD,bandit_selection
2026-05-14T10:36:09.305375,17307,SGD,KNN,bandit_selection
2026-05-14T10:36:09.315893,17308,KNN,SGD,bandit_selection
2026-05-14T10:36:09.514805,17320,SGD,KNN,bandit_selection
2026-05-14T10:36:09.524429,17321,KNN,SGD,bandit_selection
2026-05-14T10:36:09.565108,17323,SGD,KNN,bandit_selection
2026-05-14T10:36:09.590019,17324,KNN,SGD,bandit_selection
2026-05-14T10:36:09.659570,17330,SGD,KNN,bandit_selection
2026-05-14T10:36:09.677445,17331,KNN,SGD,bandit_selection
2026-05-14T10:36:09.852263,17346,SGD,HT,bandit_selection
2026-05-14T10:36:09.857166,17347,HT,SGD,bandit_selection
2026-05-14T10:36:09.900545,17352,SGD,HT,bandit_selection
2026-05-14T10:36:09.909515,17353,HT,SGD,bandit_selection
2026-05-14T10:36:09.924416,17354,SGD,HT,bandit_selection
2026-05-14T10:36:09.941307,17355,HT,SGD,bandit_selection
2026-05-14T10:36:10.015445,17362,SGD,KNN,bandit_selection
2026-05-14T10:36:10.025724,17363,KNN,SGD,bandit_selection
2026-05-14T10:36:10.284004,17389,SGD,HT,bandit_selection
2026-05-14T10:36:10.296221,17390,HT,SGD,bandit_selection
2026-05-14T10:36:10.334901,17393,SGD,HT,bandit_selection
2026-05-14T10:36:10.343757,17394,HT,SGD,bandit_selection
2026-05-14T10:36:10.907375,17444,SGD,HT,bandit_selection
2026-05-14T10:36:10.922952,17445,HT,SGD,bandit_selection
2026-05-14T10:36:10.978280,17450,SGD,KNN,bandit_selection
2026-05-14T10:36:10.987401,17451,KNN,SGD,bandit_selection
2026-05-14T10:36:11.239545,17472,SGD,HT,bandit_selection
2026-05-14T10:36:11.261512,17473,HT,SGD,bandit_selection
2026-05-14T10:36:11.312747,17477,SGD,HT,bandit_selection
2026-05-14T10:36:11.317986,17478,HT,SGD,bandit_selection
2026-05-14T10:36:11.324642,17479,SGD,KNN,bandit_selection
2026-05-14T10:36:11.330715,17480,KNN,SGD,bandit_selection
2026-05-14T10:36:11.702977,17508,SGD,KNN,bandit_selection
2026-05-14T10:36:11.709013,17509,KNN,SGD,bandit_selection
2026-05-14T10:36:11.777507,17517,SGD,KNN,bandit_selection
2026-05-14T10:36:11.786193,17518,KNN,SGD,bandit_selection
2026-05-14T10:36:11.898569,17526,SGD,KNN,bandit_selection
2026-05-14T10:36:11.913137,17527,KNN,SGD,bandit_selection
2026-05-14T10:36:11.957045,17530,SGD,HT,bandit_selection
2026-05-14T10:36:11.978789,17531,HT,SGD,bandit_selection
2026-05-14T10:36:12.030551,17535,SGD,HT,bandit_selection
2026-05-14T10:36:12.038782,17536,HT,KNN,bandit_selection
2026-05-14T10:36:12.044891,17537,KNN,SGD,bandit_selection
2026-05-14T10:36:12.117866,17542,SGD,KNN,bandit_selection
2026-05-14T10:36:12.127889,17543,KNN,SGD,bandit_selection
2026-05-14T10:36:12.215871,17548,SGD,HT,bandit_selection
2026-05-14T10:36:12.224531,17549,HT,SGD,bandit_selection
2026-05-14T10:36:12.361989,17565,SGD,HT,bandit_selection
2026-05-14T10:36:12.371186,17566,HT,SGD,bandit_selection
2026-05-14T10:36:12.386035,17568,SGD,KNN,bandit_selection
2026-05-14T10:36:12.398623,17569,KNN,SGD,bandit_selection
2026-05-14T10:36:12.463410,17574,SGD,KNN,bandit_selection
2026-05-14T10:36:12.477561,17575,KNN,SGD,bandit_selection
2026-05-14T10:36:12.491566,17576,SGD,KNN,bandit_selection
2026-05-14T10:36:12.517091,17577,KNN,SGD,bandit_selection
2026-05-14T10:36:12.536570,17578,SGD,HT,bandit_selection
2026-05-14T10:36:12.560201,17579,HT,SGD,bandit_selection
2026-05-14T10:36:12.789087,17603,SGD,HT,bandit_selection
2026-05-14T10:36:12.795674,17604,HT,SGD,bandit_selection
2026-05-14T10:36:12.844603,17609,SGD,HT,bandit_selection
2026-05-14T10:36:12.852575,17610,HT,SGD,bandit_selection
2026-05-14T10:36:13.244915,17645,SGD,HT,bandit_selection
2026-05-14T10:36:13.254537,17646,HT,SGD,bandit_selection
2026-05-14T10:36:13.701245,17681,SGD,KNN,bandit_selection
2026-05-14T10:36:13.716612,17682,KNN,SGD,bandit_selection
2026-05-14T10:36:13.797172,17691,SGD,KNN,bandit_selection
2026-05-14T10:36:13.814495,17692,KNN,SGD,bandit_selection
2026-05-14T10:36:13.958435,17702,SGD,HT,bandit_selection
2026-05-14T10:36:13.975993,17703,HT,SGD,bandit_selection
2026-05-14T10:36:14.256615,17732,SGD,KNN,bandit_selection
2026-05-14T10:36:14.264942,17733,KNN,SGD,bandit_selection
2026-05-14T10:36:14.427077,17747,SGD,HT,bandit_selection
2026-05-14T10:36:14.438706,17748,HT,SGD,bandit_selection
2026-05-14T10:36:15.140898,17811,SGD,HT,bandit_selection
2026-05-14T10:36:15.150153,17812,HT,SGD,bandit_selection
2026-05-14T10:36:15.330454,17830,SGD,HT,bandit_selection
2026-05-14T10:36:15.336616,17831,HT,SGD,bandit_selection
2026-05-14T10:36:16.461634,17924,SGD,HT,bandit_selection
2026-05-14T10:36:16.469962,17925,HT,SGD,bandit_selection
2026-05-14T10:36:16.499846,17930,SGD,KNN,bandit_selection
2026-05-14T10:36:16.507701,17931,KNN,SGD,bandit_selection
2026-05-14T10:36:16.659497,17944,SGD,KNN,bandit_selection
2026-05-14T10:36:16.665364,17945,KNN,SGD,bandit_selection
2026-05-14T10:36:17.038341,17975,SGD,HT,bandit_selection
2026-05-14T10:36:17.049758,17976,HT,SGD,bandit_selection
2026-05-14T10:36:17.293417,17999,SGD,KNN,bandit_selection
2026-05-14T10:36:17.301243,18000,KNN,SGD,bandit_selection
2026-05-14T10:36:17.344327,18003,SGD,HT,bandit_selection
2026-05-14T10:36:17.353811,18004,HT,SGD,bandit_selection
2026-05-14T10:36:17.394576,18008,SGD,HT,bandit_selection
2026-05-14T10:36:17.407691,18009,HT,SGD,bandit_selection
2026-05-14T10:36:17.720815,18033,SGD,KNN,bandit_selection
2026-05-14T10:36:17.734651,18034,KNN,SGD,bandit_selection
2026-05-14T10:36:17.812960,18043,SGD,HT,bandit_selection
2026-05-14T10:36:17.821718,18044,HT,SGD,bandit_selection
2026-05-14T10:36:17.951055,18056,SGD,KNN,bandit_selection
2026-05-14T10:36:17.962392,18057,KNN,SGD,bandit_selection
2026-05-14T10:36:18.186520,18079,SGD,KNN,bandit_selection
2026-05-14T10:36:18.192355,18080,KNN,SGD,bandit_selection
2026-05-14T10:36:18.589786,18115,SGD,HT,bandit_selection
2026-05-14T10:36:18.595719,18116,HT,SGD,bandit_selection
2026-05-14T10:36:18.893479,18147,SGD,KNN,bandit_selection
2026-05-14T10:36:18.902543,18148,KNN,SGD,bandit_selection
2026-05-14T10:36:19.090504,18163,SGD,KNN,bandit_selection
2026-05-14T10:36:19.099166,18164,KNN,SGD,bandit_selection
2026-05-14T10:36:19.119628,18166,SGD,KNN,bandit_selection
2026-05-14T10:36:19.123492,18167,KNN,SGD,bandit_selection
2026-05-14T10:36:19.450523,18182,SGD,HT,bandit_selection
2026-05-14T10:36:19.469070,18183,HT,SGD,bandit_selection
2026-05-14T10:36:19.891796,18222,SGD,HT,bandit_selection
2026-05-14T10:36:19.897461,18223,HT,SGD,bandit_selection
2026-05-14T10:36:19.911010,18224,SGD,KNN,bandit_selection
2026-05-14T10:36:19.929493,18225,KNN,SGD,bandit_selection
2026-05-14T10:36:20.280195,18248,SGD,KNN,bandit_selection
2026-05-14T10:36:20.292079,18249,KNN,SGD,bandit_selection
2026-05-14T10:36:20.306222,18250,SGD,KNN,bandit_selection
2026-05-14T10:36:20.328238,18251,KNN,SGD,bandit_selection
2026-05-14T10:36:20.819653,18286,SGD,HT,bandit_selection
2026-05-14T10:36:20.828182,18287,HT,SGD,bandit_selection
2026-05-14T10:36:21.132174,18310,SGD,HT,bandit_selection
2026-05-14T10:36:21.153044,18311,HT,SGD,bandit_selection
2026-05-14T10:36:21.515991,18332,SGD,HT,bandit_selection
2026-05-14T10:36:21.526798,18333,HT,SGD,bandit_selection
2026-05-14T10:36:22.091774,18378,SGD,KNN,bandit_selection
2026-05-14T10:36:22.112610,18379,KNN,SGD,bandit_selection
2026-05-14T10:36:22.499332,18405,SGD,HT,bandit_selection
2026-05-14T10:36:22.509374,18406,HT,SGD,bandit_selection
2026-05-14T10:36:22.859450,18427,SGD,KNN,bandit_selection
2026-05-14T10:36:22.868558,18428,KNN,SGD,bandit_selection
2026-05-14T10:36:22.875445,18429,SGD,HT,bandit_selection
2026-05-14T10:36:22.881309,18430,HT,SGD,bandit_selection
2026-05-14T10:36:23.194003,18451,SGD,HT,bandit_selection
2026-05-14T10:36:23.208937,18452,HT,SGD,bandit_selection
2026-05-14T10:36:23.367518,18464,SGD,KNN,bandit_selection
2026-05-14T10:36:23.379129,18465,KNN,SGD,bandit_selection
2026-05-14T10:36:23.691470,18494,SGD,KNN,bandit_selection
2026-05-14T10:36:23.699089,18495,KNN,SGD,bandit_selection
2026-05-14T10:36:23.904133,18513,SGD,HT,bandit_selection
2026-05-14T10:36:23.915332,18514,HT,SGD,bandit_selection
2026-05-14T10:36:23.953026,18518,SGD,KNN,bandit_selection
2026-05-14T10:36:23.960332,18519,KNN,SGD,bandit_selection
2026-05-14T10:36:24.029451,18527,SGD,HT,bandit_selection
2026-05-14T10:36:24.036153,18528,HT,SGD,bandit_selection
2026-05-14T10:36:24.120653,18536,SGD,HT,bandit_selection
2026-05-14T10:36:24.133955,18537,HT,SGD,bandit_selection
2026-05-14T10:36:24.315146,18549,SGD,HT,bandit_selection
2026-05-14T10:36:24.326526,18550,HT,SGD,bandit_selection
2026-05-14T10:36:24.483028,18561,SGD,HT,bandit_selection
2026-05-14T10:36:24.492122,18562,HT,SGD,bandit_selection
2026-05-14T10:36:24.663063,18576,SGD,HT,bandit_selection
2026-05-14T10:36:24.678040,18577,HT,SGD,bandit_selection
2026-05-14T10:36:24.833936,18589,SGD,KNN,bandit_selection
2026-05-14T10:36:24.841099,18590,KNN,SGD,bandit_selection
2026-05-14T10:36:24.888881,18594,SGD,HT,bandit_selection
2026-05-14T10:36:24.896516,18595,HT,SGD,bandit_selection
2026-05-14T10:36:25.237060,18606,SGD,KNN,bandit_selection
2026-05-14T10:36:25.255667,18607,KNN,SGD,bandit_selection
2026-05-14T10:36:25.623531,18632,SGD,HT,bandit_selection
2026-05-14T10:36:25.637699,18633,HT,SGD,bandit_selection
2026-05-14T10:36:25.671492,18637,SGD,KNN,bandit_selection
2026-05-14T10:36:25.675372,18638,KNN,SGD,bandit_selection
2026-05-14T10:36:25.694958,18640,SGD,HT,bandit_selection
2026-05-14T10:36:25.715582,18641,HT,SGD,bandit_selection
2026-05-14T10:36:25.774549,18646,SGD,HT,bandit_selection
2026-05-14T10:36:25.787167,18647,HT,SGD,bandit_selection
2026-05-14T10:36:25.802557,18648,SGD,HT,bandit_selection
2026-05-14T10:36:25.828251,18650,HT,SGD,bandit_selection
2026-05-14T10:36:25.836303,18651,SGD,HT,bandit_selection
2026-05-14T10:36:25.842300,18652,HT,SGD,bandit_selection
2026-05-14T10:36:26.664528,18719,SGD,HT,bandit_selection
2026-05-14T10:36:26.678700,18720,HT,SGD,bandit_selection
2026-05-14T10:36:26.775112,18728,SGD,HT,bandit_selection
2026-05-14T10:36:26.786239,18729,HT,SGD,bandit_selection
2026-05-14T10:36:26.942389,18744,SGD,KNN,bandit_selection
2026-05-14T10:36:26.949711,18745,KNN,HT,bandit_selection
2026-05-14T10:36:26.956229,18746,HT,SGD,bandit_selection
2026-05-14T10:36:26.985291,18748,SGD,HT,bandit_selection
2026-05-14T10:36:26.993185,18749,HT,SGD,bandit_selection
2026-05-14T10:36:27.053949,18755,SGD,KNN,bandit_selection
2026-05-14T10:36:27.065667,18756,KNN,SGD,bandit_selection
2026-05-14T10:36:27.720949,18801,SGD,KNN,bandit_selection
2026-05-14T10:36:27.734523,18802,KNN,SGD,bandit_selection
2026-05-14T10:36:27.806254,18809,SGD,HT,bandit_selection
2026-05-14T10:36:27.828065,18810,HT,SGD,bandit_selection
2026-05-14T10:36:27.874447,18812,SGD,KNN,bandit_selection
2026-05-14T10:36:27.886751,18813,KNN,SGD,bandit_selection
2026-05-14T10:36:27.982991,18820,SGD,KNN,bandit_selection
2026-05-14T10:36:27.989558,18821,KNN,SGD,bandit_selection
2026-05-14T10:36:28.083480,18830,SGD,KNN,bandit_selection
2026-05-14T10:36:28.092735,18831,KNN,HT,bandit_selection
2026-05-14T10:36:28.102488,18832,HT,SGD,bandit_selection
2026-05-14T10:36:28.400961,18860,SGD,HT,bandit_selection
2026-05-14T10:36:28.419853,18861,HT,SGD,bandit_selection
2026-05-14T10:36:28.426473,18862,SGD,KNN,bandit_selection
2026-05-14T10:36:28.450077,18864,KNN,SGD,bandit_selection
2026-05-14T10:36:28.849709,18900,SGD,HT,bandit_selection
2026-05-14T10:36:28.857162,18901,HT,SGD,bandit_selection
2026-05-14T10:36:28.972272,18912,SGD,KNN,bandit_selection
2026-05-14T10:36:29.000350,18913,KNN,SGD,bandit_selection
2026-05-14T10:36:29.187397,18936,SGD,HT,bandit_selection
2026-05-14T10:36:29.195531,18937,HT,KNN,bandit_selection
2026-05-14T10:36:29.205246,18938,KNN,SGD,bandit_selection
2026-05-14T10:36:29.551077,18969,SGD,KNN,bandit_selection
2026-05-14T10:36:29.566344,18970,KNN,SGD,bandit_selection
2026-05-14T10:36:30.261291,19014,SGD,HT,bandit_selection
2026-05-14T10:36:30.276105,19015,HT,SGD,bandit_selection
2026-05-14T10:36:30.319737,19019,SGD,KNN,bandit_selection
2026-05-14T10:36:30.326485,19020,KNN,SGD,bandit_selection
2026-05-14T10:36:30.344208,19022,SGD,HT,bandit_selection
2026-05-14T10:36:30.353386,19023,HT,KNN,bandit_selection
2026-05-14T10:36:30.395351,19024,KNN,SGD,bandit_selection
2026-05-14T10:36:30.504549,19035,SGD,KNN,bandit_selection
2026-05-14T10:36:30.518908,19036,KNN,SGD,bandit_selection
2026-05-14T10:36:30.639393,19046,SGD,HT,bandit_selection
2026-05-14T10:36:30.647101,19047,HT,SGD,bandit_selection
2026-05-14T10:36:30.652857,19048,SGD,KNN,bandit_selection
2026-05-14T10:36:30.662763,19049,KNN,SGD,bandit_selection
2026-05-14T10:36:30.806742,19065,SGD,HT,bandit_selection
2026-05-14T10:36:30.816343,19066,HT,SGD,bandit_selection
2026-05-14T10:36:30.901868,19074,SGD,KNN,bandit_selection
2026-05-14T10:36:30.917002,19075,KNN,SGD,bandit_selection
2026-05-14T10:36:31.107202,19088,SGD,HT,bandit_selection
2026-05-14T10:36:31.116960,19089,HT,SGD,bandit_selection
2026-05-14T10:36:31.372202,19109,SGD,HT,bandit_selection
2026-05-14T10:36:31.397151,19110,HT,SGD,bandit_selection
2026-05-14T10:36:31.484620,19118,SGD,KNN,bandit_selection
2026-05-14T10:36:31.497904,19119,KNN,SGD,bandit_selection
2026-05-14T10:36:31.593569,19127,SGD,KNN,bandit_selection
2026-05-14T10:36:31.599755,19128,KNN,SGD,bandit_selection
2026-05-14T10:36:31.662185,19135,SGD,KNN,bandit_selection
2026-05-14T10:36:31.670811,19136,KNN,SGD,bandit_selection
2026-05-14T10:36:31.680527,19137,SGD,HT,bandit_selection
2026-05-14T10:36:31.705490,19138,HT,SGD,bandit_selection
2026-05-14T10:36:31.878188,19153,SGD,HT,bandit_selection
2026-05-14T10:36:31.888049,19154,HT,SGD,bandit_selection
2026-05-14T10:36:31.926278,19158,SGD,HT,bandit_selection
2026-05-14T10:36:31.936822,19159,HT,SGD,bandit_selection
2026-05-14T10:36:32.523191,19209,SGD,HT,bandit_selection
2026-05-14T10:36:32.530587,19210,HT,SGD,bandit_selection
2026-05-14T10:36:32.544794,19211,SGD,HT,bandit_selection
2026-05-14T10:36:32.556169,19212,HT,SGD,bandit_selection
2026-05-14T10:36:32.835618,19234,SGD,KNN,bandit_selection
2026-05-14T10:36:32.862321,19235,KNN,SGD,bandit_selection
2026-05-14T10:36:32.954678,19241,SGD,KNN,bandit_selection
2026-05-14T10:36:32.969893,19242,KNN,SGD,bandit_selection
2026-05-14T10:36:33.217759,19270,SGD,HT,bandit_selection
2026-05-14T10:36:33.225327,19271,HT,KNN,bandit_selection
2026-05-14T10:36:33.231001,19272,KNN,SGD,bandit_selection
2026-05-14T10:36:33.402149,19291,SGD,KNN,bandit_selection
2026-05-14T10:36:33.408589,19292,KNN,SGD,bandit_selection
2026-05-14T10:36:33.677303,19314,SGD,KNN,bandit_selection
2026-05-14T10:36:33.687318,19315,KNN,SGD,bandit_selection
2026-05-14T10:36:33.761570,19321,SGD,HT,bandit_selection
2026-05-14T10:36:33.775313,19322,HT,SGD,bandit_selection
2026-05-14T10:36:33.883032,19332,SGD,KNN,bandit_selection
2026-05-14T10:36:33.895204,19333,KNN,SGD,bandit_selection
2026-05-14T10:36:33.925397,19337,SGD,KNN,bandit_selection
2026-05-14T10:36:33.934455,19338,KNN,SGD,bandit_selection
2026-05-14T10:36:34.179397,19364,SGD,KNN,bandit_selection
2026-05-14T10:36:34.191373,19365,KNN,SGD,bandit_selection
2026-05-14T10:36:34.322124,19376,SGD,HT,bandit_selection
2026-05-14T10:36:34.336818,19377,HT,SGD,bandit_selection
2026-05-14T10:36:34.796133,19414,SGD,HT,bandit_selection
2026-05-14T10:36:34.809176,19415,HT,SGD,bandit_selection
2026-05-14T10:36:34.816875,19416,SGD,KNN,bandit_selection
2026-05-14T10:36:34.826991,19417,KNN,SGD,bandit_selection
2026-05-14T10:36:34.981770,19430,SGD,HT,bandit_selection
2026-05-14T10:36:34.992681,19431,HT,SGD,bandit_selection
2026-05-14T10:36:35.103909,19442,SGD,KNN,bandit_selection
2026-05-14T10:36:35.113977,19443,KNN,SGD,bandit_selection
2026-05-14T10:36:35.188429,19451,SGD,KNN,bandit_selection
2026-05-14T10:36:35.216400,19452,KNN,SGD,bandit_selection
2026-05-14T10:36:35.480076,19472,SGD,HT,bandit_selection
2026-05-14T10:36:35.491787,19473,HT,SGD,bandit_selection
2026-05-14T10:36:35.554990,19479,SGD,KNN,bandit_selection
2026-05-14T10:36:35.567558,19480,KNN,SGD,bandit_selection
2026-05-14T10:36:35.577395,19481,SGD,HT,bandit_selection
2026-05-14T10:36:35.591630,19482,HT,SGD,bandit_selection
2026-05-14T10:36:35.647081,19485,SGD,HT,bandit_selection
2026-05-14T10:36:35.663374,19486,HT,SGD,bandit_selection
2026-05-14T10:36:35.858116,19502,SGD,HT,bandit_selection
2026-05-14T10:36:35.872407,19503,HT,SGD,bandit_selection
2026-05-14T10:36:36.002035,19517,SGD,KNN,bandit_selection
2026-05-14T10:36:36.010794,19518,KNN,SGD,bandit_selection
2026-05-14T10:36:36.112274,19525,SGD,HT,bandit_selection
2026-05-14T10:36:36.125694,19526,HT,SGD,bandit_selection
2026-05-14T10:36:36.433041,19556,SGD,HT,bandit_selection
2026-05-14T10:36:36.443674,19557,HT,SGD,bandit_selection
2026-05-14T10:36:36.556021,19572,SGD,HT,bandit_selection
2026-05-14T10:36:36.562042,19573,HT,SGD,bandit_selection
2026-05-14T10:36:37.133717,19624,SGD,HT,bandit_selection
2026-05-14T10:36:37.144556,19625,HT,SGD,bandit_selection
2026-05-14T10:36:37.448258,19652,SGD,HT,bandit_selection
2026-05-14T10:36:37.458202,19653,HT,SGD,bandit_selection
2026-05-14T10:36:37.938335,19693,SGD,HT,bandit_selection
2026-05-14T10:36:37.947558,19694,HT,KNN,bandit_selection
2026-05-14T10:36:37.957767,19695,KNN,SGD,bandit_selection
2026-05-14T10:36:38.057015,19707,SGD,KNN,bandit_selection
2026-05-14T10:36:38.063372,19708,KNN,SGD,bandit_selection
2026-05-14T10:36:38.204903,19719,SGD,HT,bandit_selection
2026-05-14T10:36:38.215843,19720,HT,SGD,bandit_selection
2026-05-14T10:36:38.445619,19742,SGD,KNN,bandit_selection
2026-05-14T10:36:38.454835,19743,KNN,SGD,bandit_selection
2026-05-14T10:36:38.562202,19753,SGD,HT,bandit_selection
2026-05-14T10:36:38.570676,19754,HT,SGD,bandit_selection
2026-05-14T10:36:38.657131,19763,SGD,HT,bandit_selection
2026-05-14T10:36:38.666529,19764,HT,SGD,bandit_selection
2026-05-14T10:36:38.748305,19769,SGD,KNN,bandit_selection
2026-05-14T10:36:38.756499,19770,KNN,SGD,bandit_selection
2026-05-14T10:36:38.806147,19774,SGD,KNN,bandit_selection
2026-05-14T10:36:38.816397,19775,KNN,SGD,bandit_selection
2026-05-14T10:36:38.843150,19777,SGD,KNN,bandit_selection
2026-05-14T10:36:38.852301,19778,KNN,SGD,bandit_selection
2026-05-14T10:36:38.864613,19779,SGD,KNN,bandit_selection
2026-05-14T10:36:38.882844,19780,KNN,SGD,bandit_selection
2026-05-14T10:36:38.911808,19783,SGD,KNN,bandit_selection
2026-05-14T10:36:38.920682,19784,KNN,SGD,bandit_selection
2026-05-14T10:36:39.043709,19793,SGD,HT,bandit_selection
2026-05-14T10:36:39.052782,19794,HT,SGD,bandit_selection
2026-05-14T10:36:39.102294,19800,SGD,HT,bandit_selection
2026-05-14T10:36:39.112327,19801,HT,SGD,bandit_selection
2026-05-14T10:36:39.502444,19839,SGD,HT,bandit_selection
2026-05-14T10:36:39.508819,19840,HT,SGD,bandit_selection
2026-05-14T10:36:39.547759,19844,SGD,HT,bandit_selection
2026-05-14T10:36:39.557966,19845,HT,SGD,bandit_selection
2026-05-14T10:36:39.672717,19857,SGD,HT,bandit_selection
2026-05-14T10:36:39.678975,19858,HT,SGD,bandit_selection
2026-05-14T10:36:39.695656,19859,SGD,HT,bandit_selection
2026-05-14T10:36:39.701137,19860,HT,SGD,bandit_selection
2026-05-14T10:36:39.741544,19865,SGD,KNN,bandit_selection
2026-05-14T10:36:39.749570,19866,KNN,SGD,bandit_selection
2026-05-14T10:36:39.776770,19869,SGD,HT,bandit_selection
2026-05-14T10:36:39.782617,19870,HT,SGD,bandit_selection
2026-05-14T10:36:39.974652,19892,SGD,KNN,bandit_selection
2026-05-14T10:36:39.990430,19893,KNN,SGD,bandit_selection
2026-05-14T10:36:40.074898,19898,SGD,KNN,bandit_selection
2026-05-14T10:36:40.080905,19899,KNN,SGD,bandit_selection
2026-05-14T10:36:40.090952,19900,SGD,KNN,bandit_selection
2026-05-14T10:36:40.102153,19901,KNN,SGD,bandit_selection
2026-05-14T10:36:40.306110,19921,SGD,KNN,bandit_selection
2026-05-14T10:36:40.315364,19922,KNN,SGD,bandit_selection
2026-05-14T10:36:40.363887,19928,SGD,HT,bandit_selection
2026-05-14T10:36:40.372341,19929,HT,SGD,bandit_selection
2026-05-14T10:36:40.528890,19944,SGD,KNN,bandit_selection
2026-05-14T10:36:40.539959,19945,KNN,SGD,bandit_selection
2026-05-14T10:36:40.797013,19979,SGD,KNN,bandit_selection
2026-05-14T10:36:40.805228,19980,KNN,SGD,bandit_selection
2026-05-14T10:36:40.875892,19990,SGD,KNN,bandit_selection
2026-05-14T10:36:40.883414,19991,KNN,SGD,bandit_selection
2026-05-14T10:36:40.888545,19992,SGD,KNN,bandit_selection
2026-05-14T10:36:40.899123,19993,KNN,SGD,bandit_selection
2026-05-14T10:36:41.135751,20022,SGD,HT,bandit_selection
2026-05-14T10:36:41.144418,20023,HT,SGD,bandit_selection
2026-05-14T10:36:41.202479,20030,SGD,KNN,bandit_selection
2026-05-14T10:36:41.210553,20031,KNN,SGD,bandit_selection
2026-05-14T10:36:41.553831,20065,SGD,KNN,bandit_selection
2026-05-14T10:36:41.561597,20066,KNN,SGD,bandit_selection
2026-05-14T10:36:41.622694,20072,SGD,HT,bandit_selection
2026-05-14T10:36:41.636572,20073,HT,SGD,bandit_selection
2026-05-14T10:36:41.687525,20079,SGD,KNN,bandit_selection
2026-05-14T10:36:41.695052,20080,KNN,SGD,bandit_selection
2026-05-14T10:36:41.722781,20084,SGD,HT,bandit_selection
2026-05-14T10:36:41.752446,20085,HT,SGD,bandit_selection
2026-05-14T10:36:41.988751,20108,SGD,KNN,bandit_selection
2026-05-14T10:36:41.996460,20109,KNN,SGD,bandit_selection
2026-05-14T10:36:42.064787,20113,SGD,KNN,bandit_selection
2026-05-14T10:36:42.080216,20114,KNN,SGD,bandit_selection
2026-05-14T10:36:42.207415,20122,SGD,HT,bandit_selection
2026-05-14T10:36:42.215840,20123,HT,SGD,bandit_selection
2026-05-14T10:36:42.351847,20134,SGD,KNN,bandit_selection
2026-05-14T10:36:42.362707,20135,KNN,SGD,bandit_selection
2026-05-14T10:36:42.474954,20147,SGD,KNN,bandit_selection
2026-05-14T10:36:42.481690,20148,KNN,SGD,bandit_selection
2026-05-14T10:36:42.513544,20151,SGD,HT,bandit_selection
2026-05-14T10:36:42.520487,20152,HT,SGD,bandit_selection
2026-05-14T10:36:42.829051,20188,SGD,HT,bandit_selection
2026-05-14T10:36:42.836141,20189,HT,SGD,bandit_selection
2026-05-14T10:36:42.944148,20201,SGD,KNN,bandit_selection
2026-05-14T10:36:42.950815,20202,KNN,SGD,bandit_selection
2026-05-14T10:36:43.016927,20211,SGD,KNN,bandit_selection
2026-05-14T10:36:43.026150,20212,KNN,SGD,bandit_selection
2026-05-14T10:36:43.145760,20224,SGD,KNN,bandit_selection
2026-05-14T10:36:43.151792,20225,KNN,SGD,bandit_selection
2026-05-14T10:36:43.174530,20228,SGD,HT,bandit_selection
2026-05-14T10:36:43.180143,20229,HT,SGD,bandit_selection
2026-05-14T10:36:43.312261,20241,SGD,HT,bandit_selection
2026-05-14T10:36:43.318849,20242,HT,SGD,bandit_selection
2026-05-14T10:36:43.391675,20250,SGD,KNN,bandit_selection
2026-05-14T10:36:43.399822,20251,KNN,SGD,bandit_selection
2026-05-14T10:36:43.740312,20281,SGD,KNN,bandit_selection
2026-05-14T10:36:43.748412,20282,KNN,SGD,bandit_selection
2026-05-14T10:36:44.023163,20306,SGD,HT,bandit_selection
2026-05-14T10:36:44.034928,20307,HT,SGD,bandit_selection
2026-05-14T10:36:44.301277,20339,SGD,HT,bandit_selection
2026-05-14T10:36:44.310428,20340,HT,SGD,bandit_selection
2026-05-14T10:36:44.429126,20352,SGD,KNN,bandit_selection
2026-05-14T10:36:44.437916,20353,KNN,SGD,bandit_selection
2026-05-14T10:36:44.929600,20397,SGD,KNN,bandit_selection
2026-05-14T10:36:44.939031,20398,KNN,HT,bandit_selection
2026-05-14T10:36:44.964406,20399,HT,SGD,bandit_selection
2026-05-14T10:36:45.217027,20423,SGD,KNN,bandit_selection
2026-05-14T10:36:45.226619,20424,KNN,SGD,bandit_selection
2026-05-14T10:36:45.563008,20463,SGD,HT,bandit_selection
2026-05-14T10:36:45.574121,20464,HT,SGD,bandit_selection
2026-05-14T10:36:46.441296,20542,SGD,KNN,bandit_selection
2026-05-14T10:36:46.450865,20543,KNN,SGD,bandit_selection
2026-05-14T10:36:46.635694,20560,SGD,HT,bandit_selection
2026-05-14T10:36:46.643882,20561,HT,SGD,bandit_selection
2026-05-14T10:36:46.653086,20562,SGD,KNN,bandit_selection
2026-05-14T10:36:46.660456,20563,KNN,SGD,bandit_selection
2026-05-14T10:36:46.713807,20568,SGD,HT,bandit_selection
2026-05-14T10:36:46.720741,20569,HT,SGD,bandit_selection
2026-05-14T10:36:46.845686,20583,SGD,KNN,bandit_selection
2026-05-14T10:36:46.852514,20584,KNN,SGD,bandit_selection
2026-05-14T10:36:46.946269,20593,SGD,HT,bandit_selection
2026-05-14T10:36:46.959503,20594,HT,SGD,bandit_selection
2026-05-14T10:36:46.980510,20597,SGD,HT,bandit_selection
2026-05-14T10:36:46.985415,20598,HT,SGD,bandit_selection
2026-05-14T10:36:47.123180,20612,SGD,HT,bandit_selection
2026-05-14T10:36:47.129775,20613,HT,SGD,bandit_selection
2026-05-14T10:36:47.289859,20632,SGD,HT,bandit_selection
2026-05-14T10:36:47.301029,20633,HT,SGD,bandit_selection
2026-05-14T10:36:47.514006,20659,SGD,KNN,bandit_selection
2026-05-14T10:36:47.527322,20660,KNN,SGD,bandit_selection
2026-05-14T10:36:47.713411,20676,SGD,KNN,bandit_selection
2026-05-14T10:36:47.722907,20677,KNN,SGD,bandit_selection
2026-05-14T10:36:47.747928,20681,SGD,HT,bandit_selection
2026-05-14T10:36:47.755885,20682,HT,SGD,bandit_selection
2026-05-14T10:36:47.796826,20687,SGD,HT,bandit_selection
2026-05-14T10:36:47.809526,20688,HT,SGD,bandit_selection
2026-05-14T10:36:47.995272,20712,SGD,KNN,bandit_selection
2026-05-14T10:36:48.002607,20713,KNN,SGD,bandit_selection
2026-05-14T10:36:48.007766,20714,SGD,KNN,bandit_selection
2026-05-14T10:36:48.014636,20715,KNN,SGD,bandit_selection
2026-05-14T10:36:48.072705,20720,SGD,KNN,bandit_selection
2026-05-14T10:36:48.084079,20721,KNN,SGD,bandit_selection
2026-05-14T10:36:48.133134,20726,SGD,KNN,bandit_selection
2026-05-14T10:36:48.139296,20727,KNN,SGD,bandit_selection
2026-05-14T10:36:48.172444,20730,SGD,KNN,bandit_selection
2026-05-14T10:36:48.182976,20731,KNN,SGD,bandit_selection
2026-05-14T10:36:48.203223,20734,SGD,KNN,bandit_selection
2026-05-14T10:36:48.211939,20735,KNN,SGD,bandit_selection
2026-05-14T10:36:48.325412,20745,SGD,KNN,bandit_selection
2026-05-14T10:36:48.332550,20746,KNN,SGD,bandit_selection
2026-05-14T10:36:48.420213,20759,SGD,HT,bandit_selection
2026-05-14T10:36:48.426475,20760,HT,SGD,bandit_selection
2026-05-14T10:36:48.495474,20769,SGD,KNN,bandit_selection
2026-05-14T10:36:48.503060,20770,KNN,SGD,bandit_selection
2026-05-14T10:36:48.510286,20771,SGD,KNN,bandit_selection
2026-05-14T10:36:48.516090,20772,KNN,SGD,bandit_selection
2026-05-14T10:36:48.698938,20794,SGD,KNN,bandit_selection
2026-05-14T10:36:48.703959,20795,KNN,SGD,bandit_selection
2026-05-14T10:36:48.897296,20816,SGD,KNN,bandit_selection
2026-05-14T10:36:48.908800,20817,KNN,SGD,bandit_selection
2026-05-14T10:36:48.921837,20818,SGD,KNN,bandit_selection
2026-05-14T10:36:48.926694,20819,KNN,SGD,bandit_selection
2026-05-14T10:36:49.078930,20838,SGD,HT,bandit_selection
2026-05-14T10:36:49.087895,20839,HT,SGD,bandit_selection
2026-05-14T10:36:49.554568,20886,SGD,HT,bandit_selection
2026-05-14T10:36:49.560688,20887,HT,SGD,bandit_selection
2026-05-14T10:36:49.664188,20896,SGD,HT,bandit_selection
2026-05-14T10:36:49.675187,20897,HT,SGD,bandit_selection
2026-05-14T10:36:49.780995,20911,SGD,HT,bandit_selection
2026-05-14T10:36:49.788095,20912,HT,SGD,bandit_selection
2026-05-14T10:36:50.056468,20944,SGD,KNN,bandit_selection
2026-05-14T10:36:50.071154,20945,KNN,SGD,bandit_selection
2026-05-14T10:36:50.136432,20951,SGD,KNN,bandit_selection
2026-05-14T10:36:50.149585,20952,KNN,SGD,bandit_selection
2026-05-14T10:36:50.194078,20959,SGD,HT,bandit_selection
2026-05-14T10:36:50.203474,20960,HT,SGD,bandit_selection
2026-05-14T10:36:50.360366,20976,SGD,HT,bandit_selection
2026-05-14T10:36:50.369962,20977,HT,SGD,bandit_selection
2026-05-14T10:36:50.555151,20992,SGD,HT,bandit_selection
2026-05-14T10:36:50.564558,20993,HT,SGD,bandit_selection
2026-05-14T10:36:51.052292,21038,SGD,HT,bandit_selection
2026-05-14T10:36:51.061609,21039,HT,SGD,bandit_selection
2026-05-14T10:36:51.157938,21052,SGD,HT,bandit_selection
2026-05-14T10:36:51.165544,21053,HT,SGD,bandit_selection
2026-05-14T10:36:51.302192,21065,SGD,HT,bandit_selection
2026-05-14T10:36:51.313864,21066,HT,SGD,bandit_selection
2026-05-14T10:36:51.339094,21070,SGD,KNN,bandit_selection
2026-05-14T10:36:51.342338,21071,KNN,SGD,bandit_selection
2026-05-14T10:36:51.559407,21091,SGD,KNN,bandit_selection
2026-05-14T10:36:51.571684,21092,KNN,SGD,bandit_selection
2026-05-14T10:36:51.805858,21110,SGD,HT,bandit_selection
2026-05-14T10:36:51.822709,21111,HT,SGD,bandit_selection
2026-05-14T10:36:51.877375,21117,SGD,HT,bandit_selection
2026-05-14T10:36:51.887376,21118,HT,SGD,bandit_selection
2026-05-14T10:36:52.250520,21146,SGD,HT,bandit_selection
2026-05-14T10:36:52.293557,21148,HT,SGD,bandit_selection
2026-05-14T10:36:52.352512,21155,SGD,KNN,bandit_selection
2026-05-14T10:36:52.363300,21156,KNN,SGD,bandit_selection
2026-05-14T10:36:52.669646,21189,SGD,HT,bandit_selection
2026-05-14T10:36:52.680852,21190,HT,SGD,bandit_selection
2026-05-14T10:36:52.894476,21205,SGD,HT,bandit_selection
2026-05-14T10:36:52.917938,21206,HT,SGD,bandit_selection
2026-05-14T10:36:52.944207,21209,SGD,KNN,bandit_selection
2026-05-14T10:36:52.950660,21210,KNN,SGD,bandit_selection
2026-05-14T10:36:53.098285,21226,SGD,HT,bandit_selection
2026-05-14T10:36:53.104643,21227,HT,SGD,bandit_selection
2026-05-14T10:36:53.274577,21248,SGD,HT,bandit_selection
2026-05-14T10:36:53.282375,21249,HT,KNN,bandit_selection
2026-05-14T10:36:53.288950,21250,KNN,SGD,bandit_selection
2026-05-14T10:36:53.320938,21253,SGD,KNN,bandit_selection
2026-05-14T10:36:53.333388,21254,KNN,SGD,bandit_selection
2026-05-14T10:36:53.710841,21285,SGD,HT,bandit_selection
2026-05-14T10:36:53.727490,21286,HT,SGD,bandit_selection
2026-05-14T10:36:53.887584,21295,SGD,HT,bandit_selection
2026-05-14T10:36:53.902222,21296,HT,SGD,bandit_selection
2026-05-14T10:36:54.876782,21380,SGD,KNN,bandit_selection
2026-05-14T10:36:54.889160,21381,KNN,SGD,bandit_selection
2026-05-14T10:36:54.916154,21385,SGD,HT,bandit_selection
2026-05-14T10:36:54.926483,21386,HT,SGD,bandit_selection
2026-05-14T10:36:54.971431,21388,SGD,KNN,bandit_selection
2026-05-14T10:36:54.975952,21389,KNN,SGD,bandit_selection
2026-05-14T10:36:55.006278,21392,SGD,KNN,bandit_selection
2026-05-14T10:36:55.020751,21393,KNN,SGD,bandit_selection
2026-05-14T10:36:55.339471,21431,SGD,HT,bandit_selection
2026-05-14T10:36:55.343988,21432,HT,SGD,bandit_selection
2026-05-14T10:36:55.403619,21441,SGD,HT,bandit_selection
2026-05-14T10:36:55.417935,21442,HT,SGD,bandit_selection
2026-05-14T10:36:55.874746,21491,SGD,HT,bandit_selection
2026-05-14T10:36:55.881540,21492,HT,SGD,bandit_selection
2026-05-14T10:36:56.068035,21511,SGD,HT,bandit_selection
2026-05-14T10:36:56.079041,21512,HT,SGD,bandit_selection
2026-05-14T10:36:56.126021,21518,SGD,HT,bandit_selection
2026-05-14T10:36:56.132327,21519,HT,SGD,bandit_selection
2026-05-14T10:36:56.446973,21557,SGD,KNN,bandit_selection
2026-05-14T10:36:56.454183,21558,KNN,SGD,bandit_selection
2026-05-14T10:36:56.466518,21559,SGD,HT,bandit_selection
2026-05-14T10:36:56.478752,21560,HT,SGD,bandit_selection
2026-05-14T10:36:56.502575,21564,SGD,HT,bandit_selection
2026-05-14T10:36:56.511988,21565,HT,SGD,bandit_selection
2026-05-14T10:36:56.536999,21568,SGD,HT,bandit_selection
2026-05-14T10:36:56.547207,21569,HT,SGD,bandit_selection
2026-05-14T10:36:56.579142,21573,SGD,KNN,bandit_selection
2026-05-14T10:36:56.587230,21574,KNN,SGD,bandit_selection
2026-05-14T10:36:56.607603,21576,SGD,KNN,bandit_selection
2026-05-14T10:36:56.613505,21577,KNN,SGD,bandit_selection
2026-05-14T10:36:56.698235,21588,SGD,KNN,bandit_selection
2026-05-14T10:36:56.709065,21589,KNN,SGD,bandit_selection
2026-05-14T10:36:56.722000,21590,SGD,KNN,bandit_selection
2026-05-14T10:36:56.741325,21591,KNN,SGD,bandit_selection
2026-05-14T10:36:56.962220,21613,SGD,KNN,bandit_selection
2026-05-14T10:36:56.972340,21614,KNN,SGD,bandit_selection
2026-05-14T10:36:56.988480,21616,SGD,HT,bandit_selection
2026-05-14T10:36:57.010718,21617,HT,SGD,bandit_selection
2026-05-14T10:36:57.207298,21640,SGD,KNN,bandit_selection
2026-05-14T10:36:57.214528,21641,KNN,SGD,bandit_selection
2026-05-14T10:36:57.307853,21655,SGD,HT,bandit_selection
2026-05-14T10:36:57.313488,21656,HT,SGD,bandit_selection
2026-05-14T10:36:57.364288,21662,SGD,HT,bandit_selection
2026-05-14T10:36:57.370975,21663,HT,SGD,bandit_selection
2026-05-14T10:36:57.702308,21696,SGD,HT,bandit_selection
2026-05-14T10:36:57.713530,21697,HT,SGD,bandit_selection
2026-05-14T10:36:57.791674,21706,SGD,HT,bandit_selection
2026-05-14T10:36:57.807706,21707,HT,SGD,bandit_selection
2026-05-14T10:36:58.168151,21745,SGD,HT,bandit_selection
2026-05-14T10:36:58.181828,21746,HT,SGD,bandit_selection
2026-05-14T10:36:58.373817,21762,SGD,HT,bandit_selection
2026-05-14T10:36:58.384677,21763,HT,SGD,bandit_selection
2026-05-14T10:36:58.880570,21811,SGD,KNN,bandit_selection
2026-05-14T10:36:58.887670,21812,KNN,SGD,bandit_selection
2026-05-14T10:36:58.903631,21813,SGD,KNN,bandit_selection
2026-05-14T10:36:58.913456,21814,KNN,SGD,bandit_selection
2026-05-14T10:36:58.958868,21819,SGD,KNN,bandit_selection
2026-05-14T10:36:58.973566,21820,KNN,SGD,bandit_selection
2026-05-14T10:36:59.077307,21833,SGD,HT,bandit_selection
2026-05-14T10:36:59.083270,21834,HT,SGD,bandit_selection
2026-05-14T10:36:59.092812,21835,SGD,KNN,bandit_selection
2026-05-14T10:36:59.098964,21836,KNN,SGD,bandit_selection
2026-05-14T10:36:59.209743,21849,SGD,HT,bandit_selection
2026-05-14T10:36:59.217646,21850,HT,SGD,bandit_selection
2026-05-14T10:36:59.223649,21851,SGD,KNN,bandit_selection
2026-05-14T10:36:59.233527,21852,KNN,SGD,bandit_selection
2026-05-14T10:36:59.242858,21853,SGD,HT,bandit_selection
2026-05-14T10:36:59.252989,21854,HT,SGD,bandit_selection
2026-05-14T10:36:59.478710,21879,SGD,HT,bandit_selection
2026-05-14T10:36:59.487414,21880,HT,SGD,bandit_selection
2026-05-14T10:36:59.987117,21936,SGD,HT,bandit_selection
2026-05-14T10:36:59.997766,21937,HT,SGD,bandit_selection
2026-05-14T10:37:00.057262,21943,SGD,KNN,bandit_selection
2026-05-14T10:37:00.063525,21944,KNN,SGD,bandit_selection
2026-05-14T10:37:00.081365,21946,SGD,KNN,bandit_selection
2026-05-14T10:37:00.090807,21947,KNN,SGD,bandit_selection
2026-05-14T10:37:00.131313,21951,SGD,HT,bandit_selection
2026-05-14T10:37:00.137226,21952,HT,SGD,bandit_selection
2026-05-14T10:37:00.251922,21962,SGD,KNN,bandit_selection
2026-05-14T10:37:00.267044,21963,KNN,SGD,bandit_selection
2026-05-14T10:37:00.469295,21977,SGD,HT,bandit_selection
2026-05-14T10:37:00.479756,21978,HT,SGD,bandit_selection
2026-05-14T10:37:00.790295,22007,SGD,KNN,bandit_selection
2026-05-14T10:37:00.803855,22008,KNN,SGD,bandit_selection
2026-05-14T10:37:01.190360,22048,SGD,KNN,bandit_selection
2026-05-14T10:37:01.203700,22049,KNN,SGD,bandit_selection
2026-05-14T10:37:01.243640,22054,SGD,HT,bandit_selection
2026-05-14T10:37:01.250113,22055,HT,SGD,bandit_selection
2026-05-14T10:37:01.406341,22071,SGD,HT,bandit_selection
2026-05-14T10:37:01.415907,22072,HT,SGD,bandit_selection
2026-05-14T10:37:01.470212,22078,SGD,KNN,bandit_selection
2026-05-14T10:37:01.479255,22079,KNN,SGD,bandit_selection
2026-05-14T10:37:01.492223,22080,SGD,KNN,bandit_selection
2026-05-14T10:37:01.498543,22081,KNN,SGD,bandit_selection
2026-05-14T10:37:01.640734,22099,SGD,HT,bandit_selection
2026-05-14T10:37:01.647976,22100,HT,SGD,bandit_selection
2026-05-14T10:37:01.692935,22103,SGD,HT,bandit_selection
2026-05-14T10:37:01.700346,22104,HT,SGD,bandit_selection
2026-05-14T10:37:01.800420,22115,SGD,HT,bandit_selection
2026-05-14T10:37:01.812566,22116,HT,SGD,bandit_selection
2026-05-14T10:37:01.872166,22123,SGD,HT,bandit_selection
2026-05-14T10:37:01.877710,22124,HT,SGD,bandit_selection
2026-05-14T10:37:01.897247,22126,SGD,HT,bandit_selection
2026-05-14T10:37:01.906166,22127,HT,SGD,bandit_selection
2026-05-14T10:37:02.085630,22145,SGD,KNN,bandit_selection
2026-05-14T10:37:02.107583,22146,KNN,SGD,bandit_selection
2026-05-14T10:37:02.181517,22156,SGD,HT,bandit_selection
2026-05-14T10:37:02.192029,22157,HT,SGD,bandit_selection
2026-05-14T10:37:02.355164,22172,SGD,HT,bandit_selection
2026-05-14T10:37:02.366115,22173,HT,SGD,bandit_selection
2026-05-14T10:37:02.398137,22177,SGD,HT,bandit_selection
2026-05-14T10:37:02.404081,22178,HT,SGD,bandit_selection
2026-05-14T10:37:02.412248,22179,SGD,KNN,bandit_selection
2026-05-14T10:37:02.428365,22180,KNN,SGD,bandit_selection
2026-05-14T10:37:02.448518,22181,SGD,KNN,bandit_selection
2026-05-14T10:37:02.454409,22182,KNN,SGD,bandit_selection
2026-05-14T10:37:02.465818,22184,SGD,HT,bandit_selection
2026-05-14T10:37:02.474485,22185,HT,SGD,bandit_selection
2026-05-14T10:37:02.633503,22201,SGD,HT,bandit_selection
2026-05-14T10:37:02.652559,22202,HT,SGD,bandit_selection
2026-05-14T10:37:03.044725,22241,SGD,KNN,bandit_selection
2026-05-14T10:37:03.059061,22242,KNN,SGD,bandit_selection
2026-05-14T10:37:03.103643,22246,SGD,KNN,bandit_selection
2026-05-14T10:37:03.112327,22247,KNN,SGD,bandit_selection
2026-05-14T10:37:03.387474,22274,SGD,HT,bandit_selection
2026-05-14T10:37:03.400930,22275,HT,SGD,bandit_selection
2026-05-14T10:37:03.802088,22318,SGD,KNN,bandit_selection
2026-05-14T10:37:03.811333,22319,KNN,SGD,bandit_selection
2026-05-14T10:37:03.887859,22329,SGD,KNN,bandit_selection
2026-05-14T10:37:03.895294,22330,KNN,HT,bandit_selection
2026-05-14T10:37:03.906937,22331,HT,SGD,bandit_selection
2026-05-14T10:37:03.912688,22332,SGD,KNN,bandit_selection
2026-05-14T10:37:03.915751,22333,KNN,SGD,bandit_selection
2026-05-14T10:37:04.052519,22343,SGD,KNN,bandit_selection
2026-05-14T10:37:04.065244,22344,KNN,SGD,bandit_selection
2026-05-14T10:37:04.212062,22361,SGD,HT,bandit_selection
2026-05-14T10:37:04.218331,22362,HT,SGD,bandit_selection
2026-05-14T10:37:04.289726,22369,SGD,HT,bandit_selection
2026-05-14T10:37:04.296005,22370,HT,SGD,bandit_selection
2026-05-14T10:37:04.513392,22399,SGD,HT,bandit_selection
2026-05-14T10:37:04.517468,22400,HT,SGD,bandit_selection
2026-05-14T10:37:04.862428,22433,SGD,KNN,bandit_selection
2026-05-14T10:37:04.876060,22434,KNN,SGD,bandit_selection
2026-05-14T10:37:05.202701,22461,SGD,KNN,bandit_selection
2026-05-14T10:37:05.216866,22462,KNN,SGD,bandit_selection
2026-05-14T10:37:05.240552,22464,SGD,HT,bandit_selection
2026-05-14T10:37:05.248323,22465,HT,SGD,bandit_selection
2026-05-14T10:37:05.444931,22480,SGD,KNN,bandit_selection
2026-05-14T10:37:05.449309,22481,KNN,SGD,bandit_selection
2026-05-14T10:37:06.130357,22549,SGD,HT,bandit_selection
2026-05-14T10:37:06.141583,22550,HT,SGD,bandit_selection
2026-05-14T10:37:06.159148,22552,SGD,KNN,bandit_selection
2026-05-14T10:37:06.166493,22553,KNN,SGD,bandit_selection
2026-05-14T10:37:06.318249,22570,SGD,KNN,bandit_selection
2026-05-14T10:37:06.326430,22571,KNN,SGD,bandit_selection
2026-05-14T10:37:06.727998,22608,SGD,KNN,bandit_selection
2026-05-14T10:37:06.755526,22609,KNN,SGD,bandit_selection
2026-05-14T10:37:07.075365,22636,SGD,HT,bandit_selection
2026-05-14T10:37:07.093422,22637,HT,SGD,bandit_selection
2026-05-14T10:37:07.177429,22644,SGD,KNN,bandit_selection
2026-05-14T10:37:07.188419,22645,KNN,SGD,bandit_selection
2026-05-14T10:37:07.696747,22670,SGD,HT,bandit_selection
2026-05-14T10:37:07.708824,22671,HT,SGD,bandit_selection
2026-05-14T10:37:07.831871,22682,SGD,HT,bandit_selection
2026-05-14T10:37:07.850954,22683,HT,SGD,bandit_selection
2026-05-14T10:37:07.859102,22684,SGD,KNN,bandit_selection
2026-05-14T10:37:07.869012,22685,KNN,SGD,bandit_selection
2026-05-14T10:37:07.973841,22694,SGD,KNN,bandit_selection
2026-05-14T10:37:07.984383,22695,KNN,SGD,bandit_selection
2026-05-14T10:37:08.275960,22712,SGD,HT,bandit_selection
2026-05-14T10:37:08.302702,22714,HT,SGD,bandit_selection
2026-05-14T10:37:08.370398,22719,SGD,HT,bandit_selection
2026-05-14T10:37:08.380304,22720,HT,SGD,bandit_selection
2026-05-14T10:37:08.572624,22741,SGD,KNN,bandit_selection
2026-05-14T10:37:08.582207,22742,KNN,SGD,bandit_selection
2026-05-14T10:37:08.643190,22749,SGD,KNN,bandit_selection
2026-05-14T10:37:08.649362,22750,KNN,SGD,bandit_selection
2026-05-14T10:37:08.703899,22755,SGD,HT,bandit_selection
2026-05-14T10:37:08.727918,22756,HT,SGD,bandit_selection
2026-05-14T10:37:08.761239,22760,SGD,KNN,bandit_selection
2026-05-14T10:37:08.766553,22761,KNN,SGD,bandit_selection
2026-05-14T10:37:09.035971,22787,SGD,KNN,bandit_selection
2026-05-14T10:37:09.045792,22788,KNN,SGD,bandit_selection
2026-05-14T10:37:09.097747,22794,SGD,KNN,bandit_selection
2026-05-14T10:37:09.103272,22795,KNN,SGD,bandit_selection
2026-05-14T10:37:09.333191,22823,SGD,HT,bandit_selection
2026-05-14T10:37:09.340854,22824,HT,SGD,bandit_selection
2026-05-14T10:37:09.398227,22831,SGD,KNN,bandit_selection
2026-05-14T10:37:09.412260,22832,KNN,SGD,bandit_selection
2026-05-14T10:37:09.683731,22864,SGD,KNN,bandit_selection
2026-05-14T10:37:09.692326,22865,KNN,SGD,bandit_selection
2026-05-14T10:37:10.064491,22899,SGD,KNN,bandit_selection
2026-05-14T10:37:10.072335,22900,KNN,SGD,bandit_selection
2026-05-14T10:37:10.424149,22930,SGD,HT,bandit_selection
2026-05-14T10:37:10.439301,22931,HT,SGD,bandit_selection
2026-05-14T10:37:10.646964,22948,SGD,HT,bandit_selection
2026-05-14T10:37:10.662563,22949,HT,SGD,bandit_selection
2026-05-14T10:37:10.726371,22958,SGD,KNN,bandit_selection
2026-05-14T10:37:10.737657,22959,KNN,SGD,bandit_selection
2026-05-14T10:37:10.774771,22963,SGD,HT,bandit_selection
2026-05-14T10:37:10.780601,22964,HT,SGD,bandit_selection
2026-05-14T10:37:10.955431,22982,SGD,KNN,bandit_selection
2026-05-14T10:37:10.964876,22983,KNN,SGD,bandit_selection
2026-05-14T10:37:11.050733,22989,SGD,HT,bandit_selection
2026-05-14T10:37:11.065967,22990,HT,SGD,bandit_selection
2026-05-14T10:37:11.197426,23004,SGD,HT,bandit_selection
2026-05-14T10:37:11.205043,23005,HT,SGD,bandit_selection
2026-05-14T10:37:11.214556,23006,SGD,KNN,bandit_selection
2026-05-14T10:37:11.225282,23007,KNN,SGD,bandit_selection
2026-05-14T10:37:11.248427,23010,SGD,KNN,bandit_selection
2026-05-14T10:37:11.254614,23011,KNN,SGD,bandit_selection
2026-05-14T10:37:11.715659,23056,SGD,HT,bandit_selection
2026-05-14T10:37:11.720960,23057,HT,SGD,bandit_selection
2026-05-14T10:37:11.762191,23060,SGD,KNN,bandit_selection
2026-05-14T10:37:11.771778,23061,KNN,SGD,bandit_selection
2026-05-14T10:37:12.045430,23090,SGD,HT,bandit_selection
2026-05-14T10:37:12.052089,23091,HT,SGD,bandit_selection
2026-05-14T10:37:12.227910,23106,SGD,HT,bandit_selection
2026-05-14T10:37:12.239449,23107,HT,SGD,bandit_selection
2026-05-14T10:37:12.278122,23112,SGD,KNN,bandit_selection
2026-05-14T10:37:12.284374,23113,KNN,SGD,bandit_selection
2026-05-14T10:37:12.486978,23137,SGD,KNN,bandit_selection
2026-05-14T10:37:12.492911,23138,KNN,SGD,bandit_selection
2026-05-14T10:37:12.526737,23142,SGD,KNN,bandit_selection
2026-05-14T10:37:12.533202,23143,KNN,SGD,bandit_selection
2026-05-14T10:37:12.539171,23144,SGD,HT,bandit_selection
2026-05-14T10:37:12.550691,23145,HT,SGD,bandit_selection
2026-05-14T10:37:12.827923,23169,SGD,HT,bandit_selection
2026-05-14T10:37:12.836265,23170,HT,SGD,bandit_selection
2026-05-14T10:37:12.892158,23177,SGD,KNN,bandit_selection
2026-05-14T10:37:12.898971,23178,KNN,SGD,bandit_selection
2026-05-14T10:37:13.066921,23191,SGD,KNN,bandit_selection
2026-05-14T10:37:13.080662,23192,KNN,SGD,bandit_selection
2026-05-14T10:37:13.365812,23226,SGD,HT,bandit_selection
2026-05-14T10:37:13.370552,23227,HT,SGD,bandit_selection
2026-05-14T10:37:13.550338,23241,SGD,HT,bandit_selection
2026-05-14T10:37:13.561519,23242,HT,SGD,bandit_selection
2026-05-14T10:37:13.606680,23248,SGD,HT,bandit_selection
2026-05-14T10:37:13.628510,23249,HT,SGD,bandit_selection
2026-05-14T10:37:13.697913,23255,SGD,KNN,bandit_selection
2026-05-14T10:37:13.702348,23256,KNN,SGD,bandit_selection
2026-05-14T10:37:13.779252,23266,SGD,HT,bandit_selection
2026-05-14T10:37:13.785673,23267,HT,SGD,bandit_selection
2026-05-14T10:37:13.970216,23283,SGD,KNN,bandit_selection
2026-05-14T10:37:13.978315,23284,KNN,SGD,bandit_selection
2026-05-14T10:37:13.999673,23285,SGD,KNN,bandit_selection
2026-05-14T10:37:14.011916,23286,KNN,SGD,bandit_selection
2026-05-14T10:37:14.349472,23326,SGD,KNN,bandit_selection
2026-05-14T10:37:14.353585,23327,KNN,SGD,bandit_selection
2026-05-14T10:37:14.449847,23339,SGD,KNN,bandit_selection
2026-05-14T10:37:14.455747,23340,KNN,SGD,bandit_selection
2026-05-14T10:37:14.587317,23354,SGD,HT,bandit_selection
2026-05-14T10:37:14.594220,23355,HT,SGD,bandit_selection
2026-05-14T10:37:14.660321,23363,SGD,KNN,bandit_selection
2026-05-14T10:37:14.673561,23364,KNN,SGD,bandit_selection
2026-05-14T10:37:15.056081,23411,SGD,KNN,bandit_selection
2026-05-14T10:37:15.062942,23412,KNN,SGD,bandit_selection
2026-05-14T10:37:15.314508,23436,SGD,HT,bandit_selection
2026-05-14T10:37:15.338499,23437,HT,SGD,bandit_selection
2026-05-14T10:37:15.500447,23450,SGD,HT,bandit_selection
2026-05-14T10:37:15.509483,23451,HT,SGD,bandit_selection
2026-05-14T10:37:15.856599,23487,SGD,HT,bandit_selection
2026-05-14T10:37:15.873370,23488,HT,SGD,bandit_selection
2026-05-14T10:37:15.960543,23496,SGD,KNN,bandit_selection
2026-05-14T10:37:15.969269,23497,KNN,SGD,bandit_selection
2026-05-14T10:37:16.138340,23510,SGD,HT,bandit_selection
2026-05-14T10:37:16.146878,23511,HT,SGD,bandit_selection
2026-05-14T10:37:16.190574,23517,SGD,HT,bandit_selection
2026-05-14T10:37:16.197078,23518,HT,SGD,bandit_selection
2026-05-14T10:37:16.279422,23527,SGD,KNN,bandit_selection
2026-05-14T10:37:16.283424,23528,KNN,SGD,bandit_selection
2026-05-14T10:37:16.331000,23535,SGD,KNN,bandit_selection
2026-05-14T10:37:16.339444,23536,KNN,SGD,bandit_selection
2026-05-14T10:37:16.389189,23541,SGD,HT,bandit_selection
2026-05-14T10:37:16.398669,23542,HT,SGD,bandit_selection
2026-05-14T10:37:16.711566,23567,SGD,KNN,bandit_selection
2026-05-14T10:37:16.721991,23568,KNN,SGD,bandit_selection
2026-05-14T10:37:16.798745,23576,SGD,KNN,bandit_selection
2026-05-14T10:37:16.813050,23577,KNN,SGD,bandit_selection
2026-05-14T10:37:16.865387,23583,SGD,HT,bandit_selection
2026-05-14T10:37:16.875143,23584,HT,SGD,bandit_selection
2026-05-14T10:37:17.516891,23636,SGD,KNN,bandit_selection
2026-05-14T10:37:17.539073,23637,KNN,HT,bandit_selection
2026-05-14T10:37:17.567277,23639,HT,SGD,bandit_selection
2026-05-14T10:37:17.836692,23667,SGD,HT,bandit_selection
2026-05-14T10:37:17.849220,23668,HT,SGD,bandit_selection
2026-05-14T10:37:17.937892,23678,SGD,HT,bandit_selection
2026-05-14T10:37:17.946509,23679,HT,SGD,bandit_selection
2026-05-14T10:37:18.035657,23686,SGD,HT,bandit_selection
2026-05-14T10:37:18.044837,23687,HT,SGD,bandit_selection
2026-05-14T10:37:18.103385,23694,SGD,KNN,bandit_selection
2026-05-14T10:37:18.114942,23695,KNN,SGD,bandit_selection
2026-05-14T10:37:18.187689,23705,SGD,KNN,bandit_selection
2026-05-14T10:37:18.194435,23706,KNN,SGD,bandit_selection
2026-05-14T10:37:18.596522,23742,SGD,KNN,bandit_selection
2026-05-14T10:37:18.600950,23743,KNN,SGD,bandit_selection
2026-05-14T10:37:18.781742,23758,SGD,KNN,bandit_selection
2026-05-14T10:37:18.788295,23759,KNN,SGD,bandit_selection
2026-05-14T10:37:18.931912,23773,SGD,KNN,bandit_selection
2026-05-14T10:37:18.938167,23774,KNN,HT,bandit_selection
2026-05-14T10:37:18.945405,23775,HT,SGD,bandit_selection
2026-05-14T10:37:18.990106,23782,SGD,KNN,bandit_selection
2026-05-14T10:37:19.001149,23783,KNN,SGD,bandit_selection
2026-05-14T10:37:19.037961,23787,SGD,HT,bandit_selection
2026-05-14T10:37:19.047521,23788,HT,SGD,bandit_selection
2026-05-14T10:37:19.144703,23798,SGD,HT,bandit_selection
2026-05-14T10:37:19.154280,23799,HT,KNN,bandit_selection
2026-05-14T10:37:19.164131,23800,KNN,SGD,bandit_selection
2026-05-14T10:37:19.208071,23805,SGD,KNN,bandit_selection
2026-05-14T10:37:19.223136,23806,KNN,SGD,bandit_selection
2026-05-14T10:37:19.412951,23829,SGD,KNN,bandit_selection
2026-05-14T10:37:19.426134,23830,KNN,SGD,bandit_selection
2026-05-14T10:37:19.808098,23867,SGD,HT,bandit_selection
2026-05-14T10:37:19.829264,23868,HT,SGD,bandit_selection
2026-05-14T10:37:19.979042,23886,SGD,KNN,bandit_selection
2026-05-14T10:37:19.985906,23887,KNN,SGD,bandit_selection
2026-05-14T10:37:20.142080,23906,SGD,HT,bandit_selection
2026-05-14T10:37:20.147033,23907,HT,SGD,bandit_selection
2026-05-14T10:37:20.314632,23923,SGD,HT,bandit_selection
2026-05-14T10:37:20.322916,23924,HT,SGD,bandit_selection
2026-05-14T10:37:20.346051,23927,SGD,HT,bandit_selection
2026-05-14T10:37:20.354748,23928,HT,KNN,bandit_selection
2026-05-14T10:37:20.362958,23929,KNN,SGD,bandit_selection
2026-05-14T10:37:20.469458,23938,SGD,KNN,bandit_selection
2026-05-14T10:37:20.476763,23939,KNN,SGD,bandit_selection
2026-05-14T10:37:20.489252,23941,SGD,KNN,bandit_selection
2026-05-14T10:37:20.500653,23942,KNN,SGD,bandit_selection
2026-05-14T10:37:20.515249,23944,SGD,HT,bandit_selection
2026-05-14T10:37:20.521591,23945,HT,SGD,bandit_selection
2026-05-14T10:37:20.575382,23953,SGD,KNN,bandit_selection
2026-05-14T10:37:20.590749,23955,KNN,SGD,bandit_selection
2026-05-14T10:37:20.725966,23972,SGD,HT,bandit_selection
2026-05-14T10:37:20.731635,23973,HT,SGD,bandit_selection
2026-05-14T10:37:20.875707,23992,SGD,KNN,bandit_selection
2026-05-14T10:37:20.882354,23993,KNN,SGD,bandit_selection
2026-05-14T10:37:20.890578,23994,SGD,KNN,bandit_selection
2026-05-14T10:37:20.895559,23995,KNN,SGD,bandit_selection
2026-05-14T10:37:20.908183,23997,SGD,HT,bandit_selection
2026-05-14T10:37:20.913242,23998,HT,SGD,bandit_selection
2026-05-14T10:37:21.049955,24011,SGD,HT,bandit_selection
2026-05-14T10:37:21.066180,24012,HT,SGD,bandit_selection
2026-05-14T10:37:21.254006,24033,SGD,HT,bandit_selection
2026-05-14T10:37:21.263341,24034,HT,SGD,bandit_selection
2026-05-14T10:37:21.604144,24074,SGD,KNN,bandit_selection
2026-05-14T10:37:21.611900,24075,KNN,HT,bandit_selection
2026-05-14T10:37:21.617846,24076,HT,SGD,bandit_selection
2026-05-14T10:37:21.832787,24099,SGD,KNN,bandit_selection
2026-05-14T10:37:21.843640,24100,KNN,SGD,bandit_selection
2026-05-14T10:37:21.907756,24109,SGD,HT,bandit_selection
2026-05-14T10:37:21.913731,24110,HT,SGD,bandit_selection
2026-05-14T10:37:22.056151,24124,SGD,HT,bandit_selection
2026-05-14T10:37:22.062511,24125,HT,SGD,bandit_selection
2026-05-14T10:37:22.078859,24127,SGD,HT,bandit_selection
2026-05-14T10:37:22.087162,24128,HT,SGD,bandit_selection
2026-05-14T10:37:22.416119,24170,SGD,HT,bandit_selection
2026-05-14T10:37:22.422481,24171,HT,SGD,bandit_selection
2026-05-14T10:37:22.443303,24173,SGD,HT,bandit_selection
2026-05-14T10:37:22.456134,24174,HT,SGD,bandit_selection
2026-05-14T10:37:22.492413,24178,SGD,KNN,bandit_selection
2026-05-14T10:37:22.499271,24179,KNN,SGD,bandit_selection
2026-05-14T10:37:22.549673,24185,SGD,HT,bandit_selection
2026-05-14T10:37:22.557628,24186,HT,SGD,bandit_selection
2026-05-14T10:37:22.659248,24196,SGD,HT,bandit_selection
2026-05-14T10:37:22.665710,24197,HT,SGD,bandit_selection
2026-05-14T10:37:22.742030,24202,SGD,KNN,bandit_selection
2026-05-14T10:37:22.748144,24203,KNN,SGD,bandit_selection
2026-05-14T10:37:23.222969,24250,SGD,KNN,bandit_selection
2026-05-14T10:37:23.228776,24251,KNN,SGD,bandit_selection
2026-05-14T10:37:23.396331,24273,SGD,HT,bandit_selection
2026-05-14T10:37:23.416913,24275,HT,SGD,bandit_selection
2026-05-14T10:37:23.539663,24285,SGD,KNN,bandit_selection
2026-05-14T10:37:23.550704,24286,KNN,SGD,bandit_selection
2026-05-14T10:37:23.927460,24310,SGD,KNN,bandit_selection
2026-05-14T10:37:23.939719,24311,KNN,SGD,bandit_selection
2026-05-14T10:37:23.991672,24317,SGD,KNN,bandit_selection
2026-05-14T10:37:23.997311,24318,KNN,SGD,bandit_selection
2026-05-14T10:37:24.011974,24320,SGD,HT,bandit_selection
2026-05-14T10:37:24.020340,24321,HT,KNN,bandit_selection
2026-05-14T10:37:24.026712,24322,KNN,SGD,bandit_selection
2026-05-14T10:37:24.203997,24333,SGD,HT,bandit_selection
2026-05-14T10:37:24.210478,24334,HT,SGD,bandit_selection
2026-05-14T10:37:24.255048,24339,SGD,KNN,bandit_selection
2026-05-14T10:37:24.261714,24340,KNN,SGD,bandit_selection
2026-05-14T10:37:24.369464,24354,SGD,HT,bandit_selection
2026-05-14T10:37:24.375948,24355,HT,SGD,bandit_selection
2026-05-14T10:37:24.423542,24362,SGD,KNN,bandit_selection
2026-05-14T10:37:24.438481,24363,KNN,SGD,bandit_selection
2026-05-14T10:37:24.448542,24364,SGD,HT,bandit_selection
2026-05-14T10:37:24.456509,24365,HT,SGD,bandit_selection
2026-05-14T10:37:24.481365,24367,SGD,KNN,bandit_selection
2026-05-14T10:37:24.501851,24369,KNN,SGD,bandit_selection
2026-05-14T10:37:24.579221,24378,SGD,HT,bandit_selection
2026-05-14T10:37:24.589758,24379,HT,KNN,bandit_selection
2026-05-14T10:37:24.597250,24380,KNN,SGD,bandit_selection
2026-05-14T10:37:24.672815,24391,SGD,HT,bandit_selection
2026-05-14T10:37:24.678835,24392,HT,SGD,bandit_selection
2026-05-14T10:37:24.706138,24395,SGD,KNN,bandit_selection
2026-05-14T10:37:24.716294,24396,KNN,SGD,bandit_selection
2026-05-14T10:37:24.826783,24411,SGD,KNN,bandit_selection
2026-05-14T10:37:24.838585,24412,KNN,SGD,bandit_selection
2026-05-14T10:37:24.886223,24418,SGD,KNN,bandit_selection
2026-05-14T10:37:24.909038,24419,KNN,SGD,bandit_selection
2026-05-14T10:37:25.162606,24451,SGD,KNN,bandit_selection
2026-05-14T10:37:25.171415,24452,KNN,SGD,bandit_selection
2026-05-14T10:37:25.256865,24464,SGD,KNN,bandit_selection
2026-05-14T10:37:25.262813,24465,KNN,SGD,bandit_selection
2026-05-14T10:37:25.408576,24482,SGD,KNN,bandit_selection
2026-05-14T10:37:25.414130,24483,KNN,SGD,bandit_selection
2026-05-14T10:37:25.858845,24530,SGD,KNN,bandit_selection
2026-05-14T10:37:25.862781,24531,KNN,SGD,bandit_selection
2026-05-14T10:37:26.145016,24560,SGD,HT,bandit_selection
2026-05-14T10:37:26.149672,24561,HT,SGD,bandit_selection
2026-05-14T10:37:26.328996,24584,SGD,HT,bandit_selection
2026-05-14T10:37:26.341241,24585,HT,SGD,bandit_selection
2026-05-14T10:37:26.362413,24588,SGD,HT,bandit_selection
2026-05-14T10:37:26.367564,24589,HT,SGD,bandit_selection
2026-05-14T10:37:26.486650,24604,SGD,KNN,bandit_selection
2026-05-14T10:37:26.494866,24605,KNN,SGD,bandit_selection
2026-05-14T10:37:26.754022,24632,SGD,KNN,bandit_selection
2026-05-14T10:37:26.760405,24633,KNN,SGD,bandit_selection
2026-05-14T10:37:27.215107,24688,SGD,HT,bandit_selection
2026-05-14T10:37:27.222814,24689,HT,SGD,bandit_selection
2026-05-14T10:37:27.378803,24708,SGD,KNN,bandit_selection
2026-05-14T10:37:27.387623,24709,KNN,SGD,bandit_selection
2026-05-14T10:37:27.429134,24715,SGD,HT,bandit_selection
2026-05-14T10:37:27.438221,24716,HT,SGD,bandit_selection
2026-05-14T10:37:27.548354,24730,SGD,KNN,bandit_selection
2026-05-14T10:37:27.554216,24731,KNN,SGD,bandit_selection
2026-05-14T10:37:27.682209,24743,SGD,KNN,bandit_selection
2026-05-14T10:37:27.689437,24744,KNN,SGD,bandit_selection
2026-05-14T10:37:27.814704,24756,SGD,HT,bandit_selection
2026-05-14T10:37:27.818826,24757,HT,SGD,bandit_selection
2026-05-14T10:37:27.827724,24758,SGD,HT,bandit_selection
2026-05-14T10:37:27.835135,24759,HT,SGD,bandit_selection
2026-05-14T10:37:27.977546,24776,SGD,HT,bandit_selection
2026-05-14T10:37:27.989177,24777,HT,SGD,bandit_selection
2026-05-14T10:37:28.239852,24798,SGD,KNN,bandit_selection
2026-05-14T10:37:28.256814,24800,KNN,SGD,bandit_selection
2026-05-14T10:37:28.547800,24834,SGD,HT,bandit_selection
2026-05-14T10:37:28.556328,24835,HT,SGD,bandit_selection
2026-05-14T10:37:28.598508,24840,SGD,KNN,bandit_selection
2026-05-14T10:37:28.612589,24841,KNN,SGD,bandit_selection
2026-05-14T10:37:28.828577,24861,SGD,KNN,bandit_selection
2026-05-14T10:37:28.837837,24862,KNN,SGD,bandit_selection
2026-05-14T10:37:29.210292,24898,SGD,HT,bandit_selection
2026-05-14T10:37:29.218119,24899,HT,SGD,bandit_selection
2026-05-14T10:37:29.230103,24900,SGD,KNN,bandit_selection
2026-05-14T10:37:29.241672,24901,KNN,SGD,bandit_selection
2026-05-14T10:37:29.577396,24937,SGD,HT,bandit_selection
2026-05-14T10:37:29.586306,24938,HT,SGD,bandit_selection
2026-05-14T10:37:29.633602,24943,SGD,KNN,bandit_selection
2026-05-14T10:37:29.648253,24944,KNN,SGD,bandit_selection
2026-05-14T10:37:29.664384,24945,SGD,KNN,bandit_selection
2026-05-14T10:37:29.682444,24946,KNN,SGD,bandit_selection
2026-05-14T10:37:29.734081,24950,SGD,HT,bandit_selection
2026-05-14T10:37:29.741681,24951,HT,SGD,bandit_selection
2026-05-14T10:37:29.781215,24956,SGD,KNN,bandit_selection
2026-05-14T10:37:29.787102,24957,KNN,HT,bandit_selection
2026-05-14T10:37:29.793707,24958,HT,SGD,bandit_selection
2026-05-14T10:37:29.839771,24963,SGD,HT,bandit_selection
2026-05-14T10:37:29.851338,24964,HT,SGD,bandit_selection
2026-05-14T10:37:30.211976,25000,SGD,KNN,bandit_selection
2026-05-14T10:37:30.246710,25001,KNN,SGD,bandit_selection
2026-05-14T10:37:30.255204,25002,SGD,HT,bandit_selection
2026-05-14T10:37:30.270834,25004,HT,SGD,bandit_selection
2026-05-14T10:37:30.321518,25011,SGD,KNN,bandit_selection
2026-05-14T10:37:30.328059,25012,KNN,SGD,bandit_selection
2026-05-14T10:37:30.464332,25029,SGD,HT,bandit_selection
2026-05-14T10:37:30.470226,25030,HT,SGD,bandit_selection
2026-05-14T10:37:30.579504,25044,SGD,HT,bandit_selection
2026-05-14T10:37:30.585172,25045,HT,KNN,bandit_selection
2026-05-14T10:37:30.592199,25046,KNN,SGD,bandit_selection
2026-05-14T10:37:30.751083,25066,SGD,KNN,bandit_selection
2026-05-14T10:37:30.760258,25067,KNN,SGD,bandit_selection
2026-05-14T10:37:31.033666,25097,SGD,KNN,bandit_selection
2026-05-14T10:37:31.039050,25098,KNN,SGD,bandit_selection
2026-05-14T10:37:31.219960,25118,SGD,KNN,bandit_selection
2026-05-14T10:37:31.227931,25119,KNN,SGD,bandit_selection
2026-05-14T10:37:31.430731,25137,SGD,KNN,bandit_selection
2026-05-14T10:37:31.439603,25138,KNN,SGD,bandit_selection
2026-05-14T10:37:31.453819,25140,SGD,KNN,bandit_selection
2026-05-14T10:37:31.474475,25141,KNN,SGD,bandit_selection
2026-05-14T10:37:31.741074,25166,SGD,KNN,bandit_selection
2026-05-14T10:37:31.752615,25167,KNN,SGD,bandit_selection
2026-05-14T10:37:31.800797,25172,SGD,KNN,bandit_selection
2026-05-14T10:37:31.808168,25173,KNN,SGD,bandit_selection
2026-05-14T10:37:31.956629,25189,SGD,HT,bandit_selection
2026-05-14T10:37:31.964593,25190,HT,SGD,bandit_selection
2026-05-14T10:37:32.023683,25197,SGD,HT,bandit_selection
2026-05-14T10:37:32.030380,25198,HT,SGD,bandit_selection
2026-05-14T10:37:32.132368,25208,SGD,KNN,bandit_selection
2026-05-14T10:37:32.143334,25209,KNN,SGD,bandit_selection
2026-05-14T10:37:32.243862,25221,SGD,HT,bandit_selection
2026-05-14T10:37:32.251354,25222,HT,KNN,bandit_selection
2026-05-14T10:37:32.261144,25223,KNN,SGD,bandit_selection
2026-05-14T10:37:32.557632,25245,SGD,KNN,bandit_selection
2026-05-14T10:37:32.569218,25246,KNN,SGD,bandit_selection
2026-05-14T10:37:32.576043,25247,SGD,KNN,bandit_selection
2026-05-14T10:37:32.586908,25248,KNN,SGD,bandit_selection
2026-05-14T10:37:32.705910,25257,SGD,HT,bandit_selection
2026-05-14T10:37:32.720743,25259,HT,SGD,bandit_selection
2026-05-14T10:37:32.734034,25261,SGD,HT,bandit_selection
2026-05-14T10:37:32.742109,25262,HT,SGD,bandit_selection
2026-05-14T10:37:33.000466,25288,SGD,HT,bandit_selection
2026-05-14T10:37:33.007920,25289,HT,SGD,bandit_selection
2026-05-14T10:37:33.031022,25292,SGD,KNN,bandit_selection
2026-05-14T10:37:33.041479,25293,KNN,SGD,bandit_selection
2026-05-14T10:37:33.205042,25311,SGD,KNN,bandit_selection
2026-05-14T10:37:33.210514,25312,KNN,SGD,bandit_selection
2026-05-14T10:37:33.438401,25336,SGD,KNN,bandit_selection
2026-05-14T10:37:33.445714,25337,KNN,SGD,bandit_selection
2026-05-14T10:37:33.779953,25375,SGD,HT,bandit_selection
2026-05-14T10:37:33.799215,25376,HT,SGD,bandit_selection
2026-05-14T10:37:33.833830,25379,SGD,HT,bandit_selection
2026-05-14T10:37:33.848435,25380,HT,SGD,bandit_selection
2026-05-14T10:37:33.980128,25392,SGD,KNN,bandit_selection
2026-05-14T10:37:33.992166,25393,KNN,SGD,bandit_selection
2026-05-14T10:37:34.036313,25396,SGD,KNN,bandit_selection
2026-05-14T10:37:34.051351,25397,KNN,SGD,bandit_selection
2026-05-14T10:37:34.703563,25471,SGD,KNN,bandit_selection
2026-05-14T10:37:34.712128,25472,KNN,SGD,bandit_selection
2026-05-14T10:37:35.004575,25501,SGD,HT,bandit_selection
2026-05-14T10:37:35.017473,25502,HT,SGD,bandit_selection
2026-05-14T10:37:35.025207,25503,SGD,KNN,bandit_selection
2026-05-14T10:37:35.042923,25504,KNN,SGD,bandit_selection
2026-05-14T10:37:35.195148,25524,SGD,KNN,bandit_selection
2026-05-14T10:37:35.207031,25525,KNN,SGD,bandit_selection
2026-05-14T10:37:35.236692,25527,SGD,KNN,bandit_selection
2026-05-14T10:37:35.244388,25528,KNN,SGD,bandit_selection
2026-05-14T10:37:35.304641,25534,SGD,HT,bandit_selection
2026-05-14T10:37:35.311022,25535,HT,SGD,bandit_selection
2026-05-14T10:37:35.374570,25544,SGD,HT,bandit_selection
2026-05-14T10:37:35.382937,25545,HT,SGD,bandit_selection
2026-05-14T10:37:35.436842,25551,SGD,HT,bandit_selection
2026-05-14T10:37:35.443809,25552,HT,SGD,bandit_selection
2026-05-14T10:37:35.650530,25575,SGD,KNN,bandit_selection
2026-05-14T10:37:35.663988,25576,KNN,SGD,bandit_selection
2026-05-14T10:37:36.052256,25616,SGD,KNN,bandit_selection
2026-05-14T10:37:36.060350,25617,KNN,SGD,bandit_selection
2026-05-14T10:37:36.166177,25625,SGD,KNN,bandit_selection
2026-05-14T10:37:36.184270,25626,KNN,SGD,bandit_selection
2026-05-14T10:37:36.243121,25629,SGD,HT,bandit_selection
2026-05-14T10:37:36.260498,25630,HT,SGD,bandit_selection
2026-05-14T10:37:36.585852,25671,SGD,KNN,bandit_selection
2026-05-14T10:37:36.591949,25672,KNN,SGD,bandit_selection
2026-05-14T10:37:36.726509,25688,SGD,KNN,bandit_selection
2026-05-14T10:37:36.743790,25690,KNN,SGD,bandit_selection
2026-05-14T10:37:36.781584,25696,SGD,KNN,bandit_selection
2026-05-14T10:37:36.788260,25697,KNN,SGD,bandit_selection
2026-05-14T10:37:36.938989,25715,SGD,HT,bandit_selection
2026-05-14T10:37:36.946518,25716,HT,KNN,bandit_selection
2026-05-14T10:37:36.956630,25717,KNN,SGD,bandit_selection
2026-05-14T10:37:37.068357,25727,SGD,HT,bandit_selection
2026-05-14T10:37:37.073102,25728,HT,SGD,bandit_selection
2026-05-14T10:37:37.192091,25739,SGD,KNN,bandit_selection
2026-05-14T10:37:37.199886,25740,KNN,SGD,bandit_selection
2026-05-14T10:37:37.513157,25771,SGD,HT,bandit_selection
2026-05-14T10:37:37.528498,25772,HT,SGD,bandit_selection
2026-05-14T10:37:37.687604,25790,SGD,KNN,bandit_selection
2026-05-14T10:37:37.695218,25791,KNN,SGD,bandit_selection
2026-05-14T10:37:37.795863,25800,SGD,KNN,bandit_selection
2026-05-14T10:37:37.808130,25801,KNN,SGD,bandit_selection
2026-05-14T10:37:37.825126,25803,SGD,KNN,bandit_selection
2026-05-14T10:37:37.831185,25804,KNN,SGD,bandit_selection
2026-05-14T10:37:37.853700,25806,SGD,HT,bandit_selection
2026-05-14T10:37:37.863205,25807,HT,SGD,bandit_selection
2026-05-14T10:37:37.961982,25818,SGD,HT,bandit_selection
2026-05-14T10:37:37.968632,25819,HT,SGD,bandit_selection
2026-05-14T10:37:38.102542,25830,SGD,HT,bandit_selection
2026-05-14T10:37:38.119779,25832,HT,SGD,bandit_selection
2026-05-14T10:37:38.255238,25847,SGD,HT,bandit_selection
2026-05-14T10:37:38.270692,25848,HT,SGD,bandit_selection
2026-05-14T10:37:38.660186,25893,SGD,KNN,bandit_selection
2026-05-14T10:37:38.666873,25894,KNN,SGD,bandit_selection
2026-05-14T10:37:39.061129,25941,SGD,KNN,bandit_selection
2026-05-14T10:37:39.069220,25942,KNN,SGD,bandit_selection
2026-05-14T10:37:39.112781,25947,SGD,KNN,bandit_selection
2026-05-14T10:37:39.124551,25949,KNN,SGD,bandit_selection
2026-05-14T10:37:39.128500,25950,SGD,HT,bandit_selection
2026-05-14T10:37:39.139735,25951,HT,SGD,bandit_selection
2026-05-14T10:37:39.156429,25954,SGD,HT,bandit_selection
2026-05-14T10:37:39.165358,25955,HT,SGD,bandit_selection
2026-05-14T10:37:39.245456,25962,SGD,HT,bandit_selection
2026-05-14T10:37:39.252372,25963,HT,SGD,bandit_selection
2026-05-14T10:37:39.660647,26009,SGD,KNN,bandit_selection
2026-05-14T10:37:39.666911,26010,KNN,SGD,bandit_selection
2026-05-14T10:37:39.791724,26019,SGD,KNN,bandit_selection
2026-05-14T10:37:39.803877,26020,KNN,SGD,bandit_selection
2026-05-14T10:37:39.941960,26033,SGD,KNN,bandit_selection
2026-05-14T10:37:39.948461,26034,KNN,SGD,bandit_selection
2026-05-14T10:37:40.053908,26044,SGD,KNN,bandit_selection
2026-05-14T10:37:40.075672,26046,KNN,SGD,bandit_selection
2026-05-14T10:37:40.149829,26051,SGD,KNN,bandit_selection
2026-05-14T10:37:40.160160,26052,KNN,SGD,bandit_selection
2026-05-14T10:37:40.329216,26065,SGD,HT,bandit_selection
2026-05-14T10:37:40.338467,26066,HT,SGD,bandit_selection
2026-05-14T10:37:40.568422,26092,SGD,KNN,bandit_selection
2026-05-14T10:37:40.577410,26093,KNN,SGD,bandit_selection
2026-05-14T10:37:40.686332,26102,SGD,HT,bandit_selection
2026-05-14T10:37:40.694840,26103,HT,SGD,bandit_selection
2026-05-14T10:37:40.795404,26114,SGD,HT,bandit_selection
2026-05-14T10:37:40.805606,26115,HT,SGD,bandit_selection
2026-05-14T10:37:40.882050,26124,SGD,KNN,bandit_selection
2026-05-14T10:37:40.894784,26125,KNN,HT,bandit_selection
2026-05-14T10:37:40.913571,26126,HT,SGD,bandit_selection
2026-05-14T10:37:40.965765,26132,SGD,KNN,bandit_selection
2026-05-14T10:37:40.973256,26133,KNN,SGD,bandit_selection
2026-05-14T10:37:41.086795,26147,SGD,KNN,bandit_selection
2026-05-14T10:37:41.096887,26148,KNN,SGD,bandit_selection
2026-05-14T10:37:41.116445,26150,SGD,HT,bandit_selection
2026-05-14T10:37:41.129600,26151,HT,SGD,bandit_selection
2026-05-14T10:37:41.403423,26179,SGD,KNN,bandit_selection
2026-05-14T10:37:41.408558,26180,KNN,SGD,bandit_selection
2026-05-14T10:37:41.498539,26192,SGD,KNN,bandit_selection
2026-05-14T10:37:41.507621,26193,KNN,SGD,bandit_selection
2026-05-14T10:37:41.702010,26213,SGD,KNN,bandit_selection
2026-05-14T10:37:41.711282,26214,KNN,SGD,bandit_selection
2026-05-14T10:37:41.925073,26237,SGD,KNN,bandit_selection
2026-05-14T10:37:41.934447,26238,KNN,SGD,bandit_selection
2026-05-14T10:37:42.331174,26271,SGD,HT,bandit_selection
2026-05-14T10:37:42.339942,26272,HT,SGD,bandit_selection
2026-05-14T10:37:42.529450,26285,SGD,KNN,bandit_selection
2026-05-14T10:37:42.540809,26286,KNN,SGD,bandit_selection
2026-05-14T10:37:42.613746,26293,SGD,HT,bandit_selection
2026-05-14T10:37:42.621936,26294,HT,SGD,bandit_selection
2026-05-14T10:37:42.680140,26299,SGD,KNN,bandit_selection
2026-05-14T10:37:42.689830,26300,KNN,HT,bandit_selection
2026-05-14T10:37:42.706426,26301,HT,SGD,bandit_selection
2026-05-14T10:37:42.787827,26309,SGD,KNN,bandit_selection
2026-05-14T10:37:42.795421,26310,KNN,SGD,bandit_selection
2026-05-14T10:37:42.881841,26315,SGD,KNN,bandit_selection
2026-05-14T10:37:42.889572,26316,KNN,SGD,bandit_selection
2026-05-14T10:37:42.912099,26318,SGD,KNN,bandit_selection
2026-05-14T10:37:42.921163,26319,KNN,SGD,bandit_selection
2026-05-14T10:37:43.117293,26338,SGD,HT,bandit_selection
2026-05-14T10:37:43.134174,26339,HT,SGD,bandit_selection
2026-05-14T10:37:43.329185,26360,SGD,HT,bandit_selection
2026-05-14T10:37:43.338020,26361,HT,SGD,bandit_selection
2026-05-14T10:37:43.487739,26377,SGD,KNN,bandit_selection
2026-05-14T10:37:43.507411,26378,KNN,SGD,bandit_selection
2026-05-14T10:37:43.651957,26398,SGD,HT,bandit_selection
2026-05-14T10:37:43.670707,26399,HT,SGD,bandit_selection
2026-05-14T10:37:44.111935,26436,SGD,KNN,bandit_selection
2026-05-14T10:37:44.122977,26437,KNN,SGD,bandit_selection
2026-05-14T10:37:44.167813,26442,SGD,HT,bandit_selection
2026-05-14T10:37:44.176580,26443,HT,SGD,bandit_selection
2026-05-14T10:37:44.206272,26446,SGD,KNN,bandit_selection
2026-05-14T10:37:44.212472,26447,KNN,SGD,bandit_selection
2026-05-14T10:37:44.260093,26453,SGD,HT,bandit_selection
2026-05-14T10:37:44.269502,26454,HT,SGD,bandit_selection
2026-05-14T10:37:44.618289,26489,SGD,KNN,bandit_selection
2026-05-14T10:37:44.625021,26490,KNN,SGD,bandit_selection
2026-05-14T10:37:44.662007,26493,SGD,HT,bandit_selection
2026-05-14T10:37:44.672401,26494,HT,SGD,bandit_selection
2026-05-14T10:37:44.762225,26504,SGD,KNN,bandit_selection
2026-05-14T10:37:44.773233,26505,KNN,SGD,bandit_selection
2026-05-14T10:37:44.820460,26508,SGD,HT,bandit_selection
2026-05-14T10:37:44.829135,26509,HT,SGD,bandit_selection
2026-05-14T10:37:44.871267,26514,SGD,KNN,bandit_selection
2026-05-14T10:37:44.883432,26515,KNN,SGD,bandit_selection
2026-05-14T10:37:45.106547,26534,SGD,HT,bandit_selection
2026-05-14T10:37:45.112827,26535,HT,SGD,bandit_selection
2026-05-14T10:37:45.123355,26536,SGD,HT,bandit_selection
2026-05-14T10:37:45.129231,26537,HT,SGD,bandit_selection
2026-05-14T10:37:45.190386,26543,SGD,KNN,bandit_selection
2026-05-14T10:37:45.206332,26544,KNN,SGD,bandit_selection
2026-05-14T10:37:45.344921,26557,SGD,KNN,bandit_selection
2026-05-14T10:37:45.354522,26558,KNN,HT,bandit_selection
2026-05-14T10:37:45.365114,26559,HT,SGD,bandit_selection
2026-05-14T10:37:45.490929,26572,SGD,KNN,bandit_selection
2026-05-14T10:37:45.496758,26573,KNN,SGD,bandit_selection
2026-05-14T10:37:45.571575,26582,SGD,HT,bandit_selection
2026-05-14T10:37:45.580231,26583,HT,SGD,bandit_selection
2026-05-14T10:37:45.915575,26619,SGD,HT,bandit_selection
2026-05-14T10:37:45.924738,26620,HT,SGD,bandit_selection
2026-05-14T10:37:45.993799,26628,SGD,HT,bandit_selection
2026-05-14T10:37:45.999882,26629,HT,SGD,bandit_selection
2026-05-14T10:37:46.242340,26658,SGD,HT,bandit_selection
2026-05-14T10:37:46.248449,26659,HT,SGD,bandit_selection
2026-05-14T10:37:46.344511,26672,SGD,HT,bandit_selection
2026-05-14T10:37:46.354593,26673,HT,SGD,bandit_selection
2026-05-14T10:37:46.427266,26682,SGD,KNN,bandit_selection
2026-05-14T10:37:46.442154,26683,KNN,SGD,bandit_selection
2026-05-14T10:37:46.490628,26688,SGD,KNN,bandit_selection
2026-05-14T10:37:46.502919,26689,KNN,SGD,bandit_selection
2026-05-14T10:37:46.583332,26698,SGD,KNN,bandit_selection
2026-05-14T10:37:46.588273,26699,KNN,SGD,bandit_selection
2026-05-14T10:37:46.696292,26710,SGD,HT,bandit_selection
2026-05-14T10:37:46.703749,26711,HT,SGD,bandit_selection
2026-05-14T10:37:47.401925,26782,SGD,KNN,bandit_selection
2026-05-14T10:37:47.419677,26783,KNN,SGD,bandit_selection
2026-05-14T10:37:47.550196,26796,SGD,HT,bandit_selection
2026-05-14T10:37:47.564900,26797,HT,SGD,bandit_selection
2026-05-14T10:37:47.615185,26803,SGD,HT,bandit_selection
2026-05-14T10:37:47.627697,26804,HT,SGD,bandit_selection
2026-05-14T10:37:48.237162,26869,SGD,KNN,bandit_selection
2026-05-14T10:37:48.249911,26870,KNN,SGD,bandit_selection
2026-05-14T10:37:48.324772,26880,SGD,HT,bandit_selection
2026-05-14T10:37:48.339273,26881,HT,SGD,bandit_selection
2026-05-14T10:37:48.545256,26907,SGD,HT,bandit_selection
2026-05-14T10:37:48.552905,26908,HT,SGD,bandit_selection
2026-05-14T10:37:48.849940,26944,SGD,HT,bandit_selection
2026-05-14T10:37:48.860713,26945,HT,SGD,bandit_selection
2026-05-14T10:37:48.974678,26956,SGD,HT,bandit_selection
2026-05-14T10:37:48.987213,26957,HT,SGD,bandit_selection
2026-05-14T10:37:49.062673,26968,SGD,HT,bandit_selection
2026-05-14T10:37:49.067917,26969,HT,SGD,bandit_selection
2026-05-14T10:37:49.103421,26973,SGD,KNN,bandit_selection
2026-05-14T10:37:49.110859,26974,KNN,SGD,bandit_selection
2026-05-14T10:37:49.133452,26977,SGD,KNN,bandit_selection
2026-05-14T10:37:49.141787,26978,KNN,SGD,bandit_selection
2026-05-14T10:37:49.310379,26999,SGD,KNN,bandit_selection
2026-05-14T10:37:49.314893,27000,KNN,SGD,bandit_selection
2026-05-14T10:37:49.347892,27002,SGD,KNN,bandit_selection
2026-05-14T10:37:49.356634,27003,KNN,SGD,bandit_selection
2026-05-14T10:37:49.421703,27008,SGD,KNN,bandit_selection
2026-05-14T10:37:49.437836,27009,KNN,SGD,bandit_selection
2026-05-14T10:37:50.120349,27067,SGD,KNN,bandit_selection
2026-05-14T10:37:50.129764,27068,KNN,SGD,bandit_selection
2026-05-14T10:37:50.396652,27084,SGD,KNN,bandit_selection
2026-05-14T10:37:50.406462,27085,KNN,SGD,bandit_selection
2026-05-14T10:37:50.425161,27087,SGD,HT,bandit_selection
2026-05-14T10:37:50.433749,27088,HT,SGD,bandit_selection
2026-05-14T10:37:50.489128,27093,SGD,KNN,bandit_selection
2026-05-14T10:37:50.496281,27094,KNN,SGD,bandit_selection
2026-05-14T10:37:50.708288,27113,SGD,KNN,bandit_selection
2026-05-14T10:37:50.713921,27114,KNN,SGD,bandit_selection
2026-05-14T10:37:51.009090,27149,SGD,KNN,bandit_selection
2026-05-14T10:37:51.015396,27150,KNN,SGD,bandit_selection
2026-05-14T10:37:51.197757,27168,SGD,HT,bandit_selection
2026-05-14T10:37:51.206935,27169,HT,SGD,bandit_selection
2026-05-14T10:37:51.226805,27171,SGD,KNN,bandit_selection
2026-05-14T10:37:51.236851,27172,KNN,SGD,bandit_selection
2026-05-14T10:37:51.260680,27175,SGD,HT,bandit_selection
2026-05-14T10:37:51.265519,27176,HT,SGD,bandit_selection
2026-05-14T10:37:51.282429,27178,SGD,KNN,bandit_selection
2026-05-14T10:37:51.289797,27179,KNN,SGD,bandit_selection
2026-05-14T10:37:51.632447,27218,SGD,KNN,bandit_selection
2026-05-14T10:37:51.640363,27219,KNN,HT,bandit_selection
2026-05-14T10:37:51.647181,27220,HT,SGD,bandit_selection
2026-05-14T10:37:51.696354,27226,SGD,HT,bandit_selection
2026-05-14T10:37:51.701507,27227,HT,SGD,bandit_selection
2026-05-14T10:37:51.998197,27257,SGD,KNN,bandit_selection
2026-05-14T10:37:52.004950,27258,KNN,SGD,bandit_selection
2026-05-14T10:37:52.195836,27280,SGD,KNN,bandit_selection
2026-05-14T10:37:52.205774,27281,KNN,SGD,bandit_selection
2026-05-14T10:37:52.480807,27314,SGD,KNN,bandit_selection
2026-05-14T10:37:52.491444,27315,KNN,SGD,bandit_selection
2026-05-14T10:37:52.547378,27323,SGD,KNN,bandit_selection
2026-05-14T10:37:52.559938,27324,KNN,SGD,bandit_selection
2026-05-14T10:37:52.567319,27325,SGD,KNN,bandit_selection
2026-05-14T10:37:52.571140,27326,KNN,SGD,bandit_selection
2026-05-14T10:37:52.585938,27328,SGD,KNN,bandit_selection
2026-05-14T10:37:52.593129,27329,KNN,SGD,bandit_selection
2026-05-14T10:37:52.759292,27352,SGD,KNN,bandit_selection
2026-05-14T10:37:52.767766,27353,KNN,SGD,bandit_selection
2026-05-14T10:37:52.776212,27354,SGD,KNN,bandit_selection
2026-05-14T10:37:52.782646,27355,KNN,SGD,bandit_selection
2026-05-14T10:37:53.039612,27388,SGD,KNN,bandit_selection
2026-05-14T10:37:53.046039,27389,KNN,SGD,bandit_selection
2026-05-14T10:37:53.117819,27398,SGD,KNN,bandit_selection
2026-05-14T10:37:53.123363,27399,KNN,SGD,bandit_selection
2026-05-14T10:37:53.148236,27403,SGD,HT,bandit_selection
2026-05-14T10:37:53.155276,27404,HT,SGD,bandit_selection
2026-05-14T10:37:53.479865,27445,SGD,HT,bandit_selection
2026-05-14T10:37:53.492418,27446,HT,SGD,bandit_selection
2026-05-14T10:37:53.900879,27494,SGD,HT,bandit_selection
2026-05-14T10:37:53.908725,27495,HT,SGD,bandit_selection
2026-05-14T10:37:54.135807,27521,SGD,HT,bandit_selection
2026-05-14T10:37:54.142886,27522,HT,SGD,bandit_selection
2026-05-14T10:37:54.429333,27558,SGD,HT,bandit_selection
2026-05-14T10:37:54.443369,27559,HT,SGD,bandit_selection
2026-05-14T10:37:54.455734,27561,SGD,KNN,bandit_selection
2026-05-14T10:37:54.462546,27562,KNN,SGD,bandit_selection
2026-05-14T10:37:54.520437,27568,SGD,HT,bandit_selection
2026-05-14T10:37:54.528821,27569,HT,SGD,bandit_selection
2026-05-14T10:37:54.634985,27580,SGD,HT,bandit_selection
2026-05-14T10:37:54.642353,27581,HT,SGD,bandit_selection
2026-05-14T10:37:54.673849,27585,SGD,KNN,bandit_selection
2026-05-14T10:37:54.683356,27586,KNN,SGD,bandit_selection
2026-05-14T10:37:54.992014,27624,SGD,HT,bandit_selection
2026-05-14T10:37:55.000796,27625,HT,SGD,bandit_selection
2026-05-14T10:37:55.327166,27652,SGD,KNN,bandit_selection
2026-05-14T10:37:55.336488,27653,KNN,SGD,bandit_selection
2026-05-14T10:37:55.389584,27658,SGD,KNN,bandit_selection
2026-05-14T10:37:55.399882,27659,KNN,SGD,bandit_selection
2026-05-14T10:37:55.752654,27695,SGD,KNN,bandit_selection
2026-05-14T10:37:55.764521,27696,KNN,HT,bandit_selection
2026-05-14T10:37:55.780355,27697,HT,SGD,bandit_selection
2026-05-14T10:37:55.935901,27713,SGD,HT,bandit_selection
2026-05-14T10:37:55.947028,27714,HT,SGD,bandit_selection
2026-05-14T10:37:56.288042,27746,SGD,KNN,bandit_selection
2026-05-14T10:37:56.296273,27747,KNN,SGD,bandit_selection
2026-05-14T10:37:56.308133,27748,SGD,KNN,bandit_selection
2026-05-14T10:37:56.313759,27749,KNN,SGD,bandit_selection
2026-05-14T10:37:56.407259,27758,SGD,KNN,bandit_selection
2026-05-14T10:37:56.416230,27759,KNN,SGD,bandit_selection
2026-05-14T10:37:56.458031,27764,SGD,HT,bandit_selection
2026-05-14T10:37:56.465404,27765,HT,SGD,bandit_selection
2026-05-14T10:37:56.499836,27768,SGD,KNN,bandit_selection
2026-05-14T10:37:56.513413,27769,KNN,SGD,bandit_selection
2026-05-14T10:37:56.616350,27781,SGD,HT,bandit_selection
2026-05-14T10:37:56.623117,27782,HT,SGD,bandit_selection
2026-05-14T10:37:56.807017,27801,SGD,HT,bandit_selection
2026-05-14T10:37:56.813042,27802,HT,SGD,bandit_selection
2026-05-14T10:37:57.023382,27823,SGD,HT,bandit_selection
2026-05-14T10:37:57.028582,27824,HT,SGD,bandit_selection
2026-05-14T10:37:57.122304,27833,SGD,HT,bandit_selection
2026-05-14T10:37:57.127704,27834,HT,SGD,bandit_selection
2026-05-14T10:37:57.145794,27837,SGD,KNN,bandit_selection
2026-05-14T10:37:57.152035,27838,KNN,SGD,bandit_selection
2026-05-14T10:37:57.230668,27848,SGD,KNN,bandit_selection
2026-05-14T10:37:57.256953,27850,KNN,SGD,bandit_selection
2026-05-14T10:37:57.595489,27882,SGD,KNN,bandit_selection
2026-05-14T10:37:57.604927,27883,KNN,SGD,bandit_selection
2026-05-14T10:37:57.736675,27897,SGD,KNN,bandit_selection
2026-05-14T10:37:57.743180,27898,KNN,SGD,bandit_selection
2026-05-14T10:37:57.764858,27901,SGD,KNN,bandit_selection
2026-05-14T10:37:57.769554,27902,KNN,SGD,bandit_selection
2026-05-14T10:37:57.812296,27908,SGD,KNN,bandit_selection
2026-05-14T10:37:57.818848,27909,KNN,SGD,bandit_selection
2026-05-14T10:37:58.113053,27938,SGD,HT,bandit_selection
2026-05-14T10:37:58.119030,27939,HT,SGD,bandit_selection
2026-05-14T10:37:58.206445,27951,SGD,KNN,bandit_selection
2026-05-14T10:37:58.213954,27952,KNN,SGD,bandit_selection
2026-05-14T10:37:58.419937,27976,SGD,HT,bandit_selection
2026-05-14T10:37:58.428838,27977,HT,SGD,bandit_selection
2026-05-14T10:37:58.489802,27984,SGD,KNN,bandit_selection
2026-05-14T10:37:58.496638,27985,KNN,SGD,bandit_selection
2026-05-14T10:37:58.646667,27996,SGD,KNN,bandit_selection
2026-05-14T10:37:58.666586,27999,KNN,SGD,bandit_selection
2026-05-14T10:37:59.017352,28034,SGD,KNN,bandit_selection
2026-05-14T10:37:59.022263,28035,KNN,SGD,bandit_selection
2026-05-14T10:37:59.171904,28052,SGD,KNN,bandit_selection
2026-05-14T10:37:59.177987,28053,KNN,SGD,bandit_selection
2026-05-14T10:37:59.237520,28060,SGD,HT,bandit_selection
2026-05-14T10:37:59.246000,28061,HT,SGD,bandit_selection
2026-05-14T10:37:59.252057,28062,SGD,KNN,bandit_selection
2026-05-14T10:37:59.264667,28063,KNN,SGD,bandit_selection
2026-05-14T10:38:00.013555,28137,SGD,KNN,bandit_selection
2026-05-14T10:38:00.026191,28138,KNN,SGD,bandit_selection
2026-05-14T10:38:00.219827,28159,SGD,KNN,bandit_selection
2026-05-14T10:38:00.228362,28160,KNN,SGD,bandit_selection
2026-05-14T10:38:00.453070,28185,SGD,KNN,bandit_selection
2026-05-14T10:38:00.469378,28186,KNN,SGD,bandit_selection
2026-05-14T10:38:00.811583,28220,SGD,HT,bandit_selection
2026-05-14T10:38:00.827115,28222,HT,KNN,bandit_selection
2026-05-14T10:38:00.834724,28223,KNN,SGD,bandit_selection
2026-05-14T10:38:00.936248,28235,SGD,KNN,bandit_selection
2026-05-14T10:38:00.941435,28236,KNN,SGD,bandit_selection
2026-05-14T10:38:01.205814,28269,SGD,KNN,bandit_selection
2026-05-14T10:38:01.218403,28270,KNN,SGD,bandit_selection
2026-05-14T10:38:01.338119,28281,SGD,KNN,bandit_selection
2026-05-14T10:38:01.346867,28282,KNN,SGD,bandit_selection
2026-05-14T10:38:01.414244,28287,SGD,HT,bandit_selection
2026-05-14T10:38:01.422403,28288,HT,SGD,bandit_selection
2026-05-14T10:38:01.517599,28300,SGD,KNN,bandit_selection
2026-05-14T10:38:01.526403,28301,KNN,SGD,bandit_selection
2026-05-14T10:38:01.811164,28336,SGD,HT,bandit_selection
2026-05-14T10:38:01.816952,28337,HT,KNN,bandit_selection
2026-05-14T10:38:01.823261,28338,KNN,SGD,bandit_selection
2026-05-14T10:38:02.116777,28368,SGD,HT,bandit_selection
2026-05-14T10:38:02.122237,28369,HT,SGD,bandit_selection
2026-05-14T10:38:02.353981,28391,SGD,HT,bandit_selection
2026-05-14T10:38:02.368071,28392,HT,SGD,bandit_selection
2026-05-14T10:38:02.474560,28405,SGD,HT,bandit_selection
2026-05-14T10:38:02.487916,28406,HT,SGD,bandit_selection
2026-05-14T10:38:02.598645,28415,SGD,HT,bandit_selection
2026-05-14T10:38:02.605146,28416,HT,SGD,bandit_selection
2026-05-14T10:38:02.739235,28429,SGD,HT,bandit_selection
2026-05-14T10:38:02.750851,28430,HT,SGD,bandit_selection
2026-05-14T10:38:02.755861,28431,SGD,HT,bandit_selection
2026-05-14T10:38:02.762213,28432,HT,SGD,bandit_selection
2026-05-14T10:38:02.955114,28456,SGD,HT,bandit_selection
2026-05-14T10:38:02.964100,28457,HT,SGD,bandit_selection
2026-05-14T10:38:03.221879,28484,SGD,HT,bandit_selection
2026-05-14T10:38:03.232425,28485,HT,SGD,bandit_selection
2026-05-14T10:38:03.444281,28507,SGD,HT,bandit_selection
2026-05-14T10:38:03.450189,28508,HT,SGD,bandit_selection
2026-05-14T10:38:03.455056,28509,SGD,KNN,bandit_selection
2026-05-14T10:38:03.464381,28510,KNN,SGD,bandit_selection
2026-05-14T10:38:03.548096,28519,SGD,HT,bandit_selection
2026-05-14T10:38:03.553598,28520,HT,SGD,bandit_selection
2026-05-14T10:38:03.886111,28552,SGD,HT,bandit_selection
2026-05-14T10:38:03.892680,28553,HT,SGD,bandit_selection
2026-05-14T10:38:04.225515,28591,SGD,KNN,bandit_selection
2026-05-14T10:38:04.237782,28592,KNN,SGD,bandit_selection
2026-05-14T10:38:04.820273,28653,SGD,HT,bandit_selection
2026-05-14T10:38:04.830722,28654,HT,SGD,bandit_selection
2026-05-14T10:38:05.198063,28698,SGD,HT,bandit_selection
2026-05-14T10:38:05.203992,28699,HT,KNN,bandit_selection
2026-05-14T10:38:05.208681,28700,KNN,SGD,bandit_selection
2026-05-14T10:38:05.220818,28702,SGD,KNN,bandit_selection
2026-05-14T10:38:05.239895,28704,KNN,SGD,bandit_selection
2026-05-14T10:38:05.460741,28730,SGD,KNN,bandit_selection
2026-05-14T10:38:05.469452,28731,KNN,SGD,bandit_selection
2026-05-14T10:38:05.509525,28736,SGD,HT,bandit_selection
2026-05-14T10:38:05.513302,28737,HT,SGD,bandit_selection
2026-05-14T10:38:05.560045,28742,SGD,HT,bandit_selection
2026-05-14T10:38:05.565605,28743,HT,SGD,bandit_selection
2026-05-14T10:38:05.643837,28751,SGD,HT,bandit_selection
2026-05-14T10:38:05.651261,28752,HT,SGD,bandit_selection
2026-05-14T10:38:05.789835,28769,SGD,HT,bandit_selection
2026-05-14T10:38:05.800589,28770,HT,SGD,bandit_selection
2026-05-14T10:38:06.004212,28790,SGD,KNN,bandit_selection
2026-05-14T10:38:06.010034,28791,KNN,SGD,bandit_selection
2026-05-14T10:38:06.316990,28822,SGD,KNN,bandit_selection
2026-05-14T10:38:06.322512,28823,KNN,SGD,bandit_selection
2026-05-14T10:38:06.829457,28879,SGD,KNN,bandit_selection
2026-05-14T10:38:06.839916,28880,KNN,SGD,bandit_selection
2026-05-14T10:38:06.854150,28881,SGD,KNN,bandit_selection
2026-05-14T10:38:06.860958,28882,KNN,SGD,bandit_selection
2026-05-14T10:38:07.208548,28925,SGD,KNN,bandit_selection
2026-05-14T10:38:07.212264,28926,KNN,SGD,bandit_selection
2026-05-14T10:38:07.256711,28932,SGD,KNN,bandit_selection
2026-05-14T10:38:07.264696,28933,KNN,SGD,bandit_selection
2026-05-14T10:38:07.411673,28948,SGD,KNN,bandit_selection
2026-05-14T10:38:07.425369,28949,KNN,SGD,bandit_selection
2026-05-14T10:38:07.438008,28951,SGD,HT,bandit_selection
2026-05-14T10:38:07.444733,28952,HT,SGD,bandit_selection
2026-05-14T10:38:07.667872,28977,SGD,KNN,bandit_selection
2026-05-14T10:38:07.673808,28978,KNN,SGD,bandit_selection
2026-05-14T10:38:07.794185,28992,SGD,KNN,bandit_selection
2026-05-14T10:38:07.804095,28993,KNN,SGD,bandit_selection
2026-05-14T10:38:08.183076,29035,SGD,KNN,bandit_selection
2026-05-14T10:38:08.221472,29036,KNN,HT,bandit_selection
2026-05-14T10:38:08.234411,29037,HT,SGD,bandit_selection
2026-05-14T10:38:09.052322,29111,SGD,KNN,bandit_selection
2026-05-14T10:38:09.057653,29112,KNN,SGD,bandit_selection
2026-05-14T10:38:09.088293,29115,SGD,HT,bandit_selection
2026-05-14T10:38:09.100897,29116,HT,SGD,bandit_selection
2026-05-14T10:38:09.232977,29133,SGD,HT,bandit_selection
2026-05-14T10:38:09.237929,29134,HT,SGD,bandit_selection
2026-05-14T10:38:09.377617,29149,SGD,HT,bandit_selection
2026-05-14T10:38:09.391145,29151,HT,SGD,bandit_selection
2026-05-14T10:38:09.783792,29191,SGD,HT,bandit_selection
2026-05-14T10:38:09.789618,29192,HT,SGD,bandit_selection
2026-05-14T10:38:09.873978,29203,SGD,HT,bandit_selection
2026-05-14T10:38:09.897135,29204,HT,SGD,bandit_selection
2026-05-14T10:38:10.362322,29255,SGD,HT,bandit_selection
2026-05-14T10:38:10.369834,29256,HT,SGD,bandit_selection
2026-05-14T10:38:10.595295,29283,SGD,HT,bandit_selection
2026-05-14T10:38:10.602628,29284,HT,SGD,bandit_selection
2026-05-14T10:38:10.746272,29295,SGD,HT,bandit_selection
2026-05-14T10:38:10.754595,29296,HT,SGD,bandit_selection
2026-05-14T10:38:11.095106,29331,SGD,HT,bandit_selection
2026-05-14T10:38:11.101327,29332,HT,SGD,bandit_selection
2026-05-14T10:38:11.289588,29353,SGD,HT,bandit_selection
2026-05-14T10:38:11.302360,29354,HT,SGD,bandit_selection
2026-05-14T10:38:11.405066,29365,SGD,HT,bandit_selection
2026-05-14T10:38:11.413489,29366,HT,SGD,bandit_selection
2026-05-14T10:38:11.463978,29371,SGD,HT,bandit_selection
2026-05-14T10:38:11.473120,29372,HT,SGD,bandit_selection
2026-05-14T10:38:11.572195,29385,SGD,KNN,bandit_selection
2026-05-14T10:38:11.577978,29386,KNN,SGD,bandit_selection
2026-05-14T10:38:11.834245,29412,SGD,HT,bandit_selection
2026-05-14T10:38:11.841804,29413,HT,SGD,bandit_selection
2026-05-14T10:38:12.090247,29439,SGD,HT,bandit_selection
2026-05-14T10:38:12.098597,29440,HT,SGD,bandit_selection
2026-05-14T10:38:12.278669,29457,SGD,HT,bandit_selection
2026-05-14T10:38:12.283808,29458,HT,SGD,bandit_selection
2026-05-14T10:38:12.351994,29465,SGD,KNN,bandit_selection
2026-05-14T10:38:12.359673,29466,KNN,SGD,bandit_selection
2026-05-14T10:38:12.382981,29469,SGD,KNN,bandit_selection
2026-05-14T10:38:12.390970,29470,KNN,SGD,bandit_selection
2026-05-14T10:38:12.754351,29503,SGD,HT,bandit_selection
2026-05-14T10:38:12.766367,29504,HT,SGD,bandit_selection
2026-05-14T10:38:12.786978,29506,SGD,HT,bandit_selection
2026-05-14T10:38:12.792514,29507,HT,SGD,bandit_selection
2026-05-14T10:38:12.911220,29515,SGD,HT,bandit_selection
2026-05-14T10:38:12.925014,29516,HT,SGD,bandit_selection
2026-05-14T10:38:13.083472,29534,SGD,HT,bandit_selection
2026-05-14T10:38:13.096460,29535,HT,SGD,bandit_selection
2026-05-14T10:38:13.427025,29574,SGD,HT,bandit_selection
2026-05-14T10:38:13.433591,29575,HT,SGD,bandit_selection
2026-05-14T10:38:13.480725,29581,SGD,HT,bandit_selection
2026-05-14T10:38:13.489761,29582,HT,SGD,bandit_selection
2026-05-14T10:38:13.717113,29606,SGD,HT,bandit_selection
2026-05-14T10:38:13.730048,29607,HT,SGD,bandit_selection
2026-05-14T10:38:13.838093,29613,SGD,KNN,bandit_selection
2026-05-14T10:38:13.847780,29614,KNN,SGD,bandit_selection
2026-05-14T10:38:14.076161,29636,SGD,KNN,bandit_selection
2026-05-14T10:38:14.083860,29637,KNN,SGD,bandit_selection
2026-05-14T10:38:14.223716,29648,SGD,HT,bandit_selection
2026-05-14T10:38:14.232436,29649,HT,SGD,bandit_selection
2026-05-14T10:38:14.271667,29655,SGD,KNN,bandit_selection
2026-05-14T10:38:14.279317,29656,KNN,SGD,bandit_selection
2026-05-14T10:38:14.702130,29699,SGD,HT,bandit_selection
2026-05-14T10:38:14.717682,29700,HT,SGD,bandit_selection
2026-05-14T10:38:15.530374,29787,SGD,HT,bandit_selection
2026-05-14T10:38:15.537177,29788,HT,SGD,bandit_selection
2026-05-14T10:38:15.663098,29803,SGD,HT,bandit_selection
2026-05-14T10:38:15.675146,29804,HT,SGD,bandit_selection
2026-05-14T10:38:15.691231,29805,SGD,HT,bandit_selection
2026-05-14T10:38:15.704011,29806,HT,SGD,bandit_selection
2026-05-14T10:38:15.761431,29811,SGD,HT,bandit_selection
2026-05-14T10:38:15.768101,29812,HT,SGD,bandit_selection
2026-05-14T10:38:15.815521,29817,SGD,KNN,bandit_selection
2026-05-14T10:38:15.821212,29818,KNN,SGD,bandit_selection
2026-05-14T10:38:15.850009,29822,SGD,KNN,bandit_selection
2026-05-14T10:38:15.867071,29823,KNN,SGD,bandit_selection
2026-05-14T10:38:15.940359,29833,SGD,KNN,bandit_selection
2026-05-14T10:38:15.951686,29834,KNN,SGD,bandit_selection
2026-05-14T10:38:16.304308,29870,SGD,HT,bandit_selection
2026-05-14T10:38:16.320478,29871,HT,SGD,bandit_selection
2026-05-14T10:38:16.445478,29885,SGD,HT,bandit_selection
2026-05-14T10:38:16.452545,29886,HT,KNN,bandit_selection
2026-05-14T10:38:16.460872,29887,KNN,SGD,bandit_selection
2026-05-14T10:38:16.686791,29914,SGD,HT,bandit_selection
2026-05-14T10:38:16.701296,29915,HT,SGD,bandit_selection
2026-05-14T10:38:16.748931,29921,SGD,KNN,bandit_selection
2026-05-14T10:38:16.759451,29922,KNN,SGD,bandit_selection
2026-05-14T10:38:16.814572,29928,SGD,KNN,bandit_selection
2026-05-14T10:38:16.822670,29929,KNN,SGD,bandit_selection
2026-05-14T10:38:16.906880,29939,SGD,HT,bandit_selection
2026-05-14T10:38:16.922466,29941,HT,SGD,bandit_selection
2026-05-14T10:38:16.982776,29949,SGD,HT,bandit_selection
2026-05-14T10:38:16.987914,29950,HT,SGD,bandit_selection
2026-05-14T10:38:17.111012,29964,SGD,KNN,bandit_selection
2026-05-14T10:38:17.123738,29965,KNN,SGD,bandit_selection
2026-05-14T10:38:17.174340,29971,SGD,KNN,bandit_selection
2026-05-14T10:38:17.179244,29972,KNN,SGD,bandit_selection
2026-05-14T10:38:17.315120,29987,SGD,HT,bandit_selection
2026-05-14T10:38:17.321041,29988,HT,SGD,bandit_selection
2026-05-14T10:38:17.549863,30011,SGD,HT,bandit_selection
2026-05-14T10:38:17.557218,30012,HT,SGD,bandit_selection
2026-05-14T10:38:17.586954,30014,SGD,KNN,bandit_selection
2026-05-14T10:38:17.599358,30015,KNN,SGD,bandit_selection
2026-05-14T10:38:17.742751,30029,SGD,HT,bandit_selection
2026-05-14T10:38:17.749587,30030,HT,SGD,bandit_selection
2026-05-14T10:38:18.097080,30067,SGD,KNN,bandit_selection
2026-05-14T10:38:18.107496,30068,KNN,SGD,bandit_selection
2026-05-14T10:38:18.384229,30092,SGD,HT,bandit_selection
2026-05-14T10:38:18.392310,30093,HT,SGD,bandit_selection
2026-05-14T10:38:18.400219,30094,SGD,KNN,bandit_selection
2026-05-14T10:38:18.409448,30095,KNN,SGD,bandit_selection
2026-05-14T10:38:18.429159,30097,SGD,KNN,bandit_selection
2026-05-14T10:38:18.436861,30098,KNN,SGD,bandit_selection
2026-05-14T10:38:18.622802,30116,SGD,HT,bandit_selection
2026-05-14T10:38:18.639161,30117,HT,SGD,bandit_selection
2026-05-14T10:38:18.652777,30118,SGD,KNN,bandit_selection
2026-05-14T10:38:18.659756,30119,KNN,SGD,bandit_selection
2026-05-14T10:38:18.707509,30125,SGD,HT,bandit_selection
2026-05-14T10:38:18.716755,30126,HT,SGD,bandit_selection
2026-05-14T10:38:18.950065,30152,SGD,HT,bandit_selection
2026-05-14T10:38:18.955618,30153,HT,SGD,bandit_selection
2026-05-14T10:38:19.203048,30178,SGD,HT,bandit_selection
2026-05-14T10:38:19.209215,30179,HT,SGD,bandit_selection
2026-05-14T10:38:19.246913,30184,SGD,KNN,bandit_selection
2026-05-14T10:38:19.255898,30185,KNN,SGD,bandit_selection
2026-05-14T10:38:19.317232,30193,SGD,HT,bandit_selection
2026-05-14T10:38:19.324349,30194,HT,SGD,bandit_selection
2026-05-14T10:38:19.841301,30244,SGD,KNN,bandit_selection
2026-05-14T10:38:19.852584,30245,KNN,SGD,bandit_selection
2026-05-14T10:38:19.968157,30253,SGD,HT,bandit_selection
2026-05-14T10:38:19.978354,30254,HT,SGD,bandit_selection
2026-05-14T10:38:20.018601,30256,SGD,HT,bandit_selection
2026-05-14T10:38:20.026681,30257,HT,SGD,bandit_selection
2026-05-14T10:38:20.182972,30272,SGD,KNN,bandit_selection
2026-05-14T10:38:20.190958,30273,KNN,SGD,bandit_selection
2026-05-14T10:38:20.223590,30277,SGD,HT,bandit_selection
2026-05-14T10:38:20.232020,30278,HT,SGD,bandit_selection
2026-05-14T10:38:20.292820,30287,SGD,KNN,bandit_selection
2026-05-14T10:38:20.298642,30288,KNN,SGD,bandit_selection
2026-05-14T10:38:20.386104,30299,SGD,HT,bandit_selection
2026-05-14T10:38:20.393993,30300,HT,SGD,bandit_selection
2026-05-14T10:38:20.504268,30315,SGD,KNN,bandit_selection
2026-05-14T10:38:20.510002,30316,KNN,SGD,bandit_selection
2026-05-14T10:38:20.517408,30317,SGD,KNN,bandit_selection
2026-05-14T10:38:20.526907,30318,KNN,SGD,bandit_selection
2026-05-14T10:38:20.595840,30326,SGD,HT,bandit_selection
2026-05-14T10:38:20.604017,30327,HT,SGD,bandit_selection
2026-05-14T10:38:20.970768,30370,SGD,HT,bandit_selection
2026-05-14T10:38:20.979668,30371,HT,SGD,bandit_selection
2026-05-14T10:38:21.034913,30379,SGD,HT,bandit_selection
2026-05-14T10:38:21.041188,30380,HT,SGD,bandit_selection
2026-05-14T10:38:21.078937,30386,SGD,KNN,bandit_selection
2026-05-14T10:38:21.084388,30387,KNN,SGD,bandit_selection
2026-05-14T10:38:21.209985,30400,SGD,KNN,bandit_selection
2026-05-14T10:38:21.224353,30401,KNN,SGD,bandit_selection
2026-05-14T10:38:21.517199,30433,SGD,KNN,bandit_selection
2026-05-14T10:38:21.528825,30434,KNN,SGD,bandit_selection
2026-05-14T10:38:21.597482,30441,SGD,HT,bandit_selection
2026-05-14T10:38:21.602745,30442,HT,SGD,bandit_selection
2026-05-14T10:38:21.947438,30481,SGD,HT,bandit_selection
2026-05-14T10:38:21.960322,30482,HT,SGD,bandit_selection
2026-05-14T10:38:22.074240,30496,SGD,KNN,bandit_selection
2026-05-14T10:38:22.095748,30497,KNN,SGD,bandit_selection
2026-05-14T10:38:22.249813,30508,SGD,HT,bandit_selection
2026-05-14T10:38:22.258592,30509,HT,SGD,bandit_selection
2026-05-14T10:38:22.409009,30523,SGD,KNN,bandit_selection
2026-05-14T10:38:22.414259,30524,KNN,HT,bandit_selection
2026-05-14T10:38:22.422006,30525,HT,SGD,bandit_selection
2026-05-14T10:38:23.021437,30587,SGD,HT,bandit_selection
2026-05-14T10:38:23.027218,30588,HT,SGD,bandit_selection
2026-05-14T10:38:23.327642,30617,SGD,KNN,bandit_selection
2026-05-14T10:38:23.335277,30618,KNN,SGD,bandit_selection
2026-05-14T10:38:23.383279,30624,SGD,KNN,bandit_selection
2026-05-14T10:38:23.394337,30625,KNN,SGD,bandit_selection
2026-05-14T10:38:23.581273,30647,SGD,HT,bandit_selection
2026-05-14T10:38:23.588195,30648,HT,SGD,bandit_selection
2026-05-14T10:38:23.605935,30650,SGD,KNN,bandit_selection
2026-05-14T10:38:23.621724,30651,KNN,SGD,bandit_selection
2026-05-14T10:38:23.688834,30658,SGD,KNN,bandit_selection
2026-05-14T10:38:23.696114,30659,KNN,SGD,bandit_selection
2026-05-14T10:38:23.724823,30662,SGD,HT,bandit_selection
2026-05-14T10:38:23.735502,30663,HT,SGD,bandit_selection
2026-05-14T10:38:23.902865,30684,SGD,KNN,bandit_selection
2026-05-14T10:38:23.910425,30685,KNN,SGD,bandit_selection
2026-05-14T10:38:23.986008,30692,SGD,HT,bandit_selection
2026-05-14T10:38:23.991609,30693,HT,SGD,bandit_selection
2026-05-14T10:38:24.048670,30698,SGD,KNN,bandit_selection
2026-05-14T10:38:24.060273,30699,KNN,SGD,bandit_selection
2026-05-14T10:38:24.098390,30702,SGD,HT,bandit_selection
2026-05-14T10:38:24.114062,30703,HT,SGD,bandit_selection
2026-05-14T10:38:24.148876,30705,SGD,HT,bandit_selection
2026-05-14T10:38:24.167199,30706,HT,SGD,bandit_selection
2026-05-14T10:38:24.408924,30735,SGD,KNN,bandit_selection
2026-05-14T10:38:24.416574,30736,KNN,SGD,bandit_selection
2026-05-14T10:38:24.440696,30739,SGD,HT,bandit_selection
2026-05-14T10:38:24.450841,30740,HT,SGD,bandit_selection
2026-05-14T10:38:24.520199,30747,SGD,KNN,bandit_selection
2026-05-14T10:38:24.536746,30748,KNN,SGD,bandit_selection
2026-05-14T10:38:24.647192,30760,SGD,KNN,bandit_selection
2026-05-14T10:38:24.658431,30761,KNN,SGD,bandit_selection
2026-05-14T10:38:24.843776,30784,SGD,HT,bandit_selection
2026-05-14T10:38:24.858275,30786,HT,SGD,bandit_selection
2026-05-14T10:38:25.002316,30801,SGD,HT,bandit_selection
2026-05-14T10:38:25.010312,30802,HT,SGD,bandit_selection
2026-05-14T10:38:25.174659,30819,SGD,KNN,bandit_selection
2026-05-14T10:38:25.181225,30820,KNN,SGD,bandit_selection
2026-05-14T10:38:25.649596,30871,SGD,HT,bandit_selection
2026-05-14T10:38:25.661864,30872,HT,SGD,bandit_selection
2026-05-14T10:38:25.733350,30879,SGD,HT,bandit_selection
2026-05-14T10:38:25.740056,30880,HT,SGD,bandit_selection
2026-05-14T10:38:25.866383,30895,SGD,KNN,bandit_selection
2026-05-14T10:38:25.878320,30896,KNN,SGD,bandit_selection
2026-05-14T10:38:25.913152,30900,SGD,HT,bandit_selection
2026-05-14T10:38:25.919580,30901,HT,KNN,bandit_selection
2026-05-14T10:38:25.933672,30902,KNN,SGD,bandit_selection
2026-05-14T10:38:26.032646,30913,SGD,KNN,bandit_selection
2026-05-14T10:38:26.043681,30914,KNN,SGD,bandit_selection
2026-05-14T10:38:26.736762,30991,SGD,HT,bandit_selection
2026-05-14T10:38:26.744260,30992,HT,SGD,bandit_selection
2026-05-14T10:38:27.057691,31020,SGD,KNN,bandit_selection
2026-05-14T10:38:27.076379,31021,KNN,SGD,bandit_selection
2026-05-14T10:38:27.169592,31031,SGD,HT,bandit_selection
2026-05-14T10:38:27.183625,31033,HT,SGD,bandit_selection
2026-05-14T10:38:27.340397,31047,SGD,HT,bandit_selection
2026-05-14T10:38:27.347795,31048,HT,SGD,bandit_selection
2026-05-14T10:38:27.516583,31059,SGD,KNN,bandit_selection
2026-05-14T10:38:27.536188,31060,KNN,SGD,bandit_selection
2026-05-14T10:38:27.742938,31084,SGD,KNN,bandit_selection
2026-05-14T10:38:27.747351,31085,KNN,SGD,bandit_selection
2026-05-14T10:38:28.033901,31112,SGD,HT,bandit_selection
2026-05-14T10:38:28.044934,31113,HT,SGD,bandit_selection
2026-05-14T10:38:28.542243,31166,SGD,HT,bandit_selection
2026-05-14T10:38:28.548218,31167,HT,SGD,bandit_selection
2026-05-14T10:38:28.729568,31184,SGD,HT,bandit_selection
2026-05-14T10:38:28.737893,31185,HT,SGD,bandit_selection
2026-05-14T10:38:28.745162,31186,SGD,HT,bandit_selection
2026-05-14T10:38:28.748598,31187,HT,SGD,bandit_selection
2026-05-14T10:38:28.884438,31201,SGD,HT,bandit_selection
2026-05-14T10:38:28.890684,31202,HT,SGD,bandit_selection
2026-05-14T10:38:29.047964,31214,SGD,HT,bandit_selection
2026-05-14T10:38:29.059587,31216,HT,SGD,bandit_selection
2026-05-14T10:38:29.180539,31229,SGD,KNN,bandit_selection
2026-05-14T10:38:29.187200,31230,KNN,SGD,bandit_selection
2026-05-14T10:38:29.342528,31244,SGD,KNN,bandit_selection
2026-05-14T10:38:29.355739,31245,KNN,SGD,bandit_selection
2026-05-14T10:38:29.449175,31252,SGD,HT,bandit_selection
2026-05-14T10:38:29.460405,31253,HT,SGD,bandit_selection
2026-05-14T10:38:30.079712,31305,SGD,KNN,bandit_selection
2026-05-14T10:38:30.097813,31306,KNN,SGD,bandit_selection
2026-05-14T10:38:30.201075,31316,SGD,HT,bandit_selection
2026-05-14T10:38:30.206810,31317,HT,SGD,bandit_selection
2026-05-14T10:38:30.312379,31332,SGD,HT,bandit_selection
2026-05-14T10:38:30.319517,31333,HT,SGD,bandit_selection
2026-05-14T10:38:30.469307,31351,SGD,HT,bandit_selection
2026-05-14T10:38:30.478734,31352,HT,SGD,bandit_selection
2026-05-14T10:38:30.484226,31353,SGD,KNN,bandit_selection
2026-05-14T10:38:30.491504,31354,KNN,SGD,bandit_selection
2026-05-14T10:38:30.607597,31366,SGD,KNN,bandit_selection
2026-05-14T10:38:30.614801,31367,KNN,SGD,bandit_selection
2026-05-14T10:38:30.774895,31386,SGD,HT,bandit_selection
2026-05-14T10:38:30.810708,31387,HT,SGD,bandit_selection
2026-05-14T10:38:30.838818,31390,SGD,KNN,bandit_selection
2026-05-14T10:38:30.845264,31391,KNN,SGD,bandit_selection
2026-05-14T10:38:30.892253,31394,SGD,HT,bandit_selection
2026-05-14T10:38:30.918552,31395,HT,SGD,bandit_selection
2026-05-14T10:38:30.930610,31396,SGD,KNN,bandit_selection
2026-05-14T10:38:30.948465,31397,KNN,SGD,bandit_selection
2026-05-14T10:38:31.046900,31404,SGD,HT,bandit_selection
2026-05-14T10:38:31.057881,31405,HT,SGD,bandit_selection
2026-05-14T10:38:31.309639,31425,SGD,HT,bandit_selection
2026-05-14T10:38:31.315253,31426,HT,SGD,bandit_selection
2026-05-14T10:38:31.347121,31429,SGD,KNN,bandit_selection
2026-05-14T10:38:31.364619,31430,KNN,SGD,bandit_selection
2026-05-14T10:38:31.589008,31451,SGD,HT,bandit_selection
2026-05-14T10:38:31.601000,31452,HT,SGD,bandit_selection
2026-05-14T10:38:31.747295,31466,SGD,HT,bandit_selection
2026-05-14T10:38:31.753458,31467,HT,SGD,bandit_selection
2026-05-14T10:38:31.942074,31490,SGD,HT,bandit_selection
2026-05-14T10:38:31.949001,31491,HT,SGD,bandit_selection
2026-05-14T10:38:32.035191,31499,SGD,HT,bandit_selection
2026-05-14T10:38:32.045337,31500,HT,SGD,bandit_selection
2026-05-14T10:38:32.610594,31549,SGD,KNN,bandit_selection
2026-05-14T10:38:32.629351,31550,KNN,SGD,bandit_selection
2026-05-14T10:38:32.748529,31561,SGD,KNN,bandit_selection
2026-05-14T10:38:32.764490,31562,KNN,SGD,bandit_selection
2026-05-14T10:38:32.779428,31564,SGD,KNN,bandit_selection
2026-05-14T10:38:32.797662,31565,KNN,SGD,bandit_selection
2026-05-14T10:38:33.090371,31591,SGD,KNN,bandit_selection
2026-05-14T10:38:33.108857,31592,KNN,SGD,bandit_selection
2026-05-14T10:38:33.187204,31601,SGD,KNN,bandit_selection
2026-05-14T10:38:33.194984,31602,KNN,SGD,bandit_selection
2026-05-14T10:38:33.259601,31608,SGD,HT,bandit_selection
2026-05-14T10:38:33.266085,31609,HT,SGD,bandit_selection
2026-05-14T10:38:33.273577,31610,SGD,HT,bandit_selection
2026-05-14T10:38:33.278935,31611,HT,SGD,bandit_selection
2026-05-14T10:38:33.429309,31627,SGD,KNN,bandit_selection
2026-05-14T10:38:33.443474,31628,KNN,SGD,bandit_selection
2026-05-14T10:38:33.729405,31657,SGD,HT,bandit_selection
2026-05-14T10:38:33.737053,31658,HT,SGD,bandit_selection
2026-05-14T10:38:33.748313,31660,SGD,KNN,bandit_selection
2026-05-14T10:38:33.760348,31661,KNN,SGD,bandit_selection
2026-05-14T10:38:33.778308,31663,SGD,KNN,bandit_selection
2026-05-14T10:38:33.787527,31664,KNN,SGD,bandit_selection
2026-05-14T10:38:33.798943,31665,SGD,KNN,bandit_selection
2026-05-14T10:38:33.806620,31666,KNN,SGD,bandit_selection
2026-05-14T10:38:33.941657,31678,SGD,HT,bandit_selection
2026-05-14T10:38:33.947764,31679,HT,SGD,bandit_selection
2026-05-14T10:38:34.141511,31696,SGD,HT,bandit_selection
2026-05-14T10:38:34.146518,31697,HT,SGD,bandit_selection
2026-05-14T10:38:34.174736,31701,SGD,KNN,bandit_selection
2026-05-14T10:38:34.183622,31702,KNN,SGD,bandit_selection
2026-05-14T10:38:34.591285,31744,SGD,KNN,bandit_selection
2026-05-14T10:38:34.597711,31745,KNN,SGD,bandit_selection
2026-05-14T10:38:34.610707,31747,SGD,HT,bandit_selection
2026-05-14T10:38:34.616623,31748,HT,SGD,bandit_selection
2026-05-14T10:38:34.732265,31762,SGD,KNN,bandit_selection
2026-05-14T10:38:34.736154,31763,KNN,SGD,bandit_selection
2026-05-14T10:38:35.162883,31814,SGD,KNN,bandit_selection
2026-05-14T10:38:35.169001,31815,KNN,SGD,bandit_selection
2026-05-14T10:38:35.215673,31822,SGD,HT,bandit_selection
2026-05-14T10:38:35.222475,31823,HT,SGD,bandit_selection
2026-05-14T10:38:35.334227,31834,SGD,HT,bandit_selection
2026-05-14T10:38:35.354802,31835,HT,SGD,bandit_selection
2026-05-14T10:38:35.515369,31852,SGD,HT,bandit_selection
2026-05-14T10:38:35.519910,31853,HT,SGD,bandit_selection
2026-05-14T10:38:35.531282,31855,SGD,HT,bandit_selection
2026-05-14T10:38:35.538950,31856,HT,SGD,bandit_selection
2026-05-14T10:38:35.584806,31862,SGD,HT,bandit_selection
2026-05-14T10:38:35.593535,31863,HT,SGD,bandit_selection
2026-05-14T10:38:35.838593,31893,SGD,KNN,bandit_selection
2026-05-14T10:38:35.859528,31895,KNN,SGD,bandit_selection
2026-05-14T10:38:35.917977,31903,SGD,HT,bandit_selection
2026-05-14T10:38:35.927362,31904,HT,SGD,bandit_selection
2026-05-14T10:38:35.979386,31911,SGD,KNN,bandit_selection
2026-05-14T10:38:35.984441,31912,KNN,SGD,bandit_selection
2026-05-14T10:38:36.103692,31925,SGD,KNN,bandit_selection
2026-05-14T10:38:36.116691,31926,KNN,SGD,bandit_selection
2026-05-14T10:38:36.153241,31931,SGD,KNN,bandit_selection
2026-05-14T10:38:36.162843,31932,KNN,SGD,bandit_selection
2026-05-14T10:38:36.245443,31939,SGD,KNN,bandit_selection
2026-05-14T10:38:36.257008,31940,KNN,SGD,bandit_selection
2026-05-14T10:38:36.358852,31952,SGD,HT,bandit_selection
2026-05-14T10:38:36.363634,31953,HT,SGD,bandit_selection
2026-05-14T10:38:36.463633,31965,SGD,KNN,bandit_selection
2026-05-14T10:38:36.470751,31966,KNN,SGD,bandit_selection
2026-05-14T10:38:36.523450,31972,SGD,KNN,bandit_selection
2026-05-14T10:38:36.529123,31973,KNN,SGD,bandit_selection
2026-05-14T10:38:36.861794,32009,SGD,KNN,bandit_selection
2026-05-14T10:38:36.880862,32010,KNN,SGD,bandit_selection
2026-05-14T10:38:36.905473,32013,SGD,HT,bandit_selection
2026-05-14T10:38:36.910798,32014,HT,SGD,bandit_selection
2026-05-14T10:38:36.951030,32018,SGD,HT,bandit_selection
2026-05-14T10:38:36.959540,32019,HT,SGD,bandit_selection
2026-05-14T10:38:37.030279,32025,SGD,KNN,bandit_selection
2026-05-14T10:38:37.037702,32026,KNN,SGD,bandit_selection
2026-05-14T10:38:37.361638,32064,SGD,HT,bandit_selection
2026-05-14T10:38:37.380962,32065,HT,SGD,bandit_selection
2026-05-14T10:38:37.429574,32070,SGD,KNN,bandit_selection
2026-05-14T10:38:37.439974,32071,KNN,SGD,bandit_selection
2026-05-14T10:38:37.510386,32079,SGD,KNN,bandit_selection
2026-05-14T10:38:37.519890,32080,KNN,SGD,bandit_selection
2026-05-14T10:38:37.827387,32108,SGD,HT,bandit_selection
2026-05-14T10:38:37.842171,32109,HT,SGD,bandit_selection
2026-05-14T10:38:37.854547,32110,SGD,HT,bandit_selection
2026-05-14T10:38:37.867418,32111,HT,SGD,bandit_selection
2026-05-14T10:38:37.952223,32120,SGD,HT,bandit_selection
2026-05-14T10:38:37.960662,32121,HT,SGD,bandit_selection
2026-05-14T10:38:38.029157,32127,SGD,HT,bandit_selection
2026-05-14T10:38:38.042948,32128,HT,SGD,bandit_selection
2026-05-14T10:38:38.412537,32166,SGD,KNN,bandit_selection
2026-05-14T10:38:38.416869,32167,KNN,SGD,bandit_selection
2026-05-14T10:38:38.474892,32176,SGD,KNN,bandit_selection
2026-05-14T10:38:38.478889,32177,KNN,SGD,bandit_selection
2026-05-14T10:38:38.495465,32179,SGD,HT,bandit_selection
2026-05-14T10:38:38.502653,32180,HT,SGD,bandit_selection
2026-05-14T10:38:38.550780,32185,SGD,KNN,bandit_selection
2026-05-14T10:38:38.558185,32186,KNN,SGD,bandit_selection
2026-05-14T10:38:38.569474,32188,SGD,HT,bandit_selection
2026-05-14T10:38:38.581852,32189,HT,SGD,bandit_selection
2026-05-14T10:38:39.021233,32240,SGD,KNN,bandit_selection
2026-05-14T10:38:39.031573,32241,KNN,SGD,bandit_selection
2026-05-14T10:38:39.252348,32263,SGD,HT,bandit_selection
2026-05-14T10:38:39.258447,32264,HT,SGD,bandit_selection
2026-05-14T10:38:39.267929,32265,SGD,HT,bandit_selection
2026-05-14T10:38:39.276425,32266,HT,SGD,bandit_selection
2026-05-14T10:38:39.423131,32284,SGD,HT,bandit_selection
2026-05-14T10:38:39.426918,32285,HT,SGD,bandit_selection
2026-05-14T10:38:39.647414,32311,SGD,KNN,bandit_selection
2026-05-14T10:38:39.654684,32312,KNN,SGD,bandit_selection
2026-05-14T10:38:39.686061,32315,SGD,HT,bandit_selection
2026-05-14T10:38:39.692884,32316,HT,SGD,bandit_selection
2026-05-14T10:38:39.705525,32317,SGD,HT,bandit_selection
2026-05-14T10:38:39.713182,32318,HT,SGD,bandit_selection
2026-05-14T10:38:39.766337,32324,SGD,KNN,bandit_selection
2026-05-14T10:38:39.771311,32325,KNN,SGD,bandit_selection
2026-05-14T10:38:39.778265,32326,SGD,HT,bandit_selection
2026-05-14T10:38:39.789194,32327,HT,SGD,bandit_selection
2026-05-14T10:38:40.346933,32391,SGD,KNN,bandit_selection
2026-05-14T10:38:40.355807,32392,KNN,SGD,bandit_selection
2026-05-14T10:38:40.366172,32393,SGD,HT,bandit_selection
2026-05-14T10:38:40.371221,32394,HT,SGD,bandit_selection
2026-05-14T10:38:40.551682,32416,SGD,KNN,bandit_selection
2026-05-14T10:38:40.555910,32417,KNN,SGD,bandit_selection
2026-05-14T10:38:40.647546,32427,SGD,HT,bandit_selection
2026-05-14T10:38:40.657477,32428,HT,SGD,bandit_selection
2026-05-14T10:38:41.099287,32479,SGD,HT,bandit_selection
2026-05-14T10:38:41.107038,32480,HT,SGD,bandit_selection
2026-05-14T10:38:41.224244,32492,SGD,HT,bandit_selection
2026-05-14T10:38:41.235278,32493,HT,SGD,bandit_selection
2026-05-14T10:38:41.446960,32516,SGD,KNN,bandit_selection
2026-05-14T10:38:41.453155,32517,KNN,SGD,bandit_selection
2026-05-14T10:38:41.485346,32521,SGD,KNN,bandit_selection
2026-05-14T10:38:41.495270,32522,KNN,SGD,bandit_selection
2026-05-14T10:38:41.501514,32523,SGD,KNN,bandit_selection
2026-05-14T10:38:41.510537,32524,KNN,SGD,bandit_selection
2026-05-14T10:38:41.712532,32548,SGD,KNN,bandit_selection
2026-05-14T10:38:41.722043,32549,KNN,SGD,bandit_selection
2026-05-14T10:38:41.777081,32557,SGD,KNN,bandit_selection
2026-05-14T10:38:41.789836,32558,KNN,SGD,bandit_selection
2026-05-14T10:38:41.856415,32565,SGD,KNN,bandit_selection
2026-05-14T10:38:41.864118,32566,KNN,SGD,bandit_selection
2026-05-14T10:38:41.915579,32574,SGD,HT,bandit_selection
2026-05-14T10:38:41.921579,32575,HT,SGD,bandit_selection
2026-05-14T10:38:42.048406,32589,SGD,KNN,bandit_selection
2026-05-14T10:38:42.058432,32590,KNN,HT,bandit_selection
2026-05-14T10:38:42.065106,32591,HT,SGD,bandit_selection
2026-05-14T10:38:42.310494,32618,SGD,KNN,bandit_selection
2026-05-14T10:38:42.322586,32619,KNN,SGD,bandit_selection
2026-05-14T10:38:42.367189,32625,SGD,KNN,bandit_selection
2026-05-14T10:38:42.382993,32626,KNN,SGD,bandit_selection
2026-05-14T10:38:42.413740,32629,SGD,KNN,bandit_selection
2026-05-14T10:38:42.429107,32630,KNN,SGD,bandit_selection
2026-05-14T10:38:42.695454,32664,SGD,HT,bandit_selection
2026-05-14T10:38:42.700707,32665,HT,SGD,bandit_selection
2026-05-14T10:38:42.756190,32672,SGD,HT,bandit_selection
2026-05-14T10:38:42.764648,32673,HT,SGD,bandit_selection
2026-05-14T10:38:42.778185,32675,SGD,KNN,bandit_selection
2026-05-14T10:38:42.792173,32676,KNN,SGD,bandit_selection
2026-05-14T10:38:42.921010,32691,SGD,HT,bandit_selection
2026-05-14T10:38:42.928763,32692,HT,SGD,bandit_selection
2026-05-14T10:38:43.022848,32703,SGD,HT,bandit_selection
2026-05-14T10:38:43.029589,32704,HT,SGD,bandit_selection
2026-05-14T10:38:43.178993,32719,SGD,KNN,bandit_selection
2026-05-14T10:38:43.185171,32720,KNN,SGD,bandit_selection
2026-05-14T10:38:43.343645,32736,SGD,HT,bandit_selection
2026-05-14T10:38:43.355128,32737,HT,SGD,bandit_selection
2026-05-14T10:38:43.450163,32750,SGD,HT,bandit_selection
2026-05-14T10:38:43.456441,32751,HT,SGD,bandit_selection
2026-05-14T10:38:43.466001,32752,SGD,HT,bandit_selection
2026-05-14T10:38:43.473163,32753,HT,SGD,bandit_selection
2026-05-14T10:38:43.511538,32758,SGD,HT,bandit_selection
2026-05-14T10:38:43.522667,32759,HT,SGD,bandit_selection
2026-05-14T10:38:43.672789,32773,SGD,HT,bandit_selection
2026-05-14T10:38:43.682647,32774,HT,SGD,bandit_selection
2026-05-14T10:38:43.787705,32784,SGD,KNN,bandit_selection
2026-05-14T10:38:43.796692,32785,KNN,SGD,bandit_selection
2026-05-14T10:38:43.874817,32795,SGD,HT,bandit_selection
2026-05-14T10:38:43.880156,32796,HT,SGD,bandit_selection
2026-05-14T10:38:44.083128,32815,SGD,HT,bandit_selection
2026-05-14T10:38:44.109010,32816,HT,SGD,bandit_selection
2026-05-14T10:38:44.250482,32830,SGD,HT,bandit_selection
2026-05-14T10:38:44.258346,32831,HT,SGD,bandit_selection
2026-05-14T10:38:44.305498,32838,SGD,KNN,bandit_selection
2026-05-14T10:38:44.313189,32839,KNN,SGD,bandit_selection
2026-05-14T10:38:44.331038,32842,SGD,KNN,bandit_selection
2026-05-14T10:38:44.335714,32843,KNN,SGD,bandit_selection
2026-05-14T10:38:44.630508,32880,SGD,KNN,bandit_selection
2026-05-14T10:38:44.644889,32881,KNN,SGD,bandit_selection
2026-05-14T10:38:44.707935,32886,SGD,HT,bandit_selection
2026-05-14T10:38:44.726446,32887,HT,SGD,bandit_selection
2026-05-14T10:38:44.750213,32889,SGD,KNN,bandit_selection
2026-05-14T10:38:44.760593,32890,KNN,SGD,bandit_selection
2026-05-14T10:38:44.810113,32896,SGD,KNN,bandit_selection
2026-05-14T10:38:44.825781,32897,KNN,SGD,bandit_selection
2026-05-14T10:38:44.928787,32908,SGD,KNN,bandit_selection
2026-05-14T10:38:44.936854,32909,KNN,SGD,bandit_selection
2026-05-14T10:38:44.978509,32915,SGD,HT,bandit_selection
2026-05-14T10:38:44.983137,32916,HT,SGD,bandit_selection
2026-05-14T10:38:45.124127,32932,SGD,KNN,bandit_selection
2026-05-14T10:38:45.141022,32933,KNN,SGD,bandit_selection
2026-05-14T10:38:45.398420,32959,SGD,KNN,bandit_selection
2026-05-14T10:38:45.413506,32960,KNN,SGD,bandit_selection
2026-05-14T10:38:45.496543,32968,SGD,KNN,bandit_selection
2026-05-14T10:38:45.503993,32969,KNN,SGD,bandit_selection
2026-05-14T10:38:45.627399,32986,SGD,HT,bandit_selection
2026-05-14T10:38:45.637445,32987,HT,SGD,bandit_selection
2026-05-14T10:38:45.772596,33002,SGD,HT,bandit_selection
2026-05-14T10:38:45.790615,33003,HT,SGD,bandit_selection
2026-05-14T10:38:46.011061,33024,SGD,KNN,bandit_selection
2026-05-14T10:38:46.021433,33025,KNN,SGD,bandit_selection
2026-05-14T10:38:46.117359,33036,SGD,KNN,bandit_selection
2026-05-14T10:38:46.124623,33037,KNN,SGD,bandit_selection
2026-05-14T10:38:46.459611,33075,SGD,KNN,bandit_selection
2026-05-14T10:38:46.467626,33076,KNN,HT,bandit_selection
2026-05-14T10:38:46.476902,33077,HT,SGD,bandit_selection
2026-05-14T10:38:46.677156,33093,SGD,KNN,bandit_selection
2026-05-14T10:38:46.686968,33094,KNN,SGD,bandit_selection
2026-05-14T10:38:46.715367,33097,SGD,HT,bandit_selection
2026-05-14T10:38:46.719475,33098,HT,SGD,bandit_selection
2026-05-14T10:38:46.748557,33101,SGD,KNN,bandit_selection
2026-05-14T10:38:46.762361,33102,KNN,SGD,bandit_selection
2026-05-14T10:38:46.856731,33111,SGD,HT,bandit_selection
2026-05-14T10:38:46.863783,33112,HT,SGD,bandit_selection
2026-05-14T10:38:46.936702,33120,SGD,HT,bandit_selection
2026-05-14T10:38:46.944165,33121,HT,SGD,bandit_selection
2026-05-14T10:38:47.295573,33160,SGD,HT,bandit_selection
2026-05-14T10:38:47.305548,33161,HT,SGD,bandit_selection
2026-05-14T10:38:47.485421,33178,SGD,HT,bandit_selection
2026-05-14T10:38:47.493960,33179,HT,SGD,bandit_selection
2026-05-14T10:38:47.601081,33190,SGD,KNN,bandit_selection
2026-05-14T10:38:47.606956,33191,KNN,SGD,bandit_selection
2026-05-14T10:38:47.680987,33201,SGD,KNN,bandit_selection
2026-05-14T10:38:47.688388,33202,KNN,SGD,bandit_selection
2026-05-14T10:38:47.729052,33207,SGD,KNN,bandit_selection
2026-05-14T10:38:47.738675,33208,KNN,SGD,bandit_selection
2026-05-14T10:38:47.799581,33215,SGD,HT,bandit_selection
2026-05-14T10:38:47.804105,33216,HT,SGD,bandit_selection
2026-05-14T10:38:48.001830,33235,SGD,KNN,bandit_selection
2026-05-14T10:38:48.045022,33237,KNN,SGD,bandit_selection
2026-05-14T10:38:48.106848,33244,SGD,KNN,bandit_selection
2026-05-14T10:38:48.114410,33245,KNN,SGD,bandit_selection
2026-05-14T10:38:48.182922,33254,SGD,HT,bandit_selection
2026-05-14T10:38:48.213161,33255,HT,SGD,bandit_selection
2026-05-14T10:38:49.526738,33391,SGD,KNN,bandit_selection
2026-05-14T10:38:49.534407,33392,KNN,SGD,bandit_selection
2026-05-14T10:38:49.615617,33404,SGD,KNN,bandit_selection
2026-05-14T10:38:49.624450,33405,KNN,SGD,bandit_selection
2026-05-14T10:38:49.650630,33408,SGD,HT,bandit_selection
2026-05-14T10:38:49.655224,33409,HT,SGD,bandit_selection
2026-05-14T10:38:49.946139,33438,SGD,KNN,bandit_selection
2026-05-14T10:38:49.957711,33439,KNN,SGD,bandit_selection
2026-05-14T10:38:49.987768,33443,SGD,KNN,bandit_selection
2026-05-14T10:38:49.994396,33444,KNN,SGD,bandit_selection
2026-05-14T10:38:50.365025,33482,SGD,HT,bandit_selection
2026-05-14T10:38:50.371800,33483,HT,SGD,bandit_selection
2026-05-14T10:38:50.669975,33513,SGD,HT,bandit_selection
2026-05-14T10:38:50.678398,33514,HT,KNN,bandit_selection
2026-05-14T10:38:50.691993,33515,KNN,SGD,bandit_selection
2026-05-14T10:38:50.998300,33545,SGD,HT,bandit_selection
2026-05-14T10:38:51.012500,33546,HT,SGD,bandit_selection
2026-05-14T10:38:51.042181,33549,SGD,HT,bandit_selection
2026-05-14T10:38:51.054326,33550,HT,SGD,bandit_selection
2026-05-14T10:38:51.083339,33554,SGD,KNN,bandit_selection
2026-05-14T10:38:51.093611,33555,KNN,SGD,bandit_selection
2026-05-14T10:38:51.169521,33564,SGD,KNN,bandit_selection
2026-05-14T10:38:51.177462,33565,KNN,SGD,bandit_selection
2026-05-14T10:38:51.313115,33576,SGD,KNN,bandit_selection
2026-05-14T10:38:51.320641,33577,KNN,SGD,bandit_selection
2026-05-14T10:38:51.478904,33596,SGD,KNN,bandit_selection
2026-05-14T10:38:51.484620,33597,KNN,SGD,bandit_selection
2026-05-14T10:38:51.515563,33601,SGD,HT,bandit_selection
2026-05-14T10:38:51.521339,33602,HT,SGD,bandit_selection
2026-05-14T10:38:51.606032,33614,SGD,HT,bandit_selection
2026-05-14T10:38:51.616734,33615,HT,SGD,bandit_selection
2026-05-14T10:38:52.089478,33668,SGD,HT,bandit_selection
2026-05-14T10:38:52.095771,33669,HT,KNN,bandit_selection
2026-05-14T10:38:52.104726,33670,KNN,SGD,bandit_selection
2026-05-14T10:38:52.361666,33700,SGD,HT,bandit_selection
2026-05-14T10:38:52.367811,33701,HT,SGD,bandit_selection
2026-05-14T10:38:52.648552,33722,SGD,HT,bandit_selection
2026-05-14T10:38:52.657709,33723,HT,SGD,bandit_selection
2026-05-14T10:38:52.730155,33731,SGD,HT,bandit_selection
2026-05-14T10:38:52.737746,33732,HT,SGD,bandit_selection
2026-05-14T10:38:52.845387,33743,SGD,KNN,bandit_selection
2026-05-14T10:38:52.850267,33744,KNN,SGD,bandit_selection
2026-05-14T10:38:53.107730,33771,SGD,HT,bandit_selection
2026-05-14T10:38:53.117327,33772,HT,SGD,bandit_selection
2026-05-14T10:38:53.194758,33782,SGD,HT,bandit_selection
2026-05-14T10:38:53.202899,33783,HT,SGD,bandit_selection
2026-05-14T10:38:53.272477,33789,SGD,KNN,bandit_selection
2026-05-14T10:38:53.286853,33790,KNN,SGD,bandit_selection
2026-05-14T10:38:53.318630,33793,SGD,KNN,bandit_selection
2026-05-14T10:38:53.325784,33794,KNN,SGD,bandit_selection
2026-05-14T10:38:53.360106,33798,SGD,KNN,bandit_selection
2026-05-14T10:38:53.366328,33799,KNN,SGD,bandit_selection
2026-05-14T10:38:53.400047,33803,SGD,HT,bandit_selection
2026-05-14T10:38:53.405849,33804,HT,SGD,bandit_selection
2026-05-14T10:38:53.636634,33831,SGD,HT,bandit_selection
2026-05-14T10:38:53.656597,33832,HT,KNN,bandit_selection
2026-05-14T10:38:53.668451,33833,KNN,SGD,bandit_selection
2026-05-14T10:38:53.783407,33846,SGD,HT,bandit_selection
2026-05-14T10:38:53.792761,33847,HT,SGD,bandit_selection
2026-05-14T10:38:53.838578,33852,SGD,KNN,bandit_selection
2026-05-14T10:38:53.844410,33853,KNN,SGD,bandit_selection
2026-05-14T10:38:54.087789,33879,SGD,KNN,bandit_selection
2026-05-14T10:38:54.093670,33880,KNN,SGD,bandit_selection
2026-05-14T10:38:54.736068,33958,SGD,KNN,bandit_selection
2026-05-14T10:38:54.740807,33959,KNN,SGD,bandit_selection
2026-05-14T10:38:54.803490,33966,SGD,KNN,bandit_selection
2026-05-14T10:38:54.810040,33967,KNN,SGD,bandit_selection
2026-05-14T10:38:54.820882,33969,SGD,KNN,bandit_selection
2026-05-14T10:38:54.826816,33970,KNN,SGD,bandit_selection
2026-05-14T10:38:54.962311,33987,SGD,KNN,bandit_selection
2026-05-14T10:38:54.970480,33988,KNN,SGD,bandit_selection
2026-05-14T10:38:55.120185,34003,SGD,KNN,bandit_selection
2026-05-14T10:38:55.129721,34004,KNN,SGD,bandit_selection
2026-05-14T10:38:55.159824,34009,SGD,HT,bandit_selection
2026-05-14T10:38:55.169765,34010,HT,SGD,bandit_selection
2026-05-14T10:38:55.188222,34012,SGD,KNN,bandit_selection
2026-05-14T10:38:55.202393,34013,KNN,SGD,bandit_selection
2026-05-14T10:38:55.287043,34021,SGD,KNN,bandit_selection
2026-05-14T10:38:55.293387,34022,KNN,SGD,bandit_selection
2026-05-14T10:38:55.382294,34033,SGD,HT,bandit_selection
2026-05-14T10:38:55.391025,34034,HT,SGD,bandit_selection
2026-05-14T10:38:55.453520,34041,SGD,HT,bandit_selection
2026-05-14T10:38:55.460262,34042,HT,SGD,bandit_selection
2026-05-14T10:38:55.821639,34085,SGD,KNN,bandit_selection
2026-05-14T10:38:55.831069,34086,KNN,SGD,bandit_selection
2026-05-14T10:38:55.942348,34095,SGD,HT,bandit_selection
2026-05-14T10:38:55.951407,34096,HT,SGD,bandit_selection
2026-05-14T10:38:56.372604,34133,SGD,KNN,bandit_selection
2026-05-14T10:38:56.382389,34134,KNN,SGD,bandit_selection
2026-05-14T10:38:56.423589,34138,SGD,HT,bandit_selection
2026-05-14T10:38:56.431159,34139,HT,SGD,bandit_selection
2026-05-14T10:38:57.075312,34222,SGD,HT,bandit_selection
2026-05-14T10:38:57.081005,34223,HT,SGD,bandit_selection
2026-05-14T10:38:57.151288,34231,SGD,KNN,bandit_selection
2026-05-14T10:38:57.159446,34232,KNN,SGD,bandit_selection
2026-05-14T10:38:57.293551,34249,SGD,KNN,bandit_selection
2026-05-14T10:38:57.301728,34250,KNN,SGD,bandit_selection
2026-05-14T10:38:57.635984,34289,SGD,HT,bandit_selection
2026-05-14T10:38:57.646330,34290,HT,SGD,bandit_selection
2026-05-14T10:38:57.658403,34292,SGD,KNN,bandit_selection
2026-05-14T10:38:57.666656,34293,KNN,SGD,bandit_selection
2026-05-14T10:38:57.730587,34301,SGD,KNN,bandit_selection
2026-05-14T10:38:57.734341,34302,KNN,SGD,bandit_selection
2026-05-14T10:38:57.865832,34319,SGD,KNN,bandit_selection
2026-05-14T10:38:57.871670,34320,KNN,SGD,bandit_selection
2026-05-14T10:38:58.136358,34348,SGD,KNN,bandit_selection
2026-05-14T10:38:58.141801,34349,KNN,SGD,bandit_selection
2026-05-14T10:38:58.543865,34399,SGD,HT,bandit_selection
2026-05-14T10:38:58.549960,34400,HT,SGD,bandit_selection
2026-05-14T10:38:58.589107,34405,SGD,HT,bandit_selection
2026-05-14T10:38:58.596429,34406,HT,SGD,bandit_selection
2026-05-14T10:38:58.710509,34420,SGD,KNN,bandit_selection
2026-05-14T10:38:58.716973,34421,KNN,SGD,bandit_selection
2026-05-14T10:38:58.778060,34427,SGD,HT,bandit_selection
2026-05-14T10:38:58.793609,34428,HT,SGD,bandit_selection
2026-05-14T10:38:58.948666,34444,SGD,HT,bandit_selection
2026-05-14T10:38:58.960581,34445,HT,SGD,bandit_selection
2026-05-14T10:38:59.128040,34460,SGD,HT,bandit_selection
2026-05-14T10:38:59.134643,34461,HT,SGD,bandit_selection
2026-05-14T10:38:59.325758,34483,SGD,KNN,bandit_selection
2026-05-14T10:38:59.331849,34484,KNN,SGD,bandit_selection
2026-05-14T10:38:59.388198,34489,SGD,KNN,bandit_selection
2026-05-14T10:38:59.406859,34490,KNN,SGD,bandit_selection
2026-05-14T10:38:59.461222,34493,SGD,KNN,bandit_selection
2026-05-14T10:38:59.473893,34494,KNN,SGD,bandit_selection
2026-05-14T10:38:59.518984,34498,SGD,HT,bandit_selection
2026-05-14T10:38:59.529586,34499,HT,SGD,bandit_selection
2026-05-14T10:38:59.670448,34511,SGD,KNN,bandit_selection
2026-05-14T10:38:59.677107,34512,KNN,SGD,bandit_selection
2026-05-14T10:39:00.226403,34570,SGD,KNN,bandit_selection
2026-05-14T10:39:00.237838,34571,KNN,SGD,bandit_selection
2026-05-14T10:39:00.714546,34613,SGD,KNN,bandit_selection
2026-05-14T10:39:00.722293,34614,KNN,SGD,bandit_selection
2026-05-14T10:39:00.835047,34626,SGD,HT,bandit_selection
2026-05-14T10:39:00.839353,34627,HT,SGD,bandit_selection
2026-05-14T10:39:00.868927,34631,SGD,HT,bandit_selection
2026-05-14T10:39:00.879344,34632,HT,SGD,bandit_selection
2026-05-14T10:39:00.956144,34641,SGD,KNN,bandit_selection
2026-05-14T10:39:00.962211,34642,KNN,SGD,bandit_selection
2026-05-14T10:39:01.023100,34649,SGD,HT,bandit_selection
2026-05-14T10:39:01.032306,34650,HT,SGD,bandit_selection
2026-05-14T10:39:01.184531,34668,SGD,KNN,bandit_selection
2026-05-14T10:39:01.193721,34669,KNN,HT,bandit_selection
2026-05-14T10:39:01.204912,34670,HT,SGD,bandit_selection
2026-05-14T10:39:01.372082,34685,SGD,HT,bandit_selection
2026-05-14T10:39:01.384345,34686,HT,SGD,bandit_selection
2026-05-14T10:39:01.417500,34690,SGD,KNN,bandit_selection
2026-05-14T10:39:01.426028,34691,KNN,SGD,bandit_selection
2026-05-14T10:39:02.846320,34821,SGD,KNN,bandit_selection
2026-05-14T10:39:02.855261,34822,KNN,SGD,bandit_selection
2026-05-14T10:39:03.413195,34875,SGD,KNN,bandit_selection
2026-05-14T10:39:03.430501,34876,KNN,SGD,bandit_selection
2026-05-14T10:39:03.441969,34877,SGD,HT,bandit_selection
2026-05-14T10:39:03.469307,34878,HT,SGD,bandit_selection
2026-05-14T10:39:03.537427,34886,SGD,KNN,bandit_selection
2026-05-14T10:39:03.545103,34887,KNN,SGD,bandit_selection
2026-05-14T10:39:03.602877,34894,SGD,HT,bandit_selection
2026-05-14T10:39:03.627274,34895,HT,SGD,bandit_selection
2026-05-14T10:39:03.858889,34918,SGD,KNN,bandit_selection
2026-05-14T10:39:03.879227,34920,KNN,SGD,bandit_selection
2026-05-14T10:39:03.954016,34930,SGD,HT,bandit_selection
2026-05-14T10:39:03.964755,34932,HT,SGD,bandit_selection
2026-05-14T10:39:04.450018,34971,SGD,HT,bandit_selection
2026-05-14T10:39:04.469814,34972,HT,SGD,bandit_selection
2026-05-14T10:39:04.602061,34981,SGD,HT,bandit_selection
2026-05-14T10:39:04.611261,34982,HT,SGD,bandit_selection
2026-05-14T10:39:04.800587,35000,SGD,HT,bandit_selection
2026-05-14T10:39:04.831808,35001,HT,SGD,bandit_selection
2026-05-14T10:39:04.858651,35004,SGD,HT,bandit_selection
2026-05-14T10:39:04.880502,35006,HT,SGD,bandit_selection
2026-05-14T10:39:05.219672,35027,SGD,KNN,bandit_selection
2026-05-14T10:39:05.227014,35028,KNN,SGD,bandit_selection
2026-05-14T10:39:05.405202,35045,SGD,HT,bandit_selection
2026-05-14T10:39:05.414653,35046,HT,SGD,bandit_selection
2026-05-14T10:39:05.435530,35049,SGD,HT,bandit_selection
2026-05-14T10:39:05.440138,35050,HT,SGD,bandit_selection
2026-05-14T10:39:05.562600,35061,SGD,HT,bandit_selection
2026-05-14T10:39:05.568080,35062,HT,SGD,bandit_selection
2026-05-14T10:39:05.736867,35082,SGD,HT,bandit_selection
2026-05-14T10:39:05.753325,35083,HT,SGD,bandit_selection
2026-05-14T10:39:05.832868,35092,SGD,KNN,bandit_selection
2026-05-14T10:39:05.838494,35093,KNN,SGD,bandit_selection
2026-05-14T10:39:06.177855,35134,SGD,KNN,bandit_selection
2026-05-14T10:39:06.188725,35135,KNN,SGD,bandit_selection
2026-05-14T10:39:06.344485,35151,SGD,KNN,bandit_selection
2026-05-14T10:39:06.360744,35152,KNN,SGD,bandit_selection
2026-05-14T10:39:06.513741,35161,SGD,HT,bandit_selection
2026-05-14T10:39:06.543261,35162,HT,SGD,bandit_selection
2026-05-14T10:39:06.629884,35168,SGD,KNN,bandit_selection
2026-05-14T10:39:06.645666,35169,KNN,SGD,bandit_selection
2026-05-14T10:39:06.986926,35193,SGD,HT,bandit_selection
2026-05-14T10:39:06.998990,35194,HT,SGD,bandit_selection
2026-05-14T10:39:07.047063,35199,SGD,HT,bandit_selection
2026-05-14T10:39:07.069814,35201,HT,SGD,bandit_selection
2026-05-14T10:39:07.165315,35212,SGD,KNN,bandit_selection
2026-05-14T10:39:07.189960,35213,KNN,SGD,bandit_selection
2026-05-14T10:39:07.275372,35221,SGD,HT,bandit_selection
2026-05-14T10:39:07.291315,35222,HT,SGD,bandit_selection
2026-05-14T10:39:07.320648,35225,SGD,HT,bandit_selection
2026-05-14T10:39:07.329998,35226,HT,SGD,bandit_selection
2026-05-14T10:39:07.511087,35243,SGD,KNN,bandit_selection
2026-05-14T10:39:07.527526,35244,KNN,SGD,bandit_selection
2026-05-14T10:39:08.022423,35273,SGD,HT,bandit_selection
2026-05-14T10:39:08.027828,35274,HT,SGD,bandit_selection
2026-05-14T10:39:08.296428,35301,SGD,KNN,bandit_selection
2026-05-14T10:39:08.304653,35302,KNN,SGD,bandit_selection
2026-05-14T10:39:08.321208,35304,SGD,KNN,bandit_selection
2026-05-14T10:39:08.328244,35305,KNN,SGD,bandit_selection
2026-05-14T10:39:08.508195,35320,SGD,HT,bandit_selection
2026-05-14T10:39:08.517411,35321,HT,SGD,bandit_selection
2026-05-14T10:39:08.629935,35331,SGD,KNN,bandit_selection
2026-05-14T10:39:08.640682,35332,KNN,SGD,bandit_selection
2026-05-14T10:39:08.830460,35349,SGD,KNN,bandit_selection
2026-05-14T10:39:08.846761,35350,KNN,HT,bandit_selection
2026-05-14T10:39:08.859808,35351,HT,SGD,bandit_selection
2026-05-14T10:39:08.920369,35354,SGD,HT,bandit_selection
2026-05-14T10:39:08.934195,35355,HT,SGD,bandit_selection
2026-05-14T10:39:09.022451,35364,SGD,HT,bandit_selection
2026-05-14T10:39:09.031705,35365,HT,SGD,bandit_selection
2026-05-14T10:39:09.123290,35376,SGD,HT,bandit_selection
2026-05-14T10:39:09.136360,35377,HT,SGD,bandit_selection
2026-05-14T10:39:09.469988,35407,SGD,HT,bandit_selection
2026-05-14T10:39:09.476719,35408,HT,SGD,bandit_selection
2026-05-14T10:39:09.622240,35421,SGD,HT,bandit_selection
2026-05-14T10:39:09.629621,35422,HT,SGD,bandit_selection
2026-05-14T10:39:09.806981,35439,SGD,KNN,bandit_selection
2026-05-14T10:39:09.811979,35440,KNN,SGD,bandit_selection
2026-05-14T10:39:09.875566,35448,SGD,KNN,bandit_selection
2026-05-14T10:39:09.882035,35449,KNN,SGD,bandit_selection
2026-05-14T10:39:09.947675,35456,SGD,KNN,bandit_selection
2026-05-14T10:39:09.956958,35457,KNN,HT,bandit_selection
2026-05-14T10:39:09.965558,35458,HT,SGD,bandit_selection
2026-05-14T10:39:09.986638,35459,SGD,HT,bandit_selection
2026-05-14T10:39:09.999892,35460,HT,SGD,bandit_selection
2026-05-14T10:39:10.073529,35466,SGD,KNN,bandit_selection
2026-05-14T10:39:10.108794,35467,KNN,HT,bandit_selection
2026-05-14T10:39:10.124584,35468,HT,SGD,bandit_selection
2026-05-14T10:39:10.321736,35483,SGD,HT,bandit_selection
2026-05-14T10:39:10.341590,35484,HT,SGD,bandit_selection
2026-05-14T10:39:10.376499,35486,SGD,HT,bandit_selection
2026-05-14T10:39:10.413716,35488,HT,SGD,bandit_selection
2026-05-14T10:39:10.692393,35506,SGD,HT,bandit_selection
2026-05-14T10:39:10.704263,35507,HT,SGD,bandit_selection
2026-05-14T10:39:10.753399,35511,SGD,HT,bandit_selection
2026-05-14T10:39:10.780702,35512,HT,SGD,bandit_selection
2026-05-14T10:39:11.272623,35555,SGD,KNN,bandit_selection
2026-05-14T10:39:11.280473,35556,KNN,SGD,bandit_selection
2026-05-14T10:39:11.487475,35574,SGD,HT,bandit_selection
2026-05-14T10:39:11.494953,35575,HT,SGD,bandit_selection
2026-05-14T10:39:11.666196,35591,SGD,KNN,bandit_selection
2026-05-14T10:39:11.688878,35592,KNN,SGD,bandit_selection
2026-05-14T10:39:11.759104,35601,SGD,KNN,bandit_selection
2026-05-14T10:39:11.768357,35602,KNN,SGD,bandit_selection
2026-05-14T10:39:11.838815,35610,SGD,HT,bandit_selection
2026-05-14T10:39:11.846415,35611,HT,SGD,bandit_selection
2026-05-14T10:39:11.910826,35619,SGD,KNN,bandit_selection
2026-05-14T10:39:11.917127,35620,KNN,SGD,bandit_selection
2026-05-14T10:39:12.276209,35662,SGD,HT,bandit_selection
2026-05-14T10:39:12.288182,35664,HT,SGD,bandit_selection
2026-05-14T10:39:12.579670,35692,SGD,KNN,bandit_selection
2026-05-14T10:39:12.588409,35693,KNN,SGD,bandit_selection
2026-05-14T10:39:12.818667,35710,SGD,HT,bandit_selection
2026-05-14T10:39:12.827225,35711,HT,SGD,bandit_selection
2026-05-14T10:39:13.136837,35740,SGD,HT,bandit_selection
2026-05-14T10:39:13.147353,35741,HT,SGD,bandit_selection
2026-05-14T10:39:13.567420,35777,SGD,HT,bandit_selection
2026-05-14T10:39:13.602452,35778,HT,SGD,bandit_selection
2026-05-14T10:39:13.620428,35780,SGD,HT,bandit_selection
2026-05-14T10:39:13.630619,35781,HT,SGD,bandit_selection
2026-05-14T10:39:13.746987,35793,SGD,HT,bandit_selection
2026-05-14T10:39:13.758780,35794,HT,SGD,bandit_selection
2026-05-14T10:39:13.988156,35818,SGD,HT,bandit_selection
2026-05-14T10:39:13.998790,35819,HT,SGD,bandit_selection
2026-05-14T10:39:14.007139,35820,SGD,KNN,bandit_selection
2026-05-14T10:39:14.016943,35821,KNN,SGD,bandit_selection
2026-05-14T10:39:14.271072,35849,SGD,HT,bandit_selection
2026-05-14T10:39:14.283439,35850,HT,SGD,bandit_selection
2026-05-14T10:39:14.360599,35855,SGD,KNN,bandit_selection
2026-05-14T10:39:14.370390,35856,KNN,SGD,bandit_selection
2026-05-14T10:39:14.432137,35863,SGD,KNN,bandit_selection
2026-05-14T10:39:14.453541,35864,KNN,HT,bandit_selection
2026-05-14T10:39:14.463489,35865,HT,SGD,bandit_selection
2026-05-14T10:39:14.559465,35877,SGD,KNN,bandit_selection
2026-05-14T10:39:14.564139,35878,KNN,SGD,bandit_selection
2026-05-14T10:39:14.813284,35901,SGD,KNN,bandit_selection
2026-05-14T10:39:14.820450,35902,KNN,SGD,bandit_selection
2026-05-14T10:39:14.966195,35918,SGD,KNN,bandit_selection
2026-05-14T10:39:14.975706,35919,KNN,SGD,bandit_selection
2026-05-14T10:39:15.183148,35941,SGD,KNN,bandit_selection
2026-05-14T10:39:15.195060,35942,KNN,SGD,bandit_selection
2026-05-14T10:39:15.246198,35948,SGD,KNN,bandit_selection
2026-05-14T10:39:15.252239,35949,KNN,SGD,bandit_selection
2026-05-14T10:39:15.257537,35950,SGD,KNN,bandit_selection
2026-05-14T10:39:15.266787,35951,KNN,SGD,bandit_selection
2026-05-14T10:39:15.597476,35982,SGD,KNN,bandit_selection
2026-05-14T10:39:15.606849,35983,KNN,SGD,bandit_selection
2026-05-14T10:39:15.749452,35997,SGD,HT,bandit_selection
2026-05-14T10:39:15.763704,35999,HT,SGD,bandit_selection
2026-05-14T10:39:15.859723,36006,SGD,KNN,bandit_selection
2026-05-14T10:39:15.870392,36007,KNN,SGD,bandit_selection
2026-05-14T10:39:15.883522,36008,SGD,KNN,bandit_selection
2026-05-14T10:39:15.892222,36009,KNN,SGD,bandit_selection
2026-05-14T10:39:16.032660,36021,SGD,KNN,bandit_selection
2026-05-14T10:39:16.042625,36022,KNN,SGD,bandit_selection
2026-05-14T10:39:16.176162,36039,SGD,HT,bandit_selection
2026-05-14T10:39:16.185737,36040,HT,SGD,bandit_selection
2026-05-14T10:39:16.456527,36070,SGD,HT,bandit_selection
2026-05-14T10:39:16.463296,36071,HT,SGD,bandit_selection
2026-05-14T10:39:16.535571,36079,SGD,HT,bandit_selection
2026-05-14T10:39:16.544145,36080,HT,SGD,bandit_selection
2026-05-14T10:39:16.609558,36085,SGD,KNN,bandit_selection
2026-05-14T10:39:16.622797,36087,KNN,SGD,bandit_selection
2026-05-14T10:39:16.819001,36105,SGD,HT,bandit_selection
2026-05-14T10:39:16.826899,36106,HT,SGD,bandit_selection
2026-05-14T10:39:16.883625,36112,SGD,HT,bandit_selection
2026-05-14T10:39:16.906818,36113,HT,SGD,bandit_selection
2026-05-14T10:39:17.012691,36123,SGD,HT,bandit_selection
2026-05-14T10:39:17.020558,36124,HT,SGD,bandit_selection
2026-05-14T10:39:17.349125,36159,SGD,KNN,bandit_selection
2026-05-14T10:39:17.362527,36160,KNN,SGD,bandit_selection
2026-05-14T10:39:17.895375,36211,SGD,KNN,bandit_selection
2026-05-14T10:39:17.904394,36212,KNN,SGD,bandit_selection
2026-05-14T10:39:18.262630,36249,SGD,HT,bandit_selection
2026-05-14T10:39:18.272458,36250,HT,SGD,bandit_selection
2026-05-14T10:39:18.284174,36251,SGD,HT,bandit_selection
2026-05-14T10:39:18.292485,36252,HT,SGD,bandit_selection
2026-05-14T10:39:18.306363,36254,SGD,KNN,bandit_selection
2026-05-14T10:39:18.312621,36255,KNN,SGD,bandit_selection
2026-05-14T10:39:18.609485,36281,SGD,KNN,bandit_selection
2026-05-14T10:39:18.616371,36282,KNN,SGD,bandit_selection
2026-05-14T10:39:18.662463,36287,SGD,KNN,bandit_selection
2026-05-14T10:39:18.666165,36288,KNN,SGD,bandit_selection
2026-05-14T10:39:18.682308,36290,SGD,KNN,bandit_selection
2026-05-14T10:39:18.690939,36291,KNN,SGD,bandit_selection
2026-05-14T10:39:18.706504,36293,SGD,HT,bandit_selection
2026-05-14T10:39:18.732056,36295,HT,SGD,bandit_selection
2026-05-14T10:39:18.806588,36304,SGD,HT,bandit_selection
2026-05-14T10:39:18.811504,36305,HT,SGD,bandit_selection
2026-05-14T10:39:19.155862,36340,SGD,HT,bandit_selection
2026-05-14T10:39:19.163909,36341,HT,SGD,bandit_selection
2026-05-14T10:39:19.259337,36353,SGD,HT,bandit_selection
2026-05-14T10:39:19.265803,36354,HT,SGD,bandit_selection
2026-05-14T10:39:19.809420,36415,SGD,HT,bandit_selection
2026-05-14T10:39:19.814194,36416,HT,SGD,bandit_selection
2026-05-14T10:39:19.965885,36431,SGD,HT,bandit_selection
2026-05-14T10:39:19.974132,36432,HT,SGD,bandit_selection
2026-05-14T10:39:20.020253,36435,SGD,HT,bandit_selection
2026-05-14T10:39:20.027707,36436,HT,SGD,bandit_selection
2026-05-14T10:39:20.150999,36449,SGD,KNN,bandit_selection
2026-05-14T10:39:20.158580,36450,KNN,SGD,bandit_selection
2026-05-14T10:39:20.205025,36454,SGD,KNN,bandit_selection
2026-05-14T10:39:20.215643,36455,KNN,SGD,bandit_selection
2026-05-14T10:39:20.232461,36457,SGD,KNN,bandit_selection
2026-05-14T10:39:20.239433,36458,KNN,SGD,bandit_selection
2026-05-14T10:39:20.325511,36469,SGD,KNN,bandit_selection
2026-05-14T10:39:20.329175,36470,KNN,SGD,bandit_selection
2026-05-14T10:39:20.509966,36487,SGD,HT,bandit_selection
2026-05-14T10:39:20.516060,36488,HT,SGD,bandit_selection
2026-05-14T10:39:20.959774,36529,SGD,HT,bandit_selection
2026-05-14T10:39:20.966934,36530,HT,SGD,bandit_selection
2026-05-14T10:39:21.041806,36539,SGD,KNN,bandit_selection
2026-05-14T10:39:21.051043,36540,KNN,SGD,bandit_selection
2026-05-14T10:39:21.468684,36583,SGD,KNN,bandit_selection
2026-05-14T10:39:21.477722,36584,KNN,SGD,bandit_selection
2026-05-14T10:39:21.648604,36604,SGD,HT,bandit_selection
2026-05-14T10:39:21.664681,36605,HT,SGD,bandit_selection
2026-05-14T10:39:21.825754,36622,SGD,HT,bandit_selection
2026-05-14T10:39:21.832071,36623,HT,SGD,bandit_selection
2026-05-14T10:39:22.073593,36647,SGD,KNN,bandit_selection
2026-05-14T10:39:22.085125,36648,KNN,SGD,bandit_selection
2026-05-14T10:39:22.307796,36672,SGD,HT,bandit_selection
2026-05-14T10:39:22.318083,36673,HT,SGD,bandit_selection
2026-05-14T10:39:22.331826,36675,SGD,KNN,bandit_selection
2026-05-14T10:39:22.339239,36676,KNN,SGD,bandit_selection
2026-05-14T10:39:22.548587,36702,SGD,HT,bandit_selection
2026-05-14T10:39:22.559930,36703,HT,SGD,bandit_selection
2026-05-14T10:39:22.686016,36717,SGD,KNN,bandit_selection
2026-05-14T10:39:22.692811,36718,KNN,SGD,bandit_selection
2026-05-14T10:39:22.706483,36720,SGD,HT,bandit_selection
2026-05-14T10:39:22.716365,36721,HT,SGD,bandit_selection
2026-05-14T10:39:22.721897,36722,SGD,HT,bandit_selection
2026-05-14T10:39:22.742227,36723,HT,SGD,bandit_selection
2026-05-14T10:39:23.016322,36743,SGD,KNN,bandit_selection
2026-05-14T10:39:23.024825,36744,KNN,SGD,bandit_selection
2026-05-14T10:39:23.168607,36760,SGD,HT,bandit_selection
2026-05-14T10:39:23.181709,36761,HT,SGD,bandit_selection
2026-05-14T10:39:23.339729,36778,SGD,HT,bandit_selection
2026-05-14T10:39:23.348538,36779,HT,SGD,bandit_selection
2026-05-14T10:39:23.725371,36818,SGD,KNN,bandit_selection
2026-05-14T10:39:23.739247,36819,KNN,SGD,bandit_selection
2026-05-14T10:39:23.874615,36834,SGD,HT,bandit_selection
2026-05-14T10:39:23.893569,36836,HT,KNN,bandit_selection
2026-05-14T10:39:23.911387,36837,KNN,HT,bandit_selection
2026-05-14T10:39:24.146662,36863,HT,KNN,bandit_selection
2026-05-14T10:39:24.154015,36864,KNN,HT,bandit_selection
2026-05-14T10:39:24.220174,36873,HT,SGD,bandit_selection
2026-05-14T10:39:24.227020,36874,SGD,HT,bandit_selection
2026-05-14T10:39:24.291113,36880,HT,SGD,bandit_selection
2026-05-14T10:39:24.302145,36881,SGD,HT,bandit_selection
2026-05-14T10:39:24.320504,36883,HT,SGD,bandit_selection
2026-05-14T10:39:24.329458,36884,SGD,KNN,bandit_selection
2026-05-14T10:39:24.337213,36885,KNN,HT,bandit_selection
2026-05-14T10:39:24.382213,36890,HT,SGD,bandit_selection
2026-05-14T10:39:24.390522,36891,SGD,HT,bandit_selection
2026-05-14T10:39:24.421703,36896,HT,KNN,bandit_selection
2026-05-14T10:39:24.431752,36897,KNN,HT,bandit_selection
2026-05-14T10:39:24.549660,36907,HT,KNN,bandit_selection
2026-05-14T10:39:24.558277,36908,KNN,HT,bandit_selection
2026-05-14T10:39:24.644153,36919,HT,KNN,bandit_selection
2026-05-14T10:39:24.672280,36921,KNN,HT,bandit_selection
2026-05-14T10:39:24.785517,36934,HT,SGD,bandit_selection
2026-05-14T10:39:24.802512,36936,SGD,HT,bandit_selection
2026-05-14T10:39:24.819267,36938,HT,SGD,bandit_selection
2026-05-14T10:39:24.955511,36955,SGD,KNN,bandit_selection
2026-05-14T10:39:24.964240,36956,KNN,SGD,bandit_selection
2026-05-14T10:39:25.077274,36963,SGD,HT,bandit_selection
2026-05-14T10:39:25.087442,36964,HT,SGD,bandit_selection
2026-05-14T10:39:25.124316,36968,SGD,HT,bandit_selection
2026-05-14T10:39:25.296082,36985,HT,SGD,bandit_selection
2026-05-14T10:39:25.310050,36987,SGD,HT,bandit_selection
2026-05-14T10:39:25.324736,36989,HT,KNN,bandit_selection
2026-05-14T10:39:25.329407,36990,KNN,HT,bandit_selection
2026-05-14T10:39:25.391718,36999,HT,KNN,bandit_selection
2026-05-14T10:39:25.398987,37000,KNN,SGD,bandit_selection
2026-05-14T10:39:25.426934,37001,SGD,HT,bandit_selection
2026-05-14T10:39:25.460969,37004,HT,SGD,bandit_selection
2026-05-14T10:39:25.470344,37005,SGD,HT,bandit_selection
2026-05-14T10:39:25.656235,37021,HT,SGD,bandit_selection
2026-05-14T10:39:25.668236,37022,SGD,HT,bandit_selection
2026-05-14T10:39:26.094551,37062,HT,SGD,bandit_selection
2026-05-14T10:39:26.102511,37063,SGD,HT,bandit_selection
2026-05-14T10:39:26.107308,37064,HT,SGD,bandit_selection
2026-05-14T10:39:26.114413,37065,SGD,HT,bandit_selection
2026-05-14T10:39:26.231766,37074,HT,KNN,bandit_selection
2026-05-14T10:39:26.236044,37075,KNN,HT,bandit_selection
2026-05-14T10:39:26.342401,37087,HT,KNN,bandit_selection
2026-05-14T10:39:26.351386,37088,KNN,HT,bandit_selection
2026-05-14T10:39:26.664851,37115,HT,SGD,bandit_selection
2026-05-14T10:39:26.671819,37116,SGD,HT,bandit_selection
2026-05-14T10:39:26.755155,37123,HT,KNN,bandit_selection
2026-05-14T10:39:26.766471,37124,KNN,HT,bandit_selection
2026-05-14T10:39:27.033707,37149,HT,KNN,bandit_selection
2026-05-14T10:39:27.044286,37150,KNN,HT,bandit_selection
2026-05-14T10:39:27.152395,37159,HT,SGD,bandit_selection
2026-05-14T10:39:27.158688,37160,SGD,HT,bandit_selection
2026-05-14T10:39:27.453026,37179,HT,SGD,bandit_selection
2026-05-14T10:39:27.467721,37180,SGD,HT,bandit_selection
2026-05-14T10:39:27.783588,37202,HT,KNN,bandit_selection
2026-05-14T10:39:27.797361,37203,KNN,HT,bandit_selection
2026-05-14T10:39:28.121474,37239,HT,KNN,bandit_selection
2026-05-14T10:39:28.127697,37240,KNN,HT,bandit_selection
2026-05-14T10:39:28.281076,37256,HT,KNN,bandit_selection
2026-05-14T10:39:28.288726,37257,KNN,HT,bandit_selection
2026-05-14T10:39:28.394117,37269,HT,SGD,bandit_selection
2026-05-14T10:39:28.407206,37270,SGD,HT,bandit_selection
2026-05-14T10:39:28.535837,37286,HT,KNN,bandit_selection
2026-05-14T10:39:28.540105,37287,KNN,HT,bandit_selection
2026-05-14T10:39:28.810901,37312,HT,KNN,bandit_selection
2026-05-14T10:39:28.817836,37313,KNN,HT,bandit_selection
2026-05-14T10:39:28.878889,37320,HT,KNN,bandit_selection
2026-05-14T10:39:28.884777,37321,KNN,HT,bandit_selection
2026-05-14T10:39:28.996440,37327,HT,SGD,bandit_selection
2026-05-14T10:39:29.013383,37328,SGD,HT,bandit_selection
2026-05-14T10:39:29.088347,37333,HT,KNN,bandit_selection
2026-05-14T10:39:29.099224,37334,KNN,HT,bandit_selection
2026-05-14T10:39:29.132626,37337,HT,SGD,bandit_selection
2026-05-14T10:39:29.142117,37338,SGD,HT,bandit_selection
2026-05-14T10:39:29.485376,37361,HT,SGD,bandit_selection
2026-05-14T10:39:29.496025,37362,SGD,HT,bandit_selection
2026-05-14T10:39:29.617414,37372,HT,KNN,bandit_selection
2026-05-14T10:39:29.626566,37373,KNN,HT,bandit_selection
2026-05-14T10:39:29.664090,37376,HT,SGD,bandit_selection
2026-05-14T10:39:29.687090,37377,SGD,HT,bandit_selection
2026-05-14T10:39:30.056115,37414,HT,KNN,bandit_selection
2026-05-14T10:39:30.070893,37415,KNN,HT,bandit_selection
2026-05-14T10:39:30.400291,37438,HT,SGD,bandit_selection
2026-05-14T10:39:30.412398,37439,SGD,HT,bandit_selection
2026-05-14T10:39:30.693500,37466,HT,SGD,bandit_selection
2026-05-14T10:39:30.698662,37467,SGD,HT,bandit_selection
2026-05-14T10:39:30.718401,37469,HT,KNN,bandit_selection
2026-05-14T10:39:30.732855,37470,KNN,HT,bandit_selection
2026-05-14T10:39:30.880131,37481,HT,SGD,bandit_selection
2026-05-14T10:39:30.895025,37482,SGD,HT,bandit_selection
2026-05-14T10:39:31.048008,37491,HT,KNN,bandit_selection
2026-05-14T10:39:31.058377,37492,KNN,HT,bandit_selection
2026-05-14T10:39:31.291498,37507,HT,KNN,bandit_selection
2026-05-14T10:39:31.312645,37508,KNN,HT,bandit_selection
2026-05-14T10:39:31.369332,37513,HT,SGD,bandit_selection
2026-05-14T10:39:31.380084,37514,SGD,HT,bandit_selection
2026-05-14T10:39:32.008811,37557,HT,KNN,bandit_selection
2026-05-14T10:39:32.030574,37558,KNN,HT,bandit_selection
2026-05-14T10:39:32.310104,37577,HT,KNN,bandit_selection
2026-05-14T10:39:32.320188,37578,KNN,HT,bandit_selection
2026-05-14T10:39:33.293490,37640,HT,SGD,bandit_selection
2026-05-14T10:39:33.297984,37641,SGD,HT,bandit_selection
2026-05-14T10:39:33.427983,37652,HT,SGD,bandit_selection
2026-05-14T10:39:33.447245,37653,SGD,HT,bandit_selection
2026-05-14T10:39:33.590807,37663,HT,SGD,bandit_selection
2026-05-14T10:39:33.598239,37664,SGD,HT,bandit_selection
2026-05-14T10:39:33.652658,37667,HT,KNN,bandit_selection
2026-05-14T10:39:33.674153,37668,KNN,HT,bandit_selection
2026-05-14T10:39:33.931761,37688,HT,KNN,bandit_selection
2026-05-14T10:39:33.941966,37689,KNN,HT,bandit_selection
2026-05-14T10:39:34.070322,37699,HT,KNN,bandit_selection
2026-05-14T10:39:34.078848,37700,KNN,HT,bandit_selection
2026-05-14T10:39:34.143087,37705,HT,KNN,bandit_selection
2026-05-14T10:39:34.150536,37706,KNN,HT,bandit_selection
2026-05-14T10:39:34.382429,37729,HT,SGD,bandit_selection
2026-05-14T10:39:34.393995,37730,SGD,HT,bandit_selection
2026-05-14T10:39:34.454604,37735,HT,SGD,bandit_selection
2026-05-14T10:39:34.461097,37736,SGD,HT,bandit_selection
2026-05-14T10:39:34.513881,37741,HT,KNN,bandit_selection
2026-05-14T10:39:34.529226,37742,KNN,HT,bandit_selection
2026-05-14T10:39:34.554203,37745,HT,KNN,bandit_selection
2026-05-14T10:39:34.563921,37746,KNN,HT,bandit_selection
2026-05-14T10:39:34.700364,37758,HT,KNN,bandit_selection
2026-05-14T10:39:34.708886,37759,KNN,HT,bandit_selection
2026-05-14T10:39:34.780071,37766,HT,KNN,bandit_selection
2026-05-14T10:39:34.797778,37768,KNN,HT,bandit_selection
2026-05-14T10:39:34.859369,37773,HT,SGD,bandit_selection
2026-05-14T10:39:34.872439,37774,SGD,HT,bandit_selection
2026-05-14T10:39:35.162178,37801,HT,KNN,bandit_selection
2026-05-14T10:39:35.180818,37802,KNN,SGD,bandit_selection
2026-05-14T10:39:35.189782,37803,SGD,HT,bandit_selection
2026-05-14T10:39:35.237328,37809,HT,KNN,bandit_selection
2026-05-14T10:39:35.253323,37810,KNN,HT,bandit_selection
2026-05-14T10:39:35.569038,37837,HT,SGD,bandit_selection
2026-05-14T10:39:35.587800,37838,SGD,KNN,bandit_selection
2026-05-14T10:39:35.626618,37839,KNN,HT,bandit_selection
2026-05-14T10:39:35.702891,37845,HT,SGD,bandit_selection
2026-05-14T10:39:35.725330,37846,SGD,HT,bandit_selection
2026-05-14T10:39:35.914848,37862,HT,KNN,bandit_selection
2026-05-14T10:39:35.925606,37863,KNN,HT,bandit_selection
2026-05-14T10:39:36.020031,37871,HT,KNN,bandit_selection
2026-05-14T10:39:36.025500,37872,KNN,SGD,bandit_selection
2026-05-14T10:39:36.037389,37873,SGD,HT,bandit_selection
2026-05-14T10:39:36.299892,37896,HT,SGD,bandit_selection
2026-05-14T10:39:36.303594,37897,SGD,HT,bandit_selection
2026-05-14T10:39:36.448866,37907,HT,SGD,bandit_selection
2026-05-14T10:39:36.460547,37908,SGD,HT,bandit_selection
2026-05-14T10:39:36.474690,37909,HT,KNN,bandit_selection
2026-05-14T10:39:36.486508,37910,KNN,HT,bandit_selection
2026-05-14T10:39:36.521320,37913,HT,SGD,bandit_selection
2026-05-14T10:39:36.536150,37914,SGD,HT,bandit_selection
2026-05-14T10:39:36.665519,37927,HT,SGD,bandit_selection
2026-05-14T10:39:36.671616,37928,SGD,HT,bandit_selection
2026-05-14T10:39:36.702251,37931,HT,KNN,bandit_selection
2026-05-14T10:39:36.708085,37932,KNN,HT,bandit_selection
2026-05-14T10:39:36.724589,37933,HT,SGD,bandit_selection
2026-05-14T10:39:36.734619,37934,SGD,HT,bandit_selection
2026-05-14T10:39:37.128564,37970,HT,SGD,bandit_selection
2026-05-14T10:39:37.139605,37971,SGD,HT,bandit_selection
2026-05-14T10:39:37.343292,37985,HT,SGD,bandit_selection
2026-05-14T10:39:37.360771,37986,SGD,HT,bandit_selection
2026-05-14T10:39:37.606017,38002,HT,SGD,bandit_selection
2026-05-14T10:39:37.618512,38003,SGD,HT,bandit_selection
2026-05-14T10:39:37.696558,38008,HT,KNN,bandit_selection
2026-05-14T10:39:37.703306,38009,KNN,HT,bandit_selection
2026-05-14T10:39:37.787686,38016,HT,KNN,bandit_selection
2026-05-14T10:39:37.800725,38017,KNN,HT,bandit_selection
2026-05-14T10:39:37.859786,38019,HT,KNN,bandit_selection
2026-05-14T10:39:37.872470,38020,KNN,HT,bandit_selection
2026-05-14T10:39:38.094662,38035,HT,KNN,bandit_selection
2026-05-14T10:39:38.105688,38036,KNN,HT,bandit_selection
2026-05-14T10:39:38.422707,38059,HT,KNN,bandit_selection
2026-05-14T10:39:38.439484,38060,KNN,HT,bandit_selection
2026-05-14T10:39:38.851347,38091,HT,SGD,bandit_selection
2026-05-14T10:39:38.858800,38092,SGD,HT,bandit_selection
2026-05-14T10:39:38.984248,38100,HT,KNN,bandit_selection
2026-05-14T10:39:39.001444,38101,KNN,HT,bandit_selection
2026-05-14T10:39:39.356221,38120,HT,KNN,bandit_selection
2026-05-14T10:39:39.375404,38121,KNN,HT,bandit_selection
2026-05-14T10:39:39.628306,38146,HT,SGD,bandit_selection
2026-05-14T10:39:39.638962,38147,SGD,HT,bandit_selection
2026-05-14T10:39:39.675642,38151,HT,KNN,bandit_selection
2026-05-14T10:39:39.686585,38152,KNN,HT,bandit_selection
2026-05-14T10:39:39.866004,38167,HT,KNN,bandit_selection
2026-05-14T10:39:39.879157,38168,KNN,HT,bandit_selection
2026-05-14T10:39:39.913488,38171,HT,SGD,bandit_selection
2026-05-14T10:39:39.934353,38172,SGD,HT,bandit_selection
2026-05-14T10:39:40.068974,38185,HT,KNN,bandit_selection
2026-05-14T10:39:40.084181,38186,KNN,HT,bandit_selection
2026-05-14T10:39:40.239083,38197,HT,KNN,bandit_selection
2026-05-14T10:39:40.250616,38198,KNN,HT,bandit_selection
2026-05-14T10:39:40.303792,38201,HT,KNN,bandit_selection
2026-05-14T10:39:40.317061,38202,KNN,HT,bandit_selection
2026-05-14T10:39:40.358029,38204,HT,SGD,bandit_selection
2026-05-14T10:39:40.370721,38205,SGD,HT,bandit_selection
2026-05-14T10:39:40.419603,38208,HT,KNN,bandit_selection
2026-05-14T10:39:40.430122,38209,KNN,HT,bandit_selection
2026-05-14T10:39:40.515860,38216,HT,KNN,bandit_selection
2026-05-14T10:39:40.533044,38217,KNN,HT,bandit_selection
2026-05-14T10:39:42.071906,38326,HT,SGD,bandit_selection
2026-05-14T10:39:42.108650,38327,SGD,HT,bandit_selection
2026-05-14T10:39:42.247583,38332,HT,KNN,bandit_selection
2026-05-14T10:39:42.277006,38333,KNN,HT,bandit_selection
2026-05-14T10:39:42.386183,38341,HT,SGD,bandit_selection
2026-05-14T10:39:42.399130,38342,SGD,HT,bandit_selection
2026-05-14T10:39:42.712946,38362,HT,SGD,bandit_selection
2026-05-14T10:39:42.730014,38363,SGD,HT,bandit_selection
2026-05-14T10:39:42.771912,38367,HT,KNN,bandit_selection
2026-05-14T10:39:42.785721,38368,KNN,HT,bandit_selection
2026-05-14T10:39:42.854442,38375,HT,KNN,bandit_selection
2026-05-14T10:39:42.867889,38376,KNN,HT,bandit_selection
2026-05-14T10:39:43.203112,38408,HT,KNN,bandit_selection
2026-05-14T10:39:43.208710,38409,KNN,HT,bandit_selection
2026-05-14T10:39:43.266732,38414,HT,SGD,bandit_selection
2026-05-14T10:39:43.284453,38415,SGD,HT,bandit_selection
2026-05-14T10:39:43.373182,38424,HT,SGD,bandit_selection
2026-05-14T10:39:43.387940,38425,SGD,HT,bandit_selection
2026-05-14T10:39:43.415709,38428,HT,SGD,bandit_selection
2026-05-14T10:39:43.428554,38429,SGD,HT,bandit_selection
2026-05-14T10:39:43.780814,38456,HT,KNN,bandit_selection
2026-05-14T10:39:43.787023,38457,KNN,HT,bandit_selection
2026-05-14T10:39:43.807920,38459,HT,KNN,bandit_selection
2026-05-14T10:39:43.817970,38460,KNN,HT,bandit_selection
2026-05-14T10:39:43.925605,38466,HT,SGD,bandit_selection
2026-05-14T10:39:43.943430,38467,SGD,HT,bandit_selection
2026-05-14T10:39:44.256326,38482,HT,SGD,bandit_selection
2026-05-14T10:39:44.267058,38483,SGD,HT,bandit_selection
2026-05-14T10:39:44.363277,38490,HT,KNN,bandit_selection
2026-05-14T10:39:44.381497,38491,KNN,HT,bandit_selection
2026-05-14T10:39:44.878699,38519,HT,SGD,bandit_selection
2026-05-14T10:39:44.885019,38520,SGD,HT,bandit_selection
2026-05-14T10:39:45.309178,38550,HT,SGD,bandit_selection
2026-05-14T10:39:45.331076,38552,SGD,HT,bandit_selection
2026-05-14T10:39:45.518696,38566,HT,SGD,bandit_selection
2026-05-14T10:39:45.536126,38567,SGD,HT,bandit_selection
2026-05-14T10:39:46.172296,38612,HT,KNN,bandit_selection
2026-05-14T10:39:46.184855,38613,KNN,HT,bandit_selection
2026-05-14T10:39:46.546531,38635,HT,KNN,bandit_selection
2026-05-14T10:39:46.561374,38636,KNN,HT,bandit_selection
2026-05-14T10:39:46.648531,38640,HT,SGD,bandit_selection
2026-05-14T10:39:46.660652,38641,SGD,HT,bandit_selection
2026-05-14T10:39:46.819103,38652,HT,KNN,bandit_selection
2026-05-14T10:39:46.826828,38653,KNN,HT,bandit_selection
2026-05-14T10:39:46.836738,38654,HT,KNN,bandit_selection
2026-05-14T10:39:46.848847,38655,KNN,HT,bandit_selection
2026-05-14T10:39:46.896921,38661,HT,KNN,bandit_selection
2026-05-14T10:39:46.902080,38662,KNN,HT,bandit_selection
2026-05-14T10:39:47.247662,38686,HT,KNN,bandit_selection
2026-05-14T10:39:47.261934,38687,KNN,HT,bandit_selection
2026-05-14T10:39:47.392657,38698,HT,KNN,bandit_selection
2026-05-14T10:39:47.400138,38699,KNN,HT,bandit_selection
2026-05-14T10:39:47.624001,38719,HT,KNN,bandit_selection
2026-05-14T10:39:47.633115,38720,KNN,HT,bandit_selection
2026-05-14T10:39:47.709400,38725,HT,KNN,bandit_selection
2026-05-14T10:39:47.715776,38726,KNN,HT,bandit_selection
2026-05-14T10:39:48.144743,38766,HT,SGD,bandit_selection
2026-05-14T10:39:48.155607,38767,SGD,HT,bandit_selection
2026-05-14T10:39:48.207390,38772,HT,SGD,bandit_selection
2026-05-14T10:39:48.214719,38773,SGD,HT,bandit_selection
2026-05-14T10:39:48.362000,38781,HT,KNN,bandit_selection
2026-05-14T10:39:48.367706,38782,KNN,SGD,bandit_selection
2026-05-14T10:39:48.380087,38783,SGD,HT,bandit_selection
2026-05-14T10:39:48.524916,38797,HT,SGD,bandit_selection
2026-05-14T10:39:48.530468,38798,SGD,HT,bandit_selection
2026-05-14T10:39:49.050769,38832,HT,SGD,bandit_selection
2026-05-14T10:39:49.062532,38833,SGD,HT,bandit_selection
2026-05-14T10:39:49.805391,38892,HT,KNN,bandit_selection
2026-05-14T10:39:49.843457,38893,KNN,HT,bandit_selection
2026-05-14T10:39:50.027721,38907,HT,SGD,bandit_selection
2026-05-14T10:39:50.042716,38908,SGD,HT,bandit_selection
2026-05-14T10:39:50.799296,38977,HT,KNN,bandit_selection
2026-05-14T10:39:50.810800,38978,KNN,HT,bandit_selection
2026-05-14T10:39:50.816364,38979,HT,SGD,bandit_selection
2026-05-14T10:39:50.825383,38980,SGD,HT,bandit_selection
2026-05-14T10:39:51.366295,39028,HT,KNN,bandit_selection
2026-05-14T10:39:51.373321,39029,KNN,HT,bandit_selection
2026-05-14T10:39:51.536571,39044,HT,KNN,bandit_selection
2026-05-14T10:39:51.551245,39045,KNN,HT,bandit_selection
2026-05-14T10:39:51.744159,39061,HT,KNN,bandit_selection
2026-05-14T10:39:51.755717,39062,KNN,HT,bandit_selection
2026-05-14T10:39:51.889359,39072,HT,SGD,bandit_selection
2026-05-14T10:39:51.898647,39073,SGD,HT,bandit_selection
2026-05-14T10:39:52.154114,39090,HT,KNN,bandit_selection
2026-05-14T10:39:52.162121,39091,KNN,HT,bandit_selection
2026-05-14T10:39:52.484394,39122,HT,SGD,bandit_selection
2026-05-14T10:39:52.494355,39123,SGD,HT,bandit_selection
2026-05-14T10:39:52.576501,39130,HT,KNN,bandit_selection
2026-05-14T10:39:52.582693,39131,KNN,HT,bandit_selection
2026-05-14T10:39:52.715257,39141,HT,KNN,bandit_selection
2026-05-14T10:39:52.724975,39142,KNN,HT,bandit_selection
2026-05-14T10:39:52.739951,39144,HT,KNN,bandit_selection
2026-05-14T10:39:52.746613,39145,KNN,HT,bandit_selection
2026-05-14T10:39:52.776818,39148,HT,KNN,bandit_selection
2026-05-14T10:39:52.786193,39149,KNN,HT,bandit_selection
2026-05-14T10:39:52.803435,39150,HT,KNN,bandit_selection
2026-05-14T10:39:52.808945,39151,KNN,HT,bandit_selection
2026-05-14T10:39:52.915259,39159,HT,KNN,bandit_selection
2026-05-14T10:39:52.928460,39160,KNN,HT,bandit_selection
2026-05-14T10:39:52.988512,39165,HT,KNN,bandit_selection
2026-05-14T10:39:53.016258,39166,KNN,HT,bandit_selection
2026-05-14T10:39:53.129525,39178,HT,SGD,bandit_selection
2026-05-14T10:39:53.165665,39180,SGD,HT,bandit_selection
2026-05-14T10:39:53.527206,39205,HT,SGD,bandit_selection
2026-05-14T10:39:53.534589,39206,SGD,HT,bandit_selection
2026-05-14T10:39:53.574942,39209,HT,SGD,bandit_selection
2026-05-14T10:39:53.593015,39210,SGD,HT,bandit_selection
2026-05-14T10:39:54.257743,39259,HT,SGD,bandit_selection
2026-05-14T10:39:54.271781,39260,SGD,HT,bandit_selection
2026-05-14T10:39:54.629331,39285,HT,SGD,bandit_selection
2026-05-14T10:39:54.638460,39286,SGD,HT,bandit_selection
2026-05-14T10:39:54.756604,39294,HT,SGD,bandit_selection
2026-05-14T10:39:54.767047,39295,SGD,HT,bandit_selection
2026-05-14T10:39:54.885827,39307,HT,KNN,bandit_selection
2026-05-14T10:39:54.895806,39308,KNN,HT,bandit_selection
2026-05-14T10:39:54.927882,39310,HT,KNN,bandit_selection
2026-05-14T10:39:54.947804,39311,KNN,HT,bandit_selection
2026-05-14T10:39:54.958641,39312,HT,KNN,bandit_selection
2026-05-14T10:39:54.966010,39313,KNN,HT,bandit_selection
2026-05-14T10:39:55.000006,39317,HT,KNN,bandit_selection
2026-05-14T10:39:55.016499,39318,KNN,HT,bandit_selection
2026-05-14T10:39:55.078465,39323,HT,KNN,bandit_selection
2026-05-14T10:39:55.089815,39324,KNN,HT,bandit_selection
2026-05-14T10:39:55.189855,39330,HT,SGD,bandit_selection
2026-05-14T10:39:55.202545,39331,SGD,HT,bandit_selection
2026-05-14T10:39:55.496309,39354,HT,SGD,bandit_selection
2026-05-14T10:39:55.504549,39355,SGD,HT,bandit_selection
2026-05-14T10:39:55.735284,39377,HT,KNN,bandit_selection
2026-05-14T10:39:55.748780,39378,KNN,HT,bandit_selection
2026-05-14T10:39:55.792919,39381,HT,SGD,bandit_selection
2026-05-14T10:39:55.803409,39382,SGD,HT,bandit_selection
2026-05-14T10:39:55.832779,39384,HT,KNN,bandit_selection
2026-05-14T10:39:55.839480,39385,KNN,HT,bandit_selection
2026-05-14T10:39:56.320023,39414,HT,KNN,bandit_selection
2026-05-14T10:39:56.334690,39415,KNN,HT,bandit_selection
2026-05-14T10:39:56.368966,39419,HT,KNN,bandit_selection
2026-05-14T10:39:56.381666,39420,KNN,HT,bandit_selection
2026-05-14T10:39:56.675230,39444,HT,SGD,bandit_selection
2026-05-14T10:39:56.687615,39445,SGD,HT,bandit_selection
2026-05-14T10:39:56.857128,39458,HT,SGD,bandit_selection
2026-05-14T10:39:56.868882,39459,SGD,HT,bandit_selection
2026-05-14T10:39:57.027801,39468,HT,SGD,bandit_selection
2026-05-14T10:39:57.051389,39469,SGD,HT,bandit_selection
2026-05-14T10:39:57.065075,39470,HT,SGD,bandit_selection
2026-05-14T10:39:57.074805,39471,SGD,HT,bandit_selection
2026-05-14T10:39:57.306333,39497,HT,KNN,bandit_selection
2026-05-14T10:39:57.323691,39498,KNN,HT,bandit_selection
2026-05-14T10:39:57.434377,39505,HT,KNN,bandit_selection
2026-05-14T10:39:57.466242,39506,KNN,HT,bandit_selection
2026-05-14T10:39:57.495721,39509,HT,SGD,bandit_selection
2026-05-14T10:39:57.501116,39510,SGD,HT,bandit_selection
2026-05-14T10:39:57.690631,39528,HT,KNN,bandit_selection
2026-05-14T10:39:57.701635,39529,KNN,HT,bandit_selection
2026-05-14T10:39:57.768520,39536,HT,SGD,bandit_selection
2026-05-14T10:39:57.778296,39537,SGD,HT,bandit_selection
2026-05-14T10:39:57.895861,39549,HT,KNN,bandit_selection
2026-05-14T10:39:57.904524,39550,KNN,HT,bandit_selection
2026-05-14T10:39:57.987457,39554,HT,SGD,bandit_selection
2026-05-14T10:39:57.994600,39555,SGD,HT,bandit_selection
2026-05-14T10:39:58.016447,39557,HT,SGD,bandit_selection
2026-05-14T10:39:58.027331,39558,SGD,HT,bandit_selection
2026-05-14T10:39:58.071413,39563,HT,SGD,bandit_selection
2026-05-14T10:39:58.082020,39564,SGD,HT,bandit_selection
2026-05-14T10:39:58.126737,39569,HT,KNN,bandit_selection
2026-05-14T10:39:58.180432,39571,KNN,HT,bandit_selection
2026-05-14T10:39:58.633321,39603,HT,SGD,bandit_selection
2026-05-14T10:39:58.642552,39604,SGD,HT,bandit_selection
2026-05-14T10:39:59.002279,39634,HT,SGD,bandit_selection
2026-05-14T10:39:59.016435,39635,SGD,HT,bandit_selection
2026-05-14T10:39:59.253065,39652,HT,KNN,bandit_selection
2026-05-14T10:39:59.264318,39653,KNN,SGD,bandit_selection
2026-05-14T10:39:59.276720,39654,SGD,HT,bandit_selection
2026-05-14T10:40:00.057857,39722,HT,SGD,bandit_selection
2026-05-14T10:40:00.069832,39723,SGD,HT,bandit_selection
2026-05-14T10:40:00.520807,39757,HT,SGD,bandit_selection
2026-05-14T10:40:00.546697,39758,SGD,HT,bandit_selection
2026-05-14T10:40:00.660018,39767,HT,SGD,bandit_selection
2026-05-14T10:40:00.668494,39768,SGD,HT,bandit_selection
2026-05-14T10:40:01.010443,39791,HT,SGD,bandit_selection
2026-05-14T10:40:01.020189,39792,SGD,HT,bandit_selection
2026-05-14T10:40:01.174184,39805,HT,SGD,bandit_selection
2026-05-14T10:40:01.197355,39807,SGD,HT,bandit_selection
2026-05-14T10:40:01.228991,39810,HT,KNN,bandit_selection
2026-05-14T10:40:01.239419,39811,KNN,HT,bandit_selection
2026-05-14T10:40:01.291595,39816,HT,SGD,bandit_selection
2026-05-14T10:40:01.297932,39817,SGD,HT,bandit_selection
2026-05-14T10:40:01.359793,39822,HT,SGD,bandit_selection
2026-05-14T10:40:01.367461,39823,SGD,KNN,bandit_selection
2026-05-14T10:40:01.381578,39824,KNN,HT,bandit_selection
2026-05-14T10:40:01.454072,39829,HT,KNN,bandit_selection
2026-05-14T10:40:01.470496,39830,KNN,HT,bandit_selection
2026-05-14T10:40:01.489922,39831,HT,SGD,bandit_selection
2026-05-14T10:40:01.500931,39832,SGD,HT,bandit_selection
2026-05-14T10:40:01.613787,39839,HT,SGD,bandit_selection
2026-05-14T10:40:01.634921,39840,SGD,HT,bandit_selection
2026-05-14T10:40:01.698347,39844,HT,SGD,bandit_selection
2026-05-14T10:40:01.704630,39845,SGD,KNN,bandit_selection
2026-05-14T10:40:01.717538,39846,KNN,HT,bandit_selection
2026-05-14T10:40:01.781153,39853,HT,KNN,bandit_selection
2026-05-14T10:40:01.802689,39854,KNN,HT,bandit_selection
2026-05-14T10:40:01.869556,39860,HT,KNN,bandit_selection
2026-05-14T10:40:01.886917,39861,KNN,HT,bandit_selection
2026-05-14T10:40:01.903504,39862,HT,SGD,bandit_selection
2026-05-14T10:40:01.919018,39863,SGD,HT,bandit_selection
2026-05-14T10:40:02.159882,39877,HT,KNN,bandit_selection
2026-05-14T10:40:02.175043,39878,KNN,SGD,bandit_selection
2026-05-14T10:40:02.184614,39879,SGD,HT,bandit_selection
2026-05-14T10:40:02.291131,39888,HT,KNN,bandit_selection
2026-05-14T10:40:02.299131,39889,KNN,HT,bandit_selection
2026-05-14T10:40:02.512331,39909,HT,KNN,bandit_selection
2026-05-14T10:40:02.522784,39910,KNN,HT,bandit_selection
2026-05-14T10:40:03.064456,39958,HT,SGD,bandit_selection
2026-05-14T10:40:03.082895,39959,SGD,HT,bandit_selection
2026-05-14T10:40:03.097558,39960,HT,SGD,bandit_selection
2026-05-14T10:40:03.106705,39961,SGD,KNN,bandit_selection
2026-05-14T10:40:03.115094,39962,KNN,HT,bandit_selection
2026-05-14T10:40:03.158528,39965,HT,KNN,bandit_selection
2026-05-14T10:40:03.180490,39966,KNN,HT,bandit_selection
2026-05-14T10:40:03.306939,39978,HT,SGD,bandit_selection
2026-05-14T10:40:03.314843,39979,SGD,HT,bandit_selection
2026-05-14T10:40:03.794415,40016,HT,KNN,bandit_selection
2026-05-14T10:40:03.803692,40017,KNN,HT,bandit_selection
2026-05-14T10:40:03.859627,40021,HT,KNN,bandit_selection
2026-05-14T10:40:03.870708,40022,KNN,HT,bandit_selection
2026-05-14T10:40:03.928851,40026,HT,SGD,bandit_selection
2026-05-14T10:40:03.935288,40027,SGD,HT,bandit_selection
2026-05-14T10:40:05.346001,40129,HT,KNN,bandit_selection
2026-05-14T10:40:05.356968,40130,KNN,HT,bandit_selection
2026-05-14T10:40:05.465433,40140,HT,KNN,bandit_selection
2026-05-14T10:40:05.479906,40141,KNN,HT,bandit_selection
2026-05-14T10:40:05.575777,40149,HT,KNN,bandit_selection
2026-05-14T10:40:05.587601,40150,KNN,HT,bandit_selection
2026-05-14T10:40:05.604991,40152,HT,KNN,bandit_selection
2026-05-14T10:40:05.612385,40153,KNN,HT,bandit_selection
2026-05-14T10:40:05.652386,40157,HT,SGD,bandit_selection
2026-05-14T10:40:05.658104,40158,SGD,HT,bandit_selection
2026-05-14T10:40:05.846912,40172,HT,KNN,bandit_selection
2026-05-14T10:40:05.874541,40173,KNN,HT,bandit_selection
2026-05-14T10:40:05.920111,40177,HT,SGD,bandit_selection
2026-05-14T10:40:05.926848,40178,SGD,HT,bandit_selection
2026-05-14T10:40:06.517821,40220,HT,KNN,bandit_selection
2026-05-14T10:40:06.527776,40221,KNN,HT,bandit_selection
2026-05-14T10:40:07.267324,40280,HT,SGD,bandit_selection
2026-05-14T10:40:07.275595,40281,SGD,KNN,bandit_selection
2026-05-14T10:40:07.287047,40282,KNN,HT,bandit_selection
2026-05-14T10:40:07.975061,40337,HT,KNN,bandit_selection
2026-05-14T10:40:07.985528,40338,KNN,HT,bandit_selection
2026-05-14T10:40:07.997937,40339,HT,SGD,bandit_selection
2026-05-14T10:40:08.011489,40340,SGD,HT,bandit_selection
2026-05-14T10:40:08.042653,40343,HT,SGD,bandit_selection
2026-05-14T10:40:08.048997,40344,SGD,HT,bandit_selection
2026-05-14T10:40:08.187990,40354,HT,KNN,bandit_selection
2026-05-14T10:40:08.200686,40355,KNN,HT,bandit_selection
2026-05-14T10:40:08.426330,40373,HT,KNN,bandit_selection
2026-05-14T10:40:08.442311,40374,KNN,HT,bandit_selection
2026-05-14T10:40:08.507849,40380,HT,SGD,bandit_selection
2026-05-14T10:40:08.524097,40381,SGD,HT,bandit_selection
2026-05-14T10:40:08.555341,40384,HT,KNN,bandit_selection
2026-05-14T10:40:08.566968,40386,KNN,HT,bandit_selection
2026-05-14T10:40:08.913847,40414,HT,SGD,bandit_selection
2026-05-14T10:40:08.922663,40415,SGD,HT,bandit_selection
2026-05-14T10:40:08.944353,40417,HT,KNN,bandit_selection
2026-05-14T10:40:08.953736,40418,KNN,HT,bandit_selection
2026-05-14T10:40:10.189235,40508,HT,KNN,bandit_selection
2026-05-14T10:40:10.198726,40509,KNN,SGD,bandit_selection
2026-05-14T10:40:10.210099,40510,SGD,HT,bandit_selection
2026-05-14T10:40:10.225337,40511,HT,KNN,bandit_selection
2026-05-14T10:40:10.240249,40512,KNN,HT,bandit_selection
2026-05-14T10:40:10.288385,40517,HT,SGD,bandit_selection
2026-05-14T10:40:10.303251,40518,SGD,HT,bandit_selection
2026-05-14T10:40:10.558608,40535,HT,KNN,bandit_selection
2026-05-14T10:40:10.566271,40536,KNN,HT,bandit_selection
2026-05-14T10:40:10.686545,40546,HT,SGD,bandit_selection
2026-05-14T10:40:10.702053,40547,SGD,HT,bandit_selection
2026-05-14T10:40:10.767563,40554,HT,KNN,bandit_selection
2026-05-14T10:40:10.775090,40555,KNN,SGD,bandit_selection
2026-05-14T10:40:10.781987,40556,SGD,HT,bandit_selection
2026-05-14T10:40:10.892032,40566,HT,KNN,bandit_selection
2026-05-14T10:40:10.901668,40567,KNN,HT,bandit_selection
2026-05-14T10:40:11.254341,40603,HT,KNN,bandit_selection
2026-05-14T10:40:11.267713,40604,KNN,HT,bandit_selection
2026-05-14T10:40:11.362320,40615,HT,KNN,bandit_selection
2026-05-14T10:40:11.366734,40616,KNN,HT,bandit_selection
2026-05-14T10:40:11.874097,40655,HT,SGD,bandit_selection
2026-05-14T10:40:11.881685,40656,SGD,KNN,bandit_selection
2026-05-14T10:40:11.886942,40657,KNN,HT,bandit_selection
2026-05-14T10:40:11.942085,40663,HT,SGD,bandit_selection
2026-05-14T10:40:11.952420,40664,SGD,HT,bandit_selection
2026-05-14T10:40:12.070641,40677,HT,SGD,bandit_selection
2026-05-14T10:40:12.077546,40678,SGD,HT,bandit_selection
2026-05-14T10:40:12.387490,40709,HT,KNN,bandit_selection
2026-05-14T10:40:12.393465,40710,KNN,SGD,bandit_selection
2026-05-14T10:40:12.401933,40711,SGD,HT,bandit_selection
2026-05-14T10:40:12.653215,40733,HT,SGD,bandit_selection
2026-05-14T10:40:12.660920,40734,SGD,HT,bandit_selection
2026-05-14T10:40:12.786441,40743,HT,SGD,bandit_selection
2026-05-14T10:40:12.804034,40744,SGD,HT,bandit_selection
2026-05-14T10:40:13.007233,40760,HT,SGD,bandit_selection
2026-05-14T10:40:13.020326,40761,SGD,HT,bandit_selection
2026-05-14T10:40:13.065530,40763,HT,SGD,bandit_selection
2026-05-14T10:40:13.086070,40764,SGD,HT,bandit_selection
2026-05-14T10:40:13.517859,40794,HT,SGD,bandit_selection
2026-05-14T10:40:13.538334,40795,SGD,HT,bandit_selection
2026-05-14T10:40:13.565897,40797,HT,SGD,bandit_selection
2026-05-14T10:40:13.572937,40798,SGD,HT,bandit_selection
2026-05-14T10:40:13.609638,40801,HT,KNN,bandit_selection
2026-05-14T10:40:13.617269,40802,KNN,HT,bandit_selection
2026-05-14T10:40:13.629312,40803,HT,SGD,bandit_selection
2026-05-14T10:40:13.642207,40804,SGD,HT,bandit_selection
2026-05-14T10:40:13.806696,40815,HT,KNN,bandit_selection
2026-05-14T10:40:13.830641,40816,KNN,HT,bandit_selection
2026-05-14T10:40:13.968087,40826,HT,KNN,bandit_selection
2026-05-14T10:40:13.980486,40827,KNN,HT,bandit_selection
2026-05-14T10:40:14.013124,40830,HT,KNN,bandit_selection
2026-05-14T10:40:14.021016,40831,KNN,HT,bandit_selection
2026-05-14T10:40:14.115784,40837,HT,KNN,bandit_selection
2026-05-14T10:40:14.125948,40838,KNN,HT,bandit_selection
2026-05-14T10:40:14.209559,40847,HT,SGD,bandit_selection
2026-05-14T10:40:14.219088,40848,SGD,HT,bandit_selection
2026-05-14T10:40:14.318140,40857,HT,SGD,bandit_selection
2026-05-14T10:40:14.330277,40858,SGD,HT,bandit_selection
2026-05-14T10:40:14.383936,40864,HT,SGD,bandit_selection
2026-05-14T10:40:14.400476,40865,SGD,HT,bandit_selection
2026-05-14T10:40:14.442581,40868,HT,KNN,bandit_selection
2026-05-14T10:40:14.451255,40869,KNN,HT,bandit_selection
2026-05-14T10:40:15.144790,40921,HT,SGD,bandit_selection
2026-05-14T10:40:15.161589,40922,SGD,HT,bandit_selection
2026-05-14T10:40:15.287866,40937,HT,SGD,bandit_selection
2026-05-14T10:40:15.295960,40938,SGD,HT,bandit_selection
2026-05-14T10:40:15.483516,40957,HT,KNN,bandit_selection
2026-05-14T10:40:15.492718,40958,KNN,HT,bandit_selection
2026-05-14T10:40:15.547803,40961,HT,KNN,bandit_selection
2026-05-14T10:40:15.560134,40962,KNN,HT,bandit_selection
2026-05-14T10:40:15.771182,40980,HT,SGD,bandit_selection
2026-05-14T10:40:15.779045,40981,SGD,HT,bandit_selection
2026-05-14T10:40:15.788387,40982,HT,SGD,bandit_selection
2026-05-14T10:40:15.799753,40983,SGD,HT,bandit_selection
2026-05-14T10:40:15.819359,40986,HT,KNN,bandit_selection
2026-05-14T10:40:15.828438,40987,KNN,HT,bandit_selection
2026-05-14T10:40:16.023640,41004,HT,SGD,bandit_selection
2026-05-14T10:40:16.029076,41005,SGD,HT,bandit_selection
2026-05-14T10:40:16.064187,41009,HT,KNN,bandit_selection
2026-05-14T10:40:16.081888,41010,KNN,HT,bandit_selection
2026-05-14T10:40:16.193471,41018,HT,KNN,bandit_selection
2026-05-14T10:40:16.203236,41019,KNN,HT,bandit_selection
2026-05-14T10:40:16.276784,41025,HT,SGD,bandit_selection
2026-05-14T10:40:16.295057,41026,SGD,HT,bandit_selection
2026-05-14T10:40:16.309855,41028,HT,SGD,bandit_selection
2026-05-14T10:40:16.321135,41029,SGD,HT,bandit_selection
2026-05-14T10:40:16.592142,41050,HT,KNN,bandit_selection
2026-05-14T10:40:16.599499,41051,KNN,HT,bandit_selection
2026-05-14T10:40:16.709672,41060,HT,KNN,bandit_selection
2026-05-14T10:40:16.716053,41061,KNN,HT,bandit_selection
2026-05-14T10:40:16.764804,41067,HT,SGD,bandit_selection
2026-05-14T10:40:16.771612,41068,SGD,HT,bandit_selection
2026-05-14T10:40:16.801372,41072,HT,KNN,bandit_selection
2026-05-14T10:40:16.807754,41073,KNN,HT,bandit_selection
2026-05-14T10:40:16.844038,41077,HT,KNN,bandit_selection
2026-05-14T10:40:16.851060,41078,KNN,HT,bandit_selection
2026-05-14T10:40:17.062993,41093,HT,KNN,bandit_selection
2026-05-14T10:40:17.074365,41094,KNN,HT,bandit_selection
2026-05-14T10:40:17.152908,41101,HT,SGD,bandit_selection
2026-05-14T10:40:17.167174,41102,SGD,HT,bandit_selection
2026-05-14T10:40:17.177796,41103,HT,KNN,bandit_selection
2026-05-14T10:40:17.186359,41104,KNN,HT,bandit_selection
2026-05-14T10:40:17.383796,41124,HT,SGD,bandit_selection
2026-05-14T10:40:17.397675,41125,SGD,HT,bandit_selection
2026-05-14T10:40:17.763805,41156,HT,KNN,bandit_selection
2026-05-14T10:40:17.771956,41157,KNN,HT,bandit_selection
2026-05-14T10:40:17.839063,41163,HT,SGD,bandit_selection
2026-05-14T10:40:17.844837,41164,SGD,HT,bandit_selection
2026-05-14T10:40:17.849131,41165,HT,KNN,bandit_selection
2026-05-14T10:40:17.886193,41166,KNN,HT,bandit_selection
2026-05-14T10:40:18.233574,41196,HT,KNN,bandit_selection
2026-05-14T10:40:18.243725,41197,KNN,HT,bandit_selection
2026-05-14T10:40:18.614727,41230,HT,SGD,bandit_selection
2026-05-14T10:40:18.625031,41231,SGD,HT,bandit_selection
2026-05-14T10:40:18.640300,41233,HT,KNN,bandit_selection
2026-05-14T10:40:18.647325,41234,KNN,HT,bandit_selection
2026-05-14T10:40:18.730108,41242,HT,KNN,bandit_selection
2026-05-14T10:40:18.740189,41243,KNN,HT,bandit_selection
2026-05-14T10:40:18.777179,41246,HT,KNN,bandit_selection
2026-05-14T10:40:18.790651,41247,KNN,HT,bandit_selection
2026-05-14T10:40:18.895567,41255,HT,KNN,bandit_selection
2026-05-14T10:40:18.915013,41256,KNN,HT,bandit_selection
2026-05-14T10:40:18.942532,41259,HT,SGD,bandit_selection
2026-05-14T10:40:18.951319,41260,SGD,HT,bandit_selection
2026-05-14T10:40:19.104832,41272,HT,KNN,bandit_selection
2026-05-14T10:40:19.124236,41273,KNN,HT,bandit_selection
2026-05-14T10:40:19.251164,41281,HT,KNN,bandit_selection
2026-05-14T10:40:19.257615,41282,KNN,HT,bandit_selection
2026-05-14T10:40:19.306449,41286,HT,SGD,bandit_selection
2026-05-14T10:40:19.319639,41287,SGD,HT,bandit_selection
2026-05-14T10:40:19.441178,41296,HT,SGD,bandit_selection
2026-05-14T10:40:19.455062,41297,SGD,HT,bandit_selection
2026-05-14T10:40:19.501406,41302,HT,SGD,bandit_selection
2026-05-14T10:40:19.506605,41303,SGD,HT,bandit_selection
2026-05-14T10:40:19.810007,41331,HT,SGD,bandit_selection
2026-05-14T10:40:19.816740,41332,SGD,HT,bandit_selection
2026-05-14T10:40:20.065832,41353,HT,KNN,bandit_selection
2026-05-14T10:40:20.072951,41354,KNN,HT,bandit_selection
2026-05-14T10:40:20.259147,41370,HT,SGD,bandit_selection
2026-05-14T10:40:20.266031,41371,SGD,HT,bandit_selection
2026-05-14T10:40:20.449794,41389,HT,SGD,bandit_selection
2026-05-14T10:40:20.472136,41391,SGD,HT,bandit_selection
2026-05-14T10:40:20.519872,41395,HT,SGD,bandit_selection
2026-05-14T10:40:20.528259,41396,SGD,HT,bandit_selection
2026-05-14T10:40:20.779718,41419,HT,SGD,bandit_selection
2026-05-14T10:40:20.791541,41420,SGD,HT,bandit_selection
2026-05-14T10:40:21.014696,41439,HT,SGD,bandit_selection
2026-05-14T10:40:21.033486,41440,SGD,HT,bandit_selection
2026-05-14T10:40:21.134195,41448,HT,KNN,bandit_selection
2026-05-14T10:40:21.141170,41449,KNN,HT,bandit_selection
2026-05-14T10:40:21.210301,41455,HT,SGD,bandit_selection
2026-05-14T10:40:21.222856,41456,SGD,HT,bandit_selection
2026-05-14T10:40:21.265854,41460,HT,KNN,bandit_selection
2026-05-14T10:40:21.273760,41461,KNN,HT,bandit_selection
2026-05-14T10:40:21.397605,41469,HT,SGD,bandit_selection
2026-05-14T10:40:21.410496,41470,SGD,KNN,bandit_selection
2026-05-14T10:40:21.424394,41471,KNN,HT,bandit_selection
2026-05-14T10:40:21.455798,41473,HT,SGD,bandit_selection
2026-05-14T10:40:21.469970,41474,SGD,HT,bandit_selection
2026-05-14T10:40:21.623234,41487,HT,KNN,bandit_selection
2026-05-14T10:40:21.635485,41488,KNN,HT,bandit_selection
2026-05-14T10:40:21.778618,41500,HT,SGD,bandit_selection
2026-05-14T10:40:21.817834,41501,SGD,HT,bandit_selection
2026-05-14T10:40:21.856021,41505,HT,SGD,bandit_selection
2026-05-14T10:40:21.863336,41506,SGD,HT,bandit_selection
2026-05-14T10:40:22.381977,41558,HT,KNN,bandit_selection
2026-05-14T10:40:22.399891,41560,KNN,HT,bandit_selection
2026-05-14T10:40:22.465674,41566,HT,KNN,bandit_selection
2026-05-14T10:40:22.472383,41567,KNN,HT,bandit_selection
2026-05-14T10:40:22.588437,41578,HT,SGD,bandit_selection
2026-05-14T10:40:22.593566,41579,SGD,HT,bandit_selection
2026-05-14T10:40:22.704345,41587,HT,SGD,bandit_selection
2026-05-14T10:40:22.729139,41588,SGD,HT,bandit_selection
2026-05-14T10:40:22.739573,41589,HT,SGD,bandit_selection
2026-05-14T10:40:22.750166,41590,SGD,HT,bandit_selection
2026-05-14T10:40:22.956566,41606,HT,SGD,bandit_selection
2026-05-14T10:40:22.972781,41607,SGD,HT,bandit_selection
2026-05-14T10:40:23.002846,41609,HT,KNN,bandit_selection
2026-05-14T10:40:23.024514,41610,KNN,HT,bandit_selection
2026-05-14T10:40:23.045371,41612,HT,SGD,bandit_selection
2026-05-14T10:40:23.058857,41613,SGD,HT,bandit_selection
2026-05-14T10:40:23.260749,41633,HT,KNN,bandit_selection
2026-05-14T10:40:23.269330,41634,KNN,HT,bandit_selection
2026-05-14T10:40:23.278136,41635,HT,KNN,bandit_selection
2026-05-14T10:40:23.287587,41636,KNN,HT,bandit_selection
2026-05-14T10:40:23.351170,41642,HT,KNN,bandit_selection
2026-05-14T10:40:23.367185,41643,KNN,HT,bandit_selection
2026-05-14T10:40:23.533701,41656,HT,KNN,bandit_selection
2026-05-14T10:40:23.542312,41657,KNN,HT,bandit_selection
2026-05-14T10:40:23.752353,41676,HT,KNN,bandit_selection
2026-05-14T10:40:23.757483,41677,KNN,HT,bandit_selection
2026-05-14T10:40:24.205963,41707,HT,KNN,bandit_selection
2026-05-14T10:40:24.219068,41708,KNN,HT,bandit_selection
2026-05-14T10:40:24.258819,41713,HT,KNN,bandit_selection
2026-05-14T10:40:24.269729,41714,KNN,SGD,bandit_selection
2026-05-14T10:40:24.276899,41715,SGD,HT,bandit_selection
2026-05-14T10:40:24.659443,41747,HT,SGD,bandit_selection
2026-05-14T10:40:24.669677,41748,SGD,HT,bandit_selection
2026-05-14T10:40:25.292861,41795,HT,KNN,bandit_selection
2026-05-14T10:40:25.301325,41796,KNN,HT,bandit_selection
2026-05-14T10:40:25.378903,41804,HT,KNN,bandit_selection
2026-05-14T10:40:25.398474,41805,KNN,SGD,bandit_selection
2026-05-14T10:40:25.407330,41806,SGD,HT,bandit_selection
2026-05-14T10:40:25.816555,41852,HT,KNN,bandit_selection
2026-05-14T10:40:25.824073,41853,KNN,HT,bandit_selection
2026-05-14T10:40:25.901265,41859,HT,KNN,bandit_selection
2026-05-14T10:40:25.908549,41860,KNN,HT,bandit_selection
2026-05-14T10:40:26.042406,41872,HT,KNN,bandit_selection
2026-05-14T10:40:26.050501,41873,KNN,HT,bandit_selection
2026-05-14T10:40:26.076138,41876,HT,SGD,bandit_selection
2026-05-14T10:40:26.082873,41877,SGD,HT,bandit_selection
2026-05-14T10:40:26.173630,41888,HT,SGD,bandit_selection
2026-05-14T10:40:26.191395,41889,SGD,HT,bandit_selection
2026-05-14T10:40:26.243295,41894,HT,KNN,bandit_selection
2026-05-14T10:40:26.268927,41895,KNN,HT,bandit_selection
2026-05-14T10:40:26.309088,41898,HT,KNN,bandit_selection
2026-05-14T10:40:26.319134,41899,KNN,HT,bandit_selection
2026-05-14T10:40:26.378697,41904,HT,KNN,bandit_selection
2026-05-14T10:40:26.387864,41905,KNN,HT,bandit_selection
2026-05-14T10:40:26.509393,41917,HT,SGD,bandit_selection
2026-05-14T10:40:26.518360,41918,SGD,HT,bandit_selection
2026-05-14T10:40:26.592337,41928,HT,SGD,bandit_selection
2026-05-14T10:40:26.596898,41929,SGD,HT,bandit_selection
2026-05-14T10:40:26.602225,41930,HT,SGD,bandit_selection
2026-05-14T10:40:26.611357,41931,SGD,HT,bandit_selection
2026-05-14T10:40:26.638526,41933,HT,SGD,bandit_selection
2026-05-14T10:40:26.648349,41934,SGD,HT,bandit_selection
2026-05-14T10:40:26.749715,41939,HT,KNN,bandit_selection
2026-05-14T10:40:26.764196,41940,KNN,HT,bandit_selection
2026-05-14T10:40:26.990794,41970,HT,SGD,bandit_selection
2026-05-14T10:40:27.000309,41971,SGD,HT,bandit_selection
2026-05-14T10:40:27.035400,41975,HT,KNN,bandit_selection
2026-05-14T10:40:27.039997,41976,KNN,HT,bandit_selection
2026-05-14T10:40:27.235143,41999,HT,KNN,bandit_selection
2026-05-14T10:40:27.294959,42001,KNN,HT,bandit_selection
2026-05-14T10:40:27.421521,42015,HT,KNN,bandit_selection
2026-05-14T10:40:27.432651,42016,KNN,HT,bandit_selection
2026-05-14T10:40:27.590553,42032,HT,KNN,bandit_selection
2026-05-14T10:40:27.608400,42033,KNN,HT,bandit_selection
2026-05-14T10:40:27.748863,42049,HT,SGD,bandit_selection
2026-05-14T10:40:27.763802,42050,SGD,HT,bandit_selection
2026-05-14T10:40:27.902283,42060,HT,SGD,bandit_selection
2026-05-14T10:40:27.908955,42061,SGD,HT,bandit_selection
2026-05-14T10:40:27.994073,42071,HT,KNN,bandit_selection
2026-05-14T10:40:28.003650,42072,KNN,HT,bandit_selection
2026-05-14T10:40:28.318878,42100,HT,KNN,bandit_selection
2026-05-14T10:40:28.378660,42103,KNN,HT,bandit_selection
2026-05-14T10:40:28.426197,42107,HT,KNN,bandit_selection
2026-05-14T10:40:28.436804,42108,KNN,HT,bandit_selection
2026-05-14T10:40:28.576909,42124,HT,SGD,bandit_selection
2026-05-14T10:40:28.596243,42125,SGD,HT,bandit_selection
2026-05-14T10:40:28.974655,42159,HT,SGD,bandit_selection
2026-05-14T10:40:28.983173,42160,SGD,HT,bandit_selection
2026-05-14T10:40:29.582916,42213,HT,SGD,bandit_selection
2026-05-14T10:40:29.588997,42214,SGD,HT,bandit_selection
2026-05-14T10:40:29.781667,42234,HT,KNN,bandit_selection
2026-05-14T10:40:29.788472,42235,KNN,HT,bandit_selection
2026-05-14T10:40:29.904177,42248,HT,KNN,bandit_selection
2026-05-14T10:40:29.915064,42249,KNN,HT,bandit_selection
2026-05-14T10:40:30.006355,42258,HT,SGD,bandit_selection
2026-05-14T10:40:30.023235,42260,SGD,HT,bandit_selection
2026-05-14T10:40:30.120152,42271,HT,SGD,bandit_selection
2026-05-14T10:40:30.124975,42272,SGD,HT,bandit_selection
2026-05-14T10:40:30.154384,42275,HT,SGD,bandit_selection
2026-05-14T10:40:30.164863,42276,SGD,HT,bandit_selection
2026-05-14T10:40:30.240209,42283,HT,SGD,bandit_selection
2026-05-14T10:40:30.244919,42284,SGD,HT,bandit_selection
2026-05-14T10:40:30.454859,42308,HT,KNN,bandit_selection
2026-05-14T10:40:30.463152,42309,KNN,HT,bandit_selection
2026-05-14T10:40:30.514233,42316,HT,KNN,bandit_selection
2026-05-14T10:40:30.522816,42317,KNN,HT,bandit_selection
2026-05-14T10:40:30.606060,42327,HT,KNN,bandit_selection
2026-05-14T10:40:30.618376,42328,KNN,HT,bandit_selection
2026-05-14T10:40:30.988117,42369,HT,KNN,bandit_selection
2026-05-14T10:40:30.994290,42370,KNN,HT,bandit_selection
2026-05-14T10:40:31.093468,42382,HT,KNN,bandit_selection
2026-05-14T10:40:31.101452,42383,KNN,HT,bandit_selection
2026-05-14T10:40:31.131795,42387,HT,KNN,bandit_selection
2026-05-14T10:40:31.139506,42388,KNN,HT,bandit_selection
2026-05-14T10:40:31.587741,42435,HT,KNN,bandit_selection
2026-05-14T10:40:31.595606,42436,KNN,HT,bandit_selection
2026-05-14T10:40:31.898866,42467,HT,SGD,bandit_selection
2026-05-14T10:40:31.904128,42468,SGD,HT,bandit_selection
2026-05-14T10:40:32.032969,42481,HT,SGD,bandit_selection
2026-05-14T10:40:32.039144,42482,SGD,HT,bandit_selection
2026-05-14T10:40:32.108082,42489,HT,SGD,bandit_selection
2026-05-14T10:40:32.117591,42490,SGD,HT,bandit_selection
2026-05-14T10:40:32.268268,42504,HT,SGD,bandit_selection
2026-05-14T10:40:32.276773,42505,SGD,HT,bandit_selection
2026-05-14T10:40:32.542216,42531,HT,HT,derive_PageHinkley
2026-05-14T10:40:32.647242,42545,HT,KNN,bandit_selection
2026-05-14T10:40:32.655332,42546,KNN,HT,bandit_selection
2026-05-14T10:40:32.679563,42549,HT,SGD,bandit_selection
2026-05-14T10:40:32.709715,42550,SGD,HT,bandit_selection
2026-05-14T10:40:32.891761,42571,HT,SGD,bandit_selection
2026-05-14T10:40:32.896194,42572,SGD,KNN,bandit_selection
2026-05-14T10:40:32.905273,42573,KNN,HT,bandit_selection
2026-05-14T10:40:32.993238,42585,HT,SGD,bandit_selection
2026-05-14T10:40:32.997035,42586,SGD,HT,bandit_selection
2026-05-14T10:40:33.002449,42587,HT,KNN,bandit_selection
2026-05-14T10:40:33.097600,42599,KNN,HT,bandit_selection
2026-05-14T10:40:33.418791,42637,HT,KNN,bandit_selection
2026-05-14T10:40:33.428001,42638,KNN,HT,bandit_selection
2026-05-14T10:40:33.813195,42681,HT,KNN,bandit_selection
2026-05-14T10:40:33.817872,42682,KNN,HT,bandit_selection
2026-05-14T10:40:33.896638,42691,HT,SGD,bandit_selection
2026-05-14T10:40:33.908634,42693,SGD,HT,bandit_selection
2026-05-14T10:40:34.042664,42708,HT,KNN,bandit_selection
2026-05-14T10:40:34.048441,42709,KNN,HT,bandit_selection
2026-05-14T10:40:34.164098,42721,HT,KNN,bandit_selection
2026-05-14T10:40:34.179826,42723,KNN,HT,bandit_selection
2026-05-14T10:40:34.425650,42754,HT,KNN,bandit_selection
2026-05-14T10:40:34.437242,42755,KNN,HT,bandit_selection
2026-05-14T10:40:34.587583,42767,HT,SGD,bandit_selection
2026-05-14T10:40:34.596250,42768,SGD,HT,bandit_selection
2026-05-14T10:40:34.718121,42780,HT,KNN,bandit_selection
2026-05-14T10:40:34.722666,42781,KNN,HT,bandit_selection
2026-05-14T10:40:34.770323,42789,HT,SGD,bandit_selection
2026-05-14T10:40:34.784124,42790,SGD,HT,bandit_selection
2026-05-14T10:40:34.801300,42791,HT,KNN,bandit_selection
2026-05-14T10:40:34.809225,42792,KNN,HT,bandit_selection
2026-05-14T10:40:35.008855,42816,HT,KNN,bandit_selection
2026-05-14T10:40:35.019972,42817,KNN,HT,bandit_selection
2026-05-14T10:40:35.035132,42819,HT,SGD,bandit_selection
2026-05-14T10:40:35.042720,42820,SGD,HT,bandit_selection
2026-05-14T10:40:35.063131,42822,HT,KNN,bandit_selection
2026-05-14T10:40:35.069863,42823,KNN,HT,bandit_selection
2026-05-14T10:40:35.215017,42840,HT,KNN,bandit_selection
2026-05-14T10:40:35.220617,42841,KNN,HT,bandit_selection
2026-05-14T10:40:35.392187,42857,HT,SGD,bandit_selection
2026-05-14T10:40:35.403168,42858,SGD,HT,bandit_selection
2026-05-14T10:40:35.411825,42859,HT,KNN,bandit_selection
2026-05-14T10:40:35.417188,42860,KNN,HT,bandit_selection
2026-05-14T10:40:35.710890,42892,HT,SGD,bandit_selection
2026-05-14T10:40:35.724056,42893,SGD,HT,bandit_selection
2026-05-14T10:40:36.076672,42936,HT,KNN,bandit_selection
2026-05-14T10:40:36.085225,42937,KNN,HT,bandit_selection
2026-05-14T10:40:36.188917,42950,HT,SGD,bandit_selection
2026-05-14T10:40:36.200499,42951,SGD,HT,bandit_selection
2026-05-14T10:40:36.283263,42960,HT,KNN,bandit_selection
2026-05-14T10:40:36.295569,42961,KNN,HT,bandit_selection
2026-05-14T10:40:36.408049,42973,HT,SGD,bandit_selection
2026-05-14T10:40:36.419467,42974,SGD,HT,bandit_selection
2026-05-14T10:40:36.582865,42992,HT,SGD,bandit_selection
2026-05-14T10:40:36.589694,42993,SGD,HT,bandit_selection
2026-05-14T10:40:36.972139,43031,HT,SGD,bandit_selection
2026-05-14T10:40:36.978724,43032,SGD,HT,bandit_selection
2026-05-14T10:40:37.247898,43063,HT,SGD,bandit_selection
2026-05-14T10:40:37.258691,43064,SGD,HT,bandit_selection
2026-05-14T10:40:37.304218,43072,HT,KNN,bandit_selection
2026-05-14T10:40:37.311808,43073,KNN,HT,bandit_selection
2026-05-14T10:40:37.539983,43098,HT,SGD,bandit_selection
2026-05-14T10:40:37.548227,43099,SGD,HT,bandit_selection
2026-05-14T10:40:37.583487,43103,HT,SGD,bandit_selection
2026-05-14T10:40:37.592538,43104,SGD,HT,bandit_selection
2026-05-14T10:40:37.659783,43109,HT,SGD,bandit_selection
2026-05-14T10:40:37.726391,43110,SGD,HT,bandit_selection
2026-05-14T10:40:38.321963,43161,HT,SGD,bandit_selection
2026-05-14T10:40:38.330199,43162,SGD,HT,bandit_selection
2026-05-14T10:40:38.436117,43174,HT,SGD,bandit_selection
2026-05-14T10:40:38.443043,43175,SGD,HT,bandit_selection
2026-05-14T10:40:38.626806,43194,HT,SGD,bandit_selection
2026-05-14T10:40:38.641059,43195,SGD,HT,bandit_selection
2026-05-14T10:40:38.672858,43199,HT,SGD,bandit_selection
2026-05-14T10:40:38.681004,43200,SGD,HT,bandit_selection
2026-05-14T10:40:38.704730,43203,HT,KNN,bandit_selection
2026-05-14T10:40:38.716439,43204,KNN,HT,bandit_selection
2026-05-14T10:40:38.821421,43215,HT,SGD,bandit_selection
2026-05-14T10:40:38.827925,43216,SGD,HT,bandit_selection
2026-05-14T10:40:38.938281,43229,HT,KNN,bandit_selection
2026-05-14T10:40:38.948189,43231,KNN,HT,bandit_selection
2026-05-14T10:40:38.961598,43233,HT,KNN,bandit_selection
2026-05-14T10:40:38.966940,43234,KNN,HT,bandit_selection
2026-05-14T10:40:38.975575,43235,HT,SGD,bandit_selection
2026-05-14T10:40:38.993445,43236,SGD,HT,bandit_selection
2026-05-14T10:40:39.706456,43302,HT,SGD,bandit_selection
2026-05-14T10:40:39.719259,43303,SGD,HT,bandit_selection
2026-05-14T10:40:39.893091,43324,HT,KNN,bandit_selection
2026-05-14T10:40:39.902666,43325,KNN,HT,bandit_selection
2026-05-14T10:40:40.030425,43338,HT,KNN,bandit_selection
2026-05-14T10:40:40.035166,43339,KNN,HT,bandit_selection
2026-05-14T10:40:40.044137,43340,HT,KNN,bandit_selection
2026-05-14T10:40:40.050934,43341,KNN,HT,bandit_selection
2026-05-14T10:40:40.505679,43388,HT,KNN,bandit_selection
2026-05-14T10:40:40.511422,43389,KNN,HT,bandit_selection
2026-05-14T10:40:40.636689,43408,HT,KNN,bandit_selection
2026-05-14T10:40:40.643672,43409,KNN,HT,bandit_selection
2026-05-14T10:40:40.865420,43433,HT,SGD,bandit_selection
2026-05-14T10:40:40.873377,43434,SGD,HT,bandit_selection
2026-05-14T10:40:40.899683,43437,HT,KNN,bandit_selection
2026-05-14T10:40:40.906580,43438,KNN,HT,bandit_selection
2026-05-14T10:40:41.025291,43453,HT,KNN,bandit_selection
2026-05-14T10:40:41.034313,43454,KNN,HT,bandit_selection
2026-05-14T10:40:41.107955,43463,HT,KNN,bandit_selection
2026-05-14T10:40:41.114912,43464,KNN,HT,bandit_selection
2026-05-14T10:40:41.144391,43467,HT,SGD,bandit_selection
2026-05-14T10:40:41.150112,43468,SGD,HT,bandit_selection
2026-05-14T10:40:41.258292,43482,HT,SGD,bandit_selection
2026-05-14T10:40:41.267075,43483,SGD,HT,bandit_selection
2026-05-14T10:40:41.290439,43487,HT,KNN,bandit_selection
2026-05-14T10:40:41.296441,43488,KNN,HT,bandit_selection
2026-05-14T10:40:41.342992,43493,HT,SGD,bandit_selection
2026-05-14T10:40:41.349298,43494,SGD,HT,bandit_selection
2026-05-14T10:40:41.766376,43532,HT,KNN,bandit_selection
2026-05-14T10:40:41.777334,43533,KNN,HT,bandit_selection
2026-05-14T10:40:41.826368,43538,HT,SGD,bandit_selection
2026-05-14T10:40:41.835022,43539,SGD,HT,bandit_selection
2026-05-14T10:40:42.264747,43590,HT,SGD,bandit_selection
2026-05-14T10:40:42.277504,43591,SGD,HT,bandit_selection
2026-05-14T10:40:42.336076,43596,HT,KNN,bandit_selection
2026-05-14T10:40:42.355892,43598,KNN,HT,bandit_selection
2026-05-14T10:40:42.592851,43622,HT,KNN,bandit_selection
2026-05-14T10:40:42.597555,43623,KNN,HT,bandit_selection
2026-05-14T10:40:42.843075,43639,HT,SGD,bandit_selection
2026-05-14T10:40:42.855473,43640,SGD,HT,bandit_selection
2026-05-14T10:40:42.956125,43650,HT,SGD,bandit_selection
2026-05-14T10:40:42.963400,43651,SGD,HT,bandit_selection
2026-05-14T10:40:43.167289,43670,HT,SGD,bandit_selection
2026-05-14T10:40:43.179630,43671,SGD,HT,bandit_selection
2026-05-14T10:40:43.508621,43707,HT,KNN,bandit_selection
2026-05-14T10:40:43.515045,43708,KNN,HT,bandit_selection
2026-05-14T10:40:43.700462,43727,HT,KNN,bandit_selection
2026-05-14T10:40:43.709647,43728,KNN,HT,bandit_selection
2026-05-14T10:40:43.798583,43736,HT,KNN,bandit_selection
2026-05-14T10:40:43.810740,43737,KNN,HT,bandit_selection
2026-05-14T10:40:43.838306,43738,HT,KNN,bandit_selection
2026-05-14T10:40:43.856511,43739,KNN,HT,bandit_selection
2026-05-14T10:40:44.065806,43762,HT,KNN,bandit_selection
2026-05-14T10:40:44.074931,43764,KNN,HT,bandit_selection
2026-05-14T10:40:44.121256,43770,HT,KNN,bandit_selection
2026-05-14T10:40:44.133376,43772,KNN,HT,bandit_selection
2026-05-14T10:40:44.142271,43773,HT,KNN,bandit_selection
2026-05-14T10:40:44.152190,43774,KNN,HT,bandit_selection
2026-05-14T10:40:44.199784,43779,HT,SGD,bandit_selection
2026-05-14T10:40:44.205124,43780,SGD,HT,bandit_selection
2026-05-14T10:40:44.447322,43802,HT,SGD,bandit_selection
2026-05-14T10:40:44.482370,43803,SGD,HT,bandit_selection
2026-05-14T10:40:44.511719,43806,HT,SGD,bandit_selection
2026-05-14T10:40:44.531542,43808,SGD,HT,bandit_selection
2026-05-14T10:40:44.794171,43841,HT,SGD,bandit_selection
2026-05-14T10:40:44.801175,43842,SGD,HT,bandit_selection
2026-05-14T10:40:44.844580,43846,HT,SGD,bandit_selection
2026-05-14T10:40:44.853172,43847,SGD,KNN,bandit_selection
2026-05-14T10:40:44.865004,43848,KNN,HT,bandit_selection
2026-05-14T10:40:44.918478,43854,HT,SGD,bandit_selection
2026-05-14T10:40:44.926763,43855,SGD,HT,bandit_selection
2026-05-14T10:40:45.039032,43865,HT,SGD,bandit_selection
2026-05-14T10:40:45.049201,43866,SGD,HT,bandit_selection
2026-05-14T10:40:45.061716,43868,HT,SGD,bandit_selection
2026-05-14T10:40:45.070039,43869,SGD,HT,bandit_selection
2026-05-14T10:40:45.192479,43881,HT,SGD,bandit_selection
2026-05-14T10:40:45.200563,43882,SGD,HT,bandit_selection
2026-05-14T10:40:45.313317,43892,HT,SGD,bandit_selection
2026-05-14T10:40:45.331145,43893,SGD,HT,bandit_selection
2026-05-14T10:40:45.679910,43929,HT,KNN,bandit_selection
2026-05-14T10:40:45.694124,43930,KNN,HT,bandit_selection
2026-05-14T10:40:45.999640,43951,HT,SGD,bandit_selection
2026-05-14T10:40:46.010533,43952,SGD,HT,bandit_selection
2026-05-14T10:40:46.395620,43986,HT,SGD,bandit_selection
2026-05-14T10:40:46.403917,43987,SGD,HT,bandit_selection
2026-05-14T10:40:46.437657,43992,HT,KNN,bandit_selection
2026-05-14T10:40:46.448089,43993,KNN,HT,bandit_selection
2026-05-14T10:40:46.564762,44004,HT,KNN,bandit_selection
2026-05-14T10:40:46.587753,44005,KNN,HT,bandit_selection
2026-05-14T10:40:46.600578,44006,HT,SGD,bandit_selection
2026-05-14T10:40:46.609521,44007,SGD,HT,bandit_selection
2026-05-14T10:40:46.713622,44019,HT,KNN,bandit_selection
2026-05-14T10:40:46.733164,44020,KNN,HT,bandit_selection
2026-05-14T10:40:46.869352,44038,HT,KNN,bandit_selection
2026-05-14T10:40:46.876921,44039,KNN,HT,bandit_selection
2026-05-14T10:40:47.050114,44051,HT,KNN,bandit_selection
2026-05-14T10:40:47.057421,44052,KNN,HT,bandit_selection
2026-05-14T10:40:47.500791,44083,HT,KNN,bandit_selection
2026-05-14T10:40:47.516789,44084,KNN,HT,bandit_selection
2026-05-14T10:40:47.641669,44092,HT,SGD,bandit_selection
2026-05-14T10:40:47.656483,44093,SGD,HT,bandit_selection
2026-05-14T10:40:47.722701,44097,HT,KNN,bandit_selection
2026-05-14T10:40:47.737399,44098,KNN,HT,bandit_selection
2026-05-14T10:40:47.851809,44104,HT,KNN,bandit_selection
2026-05-14T10:40:47.872284,44105,KNN,HT,bandit_selection
2026-05-14T10:40:48.125445,44125,HT,SGD,bandit_selection
2026-05-14T10:40:48.135229,44126,SGD,HT,bandit_selection
2026-05-14T10:40:48.208316,44133,HT,KNN,bandit_selection
2026-05-14T10:40:48.217920,44134,KNN,HT,bandit_selection
2026-05-14T10:40:48.252789,44138,HT,KNN,bandit_selection
2026-05-14T10:40:48.262994,44139,KNN,HT,bandit_selection
2026-05-14T10:40:48.442411,44157,HT,SGD,bandit_selection
2026-05-14T10:40:48.449342,44158,SGD,HT,bandit_selection
2026-05-14T10:40:48.471517,44161,HT,SGD,bandit_selection
2026-05-14T10:40:48.483446,44162,SGD,HT,bandit_selection
2026-05-14T10:40:48.499378,44164,HT,SGD,bandit_selection
2026-05-14T10:40:48.530931,44166,SGD,HT,bandit_selection
2026-05-14T10:40:48.844336,44195,HT,KNN,bandit_selection
2026-05-14T10:40:48.861013,44196,KNN,HT,bandit_selection
2026-05-14T10:40:48.882925,44198,HT,SGD,bandit_selection
2026-05-14T10:40:48.890893,44199,SGD,HT,bandit_selection
2026-05-14T10:40:48.918766,44201,HT,SGD,bandit_selection
2026-05-14T10:40:48.935018,44202,SGD,KNN,bandit_selection
2026-05-14T10:40:48.943078,44203,KNN,HT,bandit_selection
2026-05-14T10:40:49.295388,44235,HT,SGD,bandit_selection
2026-05-14T10:40:49.303717,44236,SGD,HT,bandit_selection
2026-05-14T10:40:49.383588,44243,HT,KNN,bandit_selection
2026-05-14T10:40:49.400832,44244,KNN,HT,bandit_selection
2026-05-14T10:40:49.465984,44249,HT,KNN,bandit_selection
2026-05-14T10:40:49.472931,44250,KNN,SGD,bandit_selection
2026-05-14T10:40:49.483086,44251,SGD,HT,bandit_selection
2026-05-14T10:40:49.839092,44285,HT,SGD,bandit_selection
2026-05-14T10:40:49.854708,44286,SGD,HT,bandit_selection
2026-05-14T10:40:49.898231,44290,HT,KNN,bandit_selection
2026-05-14T10:40:49.906730,44291,KNN,HT,bandit_selection
2026-05-14T10:40:49.963678,44298,HT,SGD,bandit_selection
2026-05-14T10:40:49.970940,44299,SGD,HT,bandit_selection
2026-05-14T10:40:50.002690,44303,HT,KNN,bandit_selection
2026-05-14T10:40:50.011574,44304,KNN,HT,bandit_selection
2026-05-14T10:40:50.047236,44308,HT,SGD,bandit_selection
2026-05-14T10:40:50.053872,44309,SGD,HT,bandit_selection
2026-05-14T10:40:50.141446,44320,HT,SGD,bandit_selection
2026-05-14T10:40:50.151606,44321,SGD,HT,bandit_selection
2026-05-14T10:40:50.229258,44329,HT,KNN,bandit_selection
2026-05-14T10:40:50.244251,44330,KNN,HT,bandit_selection
2026-05-14T10:40:50.459667,44356,HT,SGD,bandit_selection
2026-05-14T10:40:50.468332,44357,SGD,HT,bandit_selection
2026-05-14T10:40:50.649063,44374,HT,SGD,bandit_selection
2026-05-14T10:40:50.658533,44375,SGD,HT,bandit_selection
2026-05-14T10:40:50.718708,44382,HT,SGD,bandit_selection
2026-05-14T10:40:50.727367,44383,SGD,HT,bandit_selection
2026-05-14T10:40:50.792932,44391,HT,KNN,bandit_selection
2026-05-14T10:40:50.800630,44392,KNN,HT,bandit_selection
2026-05-14T10:40:50.819451,44394,HT,SGD,bandit_selection
2026-05-14T10:40:50.834966,44395,SGD,HT,bandit_selection
2026-05-14T10:40:51.037919,44416,HT,KNN,bandit_selection
2026-05-14T10:40:51.055811,44417,KNN,HT,bandit_selection
2026-05-14T10:40:51.214275,44437,HT,KNN,bandit_selection
2026-05-14T10:40:51.220170,44438,KNN,HT,bandit_selection
2026-05-14T10:40:51.397646,44460,HT,KNN,bandit_selection
2026-05-14T10:40:51.401567,44461,KNN,HT,bandit_selection
2026-05-14T10:40:51.516259,44474,HT,SGD,bandit_selection
2026-05-14T10:40:51.522255,44475,SGD,HT,bandit_selection
2026-05-14T10:40:51.718309,44497,HT,SGD,bandit_selection
2026-05-14T10:40:51.724493,44498,SGD,HT,bandit_selection
2026-05-14T10:40:51.773782,44501,HT,SGD,bandit_selection
2026-05-14T10:40:51.780955,44502,SGD,HT,bandit_selection
2026-05-14T10:40:51.995840,44525,HT,KNN,bandit_selection
2026-05-14T10:40:52.011628,44526,KNN,HT,bandit_selection
2026-05-14T10:40:52.044589,44530,HT,KNN,bandit_selection
2026-05-14T10:40:52.063825,44532,KNN,HT,bandit_selection
2026-05-14T10:40:52.071576,44533,HT,SGD,bandit_selection
2026-05-14T10:40:52.075250,44534,SGD,HT,bandit_selection
2026-05-14T10:40:52.088450,44535,HT,SGD,bandit_selection
2026-05-14T10:40:52.098106,44536,SGD,HT,bandit_selection
2026-05-14T10:40:52.452300,44573,HT,SGD,bandit_selection
2026-05-14T10:40:52.467636,44574,SGD,HT,bandit_selection
2026-05-14T10:40:52.623840,44590,HT,KNN,bandit_selection
2026-05-14T10:40:52.631953,44591,KNN,HT,bandit_selection
2026-05-14T10:40:52.688520,44598,HT,SGD,bandit_selection
2026-05-14T10:40:52.694559,44599,SGD,HT,bandit_selection
2026-05-14T10:40:52.779992,44609,HT,KNN,bandit_selection
2026-05-14T10:40:52.786790,44610,KNN,HT,bandit_selection
2026-05-14T10:40:53.025392,44636,HT,KNN,bandit_selection
2026-05-14T10:40:53.040809,44637,KNN,HT,bandit_selection
2026-05-14T10:40:53.106106,44647,HT,KNN,bandit_selection
2026-05-14T10:40:53.114127,44648,KNN,HT,bandit_selection
2026-05-14T10:40:53.145857,44652,HT,SGD,bandit_selection
2026-05-14T10:40:53.154571,44653,SGD,HT,bandit_selection
2026-05-14T10:40:53.208432,44660,HT,SGD,bandit_selection
2026-05-14T10:40:53.215092,44661,SGD,HT,bandit_selection
2026-05-14T10:40:53.226876,44662,HT,SGD,bandit_selection
2026-05-14T10:40:53.232976,44663,SGD,HT,bandit_selection
2026-05-14T10:40:53.248025,44665,HT,KNN,bandit_selection
2026-05-14T10:40:53.255975,44666,KNN,HT,bandit_selection
2026-05-14T10:40:53.508601,44697,HT,SGD,bandit_selection
2026-05-14T10:40:53.514918,44698,SGD,HT,bandit_selection
2026-05-14T10:40:53.550590,44703,HT,KNN,bandit_selection
2026-05-14T10:40:53.570434,44705,KNN,HT,bandit_selection
2026-05-14T10:40:53.801026,44732,HT,KNN,bandit_selection
2026-05-14T10:40:53.808949,44733,KNN,SGD,bandit_selection
2026-05-14T10:40:53.812603,44734,SGD,HT,bandit_selection
2026-05-14T10:40:54.005628,44756,HT,SGD,bandit_selection
2026-05-14T10:40:54.014545,44757,SGD,HT,bandit_selection
2026-05-14T10:40:54.081687,44763,HT,KNN,bandit_selection
2026-05-14T10:40:54.102912,44764,KNN,HT,bandit_selection
2026-05-14T10:40:54.125995,44767,HT,KNN,bandit_selection
2026-05-14T10:40:54.137715,44768,KNN,HT,bandit_selection
2026-05-14T10:40:54.201351,44775,HT,SGD,bandit_selection
2026-05-14T10:40:54.207832,44776,SGD,HT,bandit_selection
2026-05-14T10:40:54.229675,44778,HT,SGD,bandit_selection
2026-05-14T10:40:54.242159,44779,SGD,HT,bandit_selection
2026-05-14T10:40:54.371280,44794,HT,KNN,bandit_selection
2026-05-14T10:40:54.378427,44795,KNN,HT,bandit_selection
2026-05-14T10:40:54.440852,44804,HT,SGD,bandit_selection
2026-05-14T10:40:54.446883,44805,SGD,HT,bandit_selection
2026-05-14T10:40:54.451483,44806,HT,KNN,bandit_selection
2026-05-14T10:40:54.459105,44807,KNN,HT,bandit_selection
2026-05-14T10:40:54.679351,44834,HT,SGD,bandit_selection
2026-05-14T10:40:54.696590,44836,SGD,HT,bandit_selection
2026-05-14T10:40:54.804028,44850,HT,SGD,bandit_selection
2026-05-14T10:40:54.813765,44851,SGD,HT,bandit_selection
2026-05-14T10:40:54.838009,44854,HT,KNN,bandit_selection
2026-05-14T10:40:54.847219,44855,KNN,HT,bandit_selection
2026-05-14T10:40:54.987831,44870,HT,SGD,bandit_selection
2026-05-14T10:40:54.997645,44871,SGD,HT,bandit_selection
2026-05-14T10:40:55.058591,44877,HT,SGD,bandit_selection
2026-05-14T10:40:55.070626,44878,SGD,HT,bandit_selection
2026-05-14T10:40:55.249450,44897,HT,SGD,bandit_selection
2026-05-14T10:40:55.267985,44898,SGD,HT,bandit_selection
2026-05-14T10:40:55.317348,44902,HT,KNN,bandit_selection
2026-05-14T10:40:55.326675,44903,KNN,HT,bandit_selection
2026-05-14T10:40:55.353556,44907,HT,SGD,bandit_selection
2026-05-14T10:40:55.360547,44908,SGD,HT,bandit_selection
2026-05-14T10:40:55.379256,44911,HT,SGD,bandit_selection
2026-05-14T10:40:55.403372,44913,SGD,HT,bandit_selection
2026-05-14T10:40:55.416950,44915,HT,KNN,bandit_selection
2026-05-14T10:40:55.422885,44916,KNN,HT,bandit_selection
2026-05-14T10:40:55.461929,44920,HT,KNN,bandit_selection
2026-05-14T10:40:55.471299,44921,KNN,HT,bandit_selection
2026-05-14T10:40:55.988528,44984,HT,SGD,bandit_selection
2026-05-14T10:40:56.007933,44985,SGD,HT,bandit_selection
2026-05-14T10:40:56.099952,44996,HT,KNN,bandit_selection
2026-05-14T10:40:56.105199,44997,KNN,HT,bandit_selection
2026-05-14T10:40:56.258472,45011,HT,KNN,bandit_selection
2026-05-14T10:40:56.269749,45012,KNN,HT,bandit_selection
2026-05-14T10:40:56.489715,45033,HT,SGD,bandit_selection
2026-05-14T10:40:56.495665,45034,SGD,HT,bandit_selection
2026-05-14T10:40:56.662535,45055,HT,SGD,bandit_selection
2026-05-14T10:40:56.669639,45056,SGD,HT,bandit_selection
2026-05-14T10:40:56.791530,45068,HT,KNN,bandit_selection
2026-05-14T10:40:56.797341,45069,KNN,HT,bandit_selection
2026-05-14T10:40:56.913696,45084,HT,KNN,bandit_selection
2026-05-14T10:40:56.921352,45085,KNN,HT,bandit_selection
2026-05-14T10:40:57.233055,45118,HT,SGD,bandit_selection
2026-05-14T10:40:57.240362,45119,SGD,HT,bandit_selection
2026-05-14T10:40:57.441689,45139,HT,KNN,bandit_selection
2026-05-14T10:40:57.449961,45140,KNN,HT,bandit_selection
2026-05-14T10:40:57.516735,45145,HT,KNN,bandit_selection
2026-05-14T10:40:57.524234,45146,KNN,HT,bandit_selection
2026-05-14T10:40:57.561682,45149,HT,KNN,bandit_selection
2026-05-14T10:40:57.568752,45150,KNN,HT,bandit_selection
2026-05-14T10:40:57.577404,45151,HT,SGD,bandit_selection
2026-05-14T10:40:57.586746,45152,SGD,HT,bandit_selection
2026-05-14T10:40:57.879615,45184,HT,SGD,bandit_selection
2026-05-14T10:40:57.889969,45185,SGD,HT,bandit_selection
2026-05-14T10:40:57.924148,45190,HT,KNN,bandit_selection
2026-05-14T10:40:57.934222,45191,KNN,HT,bandit_selection
2026-05-14T10:40:58.215346,45225,HT,KNN,bandit_selection
2026-05-14T10:40:58.222958,45226,KNN,HT,bandit_selection
2026-05-14T10:40:58.230799,45227,HT,SGD,bandit_selection
2026-05-14T10:40:58.245703,45228,SGD,KNN,bandit_selection
2026-05-14T10:40:58.254715,45229,KNN,HT,bandit_selection
2026-05-14T10:40:58.535605,45261,HT,KNN,bandit_selection
2026-05-14T10:40:58.543617,45262,KNN,HT,bandit_selection
2026-05-14T10:40:58.931275,45297,HT,KNN,bandit_selection
2026-05-14T10:40:58.936312,45298,KNN,HT,bandit_selection
2026-05-14T10:40:59.143842,45320,HT,KNN,bandit_selection
2026-05-14T10:40:59.152207,45321,KNN,HT,bandit_selection
2026-05-14T10:40:59.323950,45341,HT,KNN,bandit_selection
2026-05-14T10:40:59.331245,45342,KNN,HT,bandit_selection
2026-05-14T10:40:59.470528,45356,HT,SGD,bandit_selection
2026-05-14T10:40:59.477884,45357,SGD,HT,bandit_selection
2026-05-14T10:40:59.564876,45368,HT,KNN,bandit_selection
2026-05-14T10:40:59.569945,45369,KNN,HT,bandit_selection
2026-05-14T10:40:59.674847,45380,HT,KNN,bandit_selection
2026-05-14T10:40:59.682664,45381,KNN,HT,bandit_selection
2026-05-14T10:40:59.724208,45386,HT,SGD,bandit_selection
2026-05-14T10:40:59.737756,45387,SGD,KNN,bandit_selection
2026-05-14T10:40:59.743350,45388,KNN,HT,bandit_selection
2026-05-14T10:41:00.065097,45426,HT,KNN,bandit_selection
2026-05-14T10:41:00.074515,45427,KNN,HT,bandit_selection
2026-05-14T10:41:00.221807,45443,HT,KNN,bandit_selection
2026-05-14T10:41:00.230877,45444,KNN,HT,bandit_selection
2026-05-14T10:41:00.347332,45455,HT,SGD,bandit_selection
2026-05-14T10:41:00.357981,45456,SGD,HT,bandit_selection
2026-05-14T10:41:00.554353,45479,HT,KNN,bandit_selection
2026-05-14T10:41:00.562086,45480,KNN,HT,bandit_selection
2026-05-14T10:41:00.587340,45483,HT,SGD,bandit_selection
2026-05-14T10:41:00.596397,45484,SGD,HT,bandit_selection
2026-05-14T10:41:00.643401,45489,HT,KNN,bandit_selection
2026-05-14T10:41:00.653475,45490,KNN,HT,bandit_selection
2026-05-14T10:41:00.726081,45497,HT,KNN,bandit_selection
2026-05-14T10:41:00.732914,45498,KNN,HT,bandit_selection
2026-05-14T10:41:00.868623,45508,HT,SGD,bandit_selection
2026-05-14T10:41:00.878765,45509,SGD,HT,bandit_selection
2026-05-14T10:41:01.041250,45524,HT,KNN,bandit_selection
2026-05-14T10:41:01.061273,45526,KNN,HT,bandit_selection
2026-05-14T10:41:01.390857,45553,HT,KNN,bandit_selection
2026-05-14T10:41:01.396590,45554,KNN,HT,bandit_selection
2026-05-14T10:41:01.551196,45568,HT,KNN,bandit_selection
2026-05-14T10:41:01.557639,45569,KNN,HT,bandit_selection
2026-05-14T10:41:01.689594,45582,HT,SGD,bandit_selection
2026-05-14T10:41:01.696729,45583,SGD,HT,bandit_selection
2026-05-14T10:41:01.912214,45607,HT,KNN,bandit_selection
2026-05-14T10:41:01.924975,45608,KNN,HT,bandit_selection
2026-05-14T10:41:02.007672,45617,HT,KNN,bandit_selection
2026-05-14T10:41:02.014870,45618,KNN,HT,bandit_selection
2026-05-14T10:41:02.053337,45623,HT,SGD,bandit_selection
2026-05-14T10:41:02.060218,45624,SGD,HT,bandit_selection
2026-05-14T10:41:02.093734,45629,HT,KNN,bandit_selection
2026-05-14T10:41:02.104091,45630,KNN,HT,bandit_selection
2026-05-14T10:41:02.214726,45641,HT,KNN,bandit_selection
2026-05-14T10:41:02.223859,45642,KNN,HT,bandit_selection
2026-05-14T10:41:02.455586,45670,HT,SGD,bandit_selection
2026-05-14T10:41:02.464147,45671,SGD,HT,bandit_selection
2026-05-14T10:41:02.567447,45684,HT,KNN,bandit_selection
2026-05-14T10:41:02.574488,45685,KNN,HT,bandit_selection
2026-05-14T10:41:02.613378,45690,HT,KNN,bandit_selection
2026-05-14T10:41:02.619955,45691,KNN,HT,bandit_selection
2026-05-14T10:41:02.868600,45724,HT,KNN,bandit_selection
2026-05-14T10:41:02.880147,45725,KNN,HT,bandit_selection
2026-05-14T10:41:03.000913,45735,HT,KNN,bandit_selection
2026-05-14T10:41:03.009655,45736,KNN,HT,bandit_selection
2026-05-14T10:41:03.365339,45778,HT,KNN,bandit_selection
2026-05-14T10:41:03.372424,45779,KNN,HT,bandit_selection
2026-05-14T10:41:03.379428,45780,HT,SGD,bandit_selection
2026-05-14T10:41:03.388723,45781,SGD,HT,bandit_selection
2026-05-14T10:41:03.425074,45784,HT,SGD,bandit_selection
2026-05-14T10:41:03.434744,45785,SGD,HT,bandit_selection
2026-05-14T10:41:03.705397,45810,HT,SGD,bandit_selection
2026-05-14T10:41:03.712349,45811,SGD,HT,bandit_selection
2026-05-14T10:41:03.864880,45829,HT,KNN,bandit_selection
2026-05-14T10:41:03.874313,45830,KNN,HT,bandit_selection
2026-05-14T10:41:04.028777,45848,HT,SGD,bandit_selection
2026-05-14T10:41:04.040056,45849,SGD,HT,bandit_selection
2026-05-14T10:41:04.110394,45857,HT,SGD,bandit_selection
2026-05-14T10:41:04.118458,45858,SGD,HT,bandit_selection
2026-05-14T10:41:04.156372,45862,HT,SGD,bandit_selection
2026-05-14T10:41:04.165220,45863,SGD,KNN,bandit_selection
2026-05-14T10:41:04.174035,45864,KNN,HT,bandit_selection
2026-05-14T10:41:04.201874,45867,HT,SGD,bandit_selection
2026-05-14T10:41:04.212334,45868,SGD,HT,bandit_selection
2026-05-14T10:41:04.266552,45875,HT,KNN,bandit_selection
2026-05-14T10:41:04.273819,45876,KNN,SGD,bandit_selection
2026-05-14T10:41:04.278517,45877,SGD,HT,bandit_selection
2026-05-14T10:41:04.376564,45890,HT,KNN,bandit_selection
2026-05-14T10:41:04.383702,45891,KNN,HT,bandit_selection
2026-05-14T10:41:04.414245,45895,HT,SGD,bandit_selection
2026-05-14T10:41:04.422021,45896,SGD,KNN,bandit_selection
2026-05-14T10:41:04.434248,45897,KNN,HT,bandit_selection
2026-05-14T10:41:04.459610,45901,HT,KNN,bandit_selection
2026-05-14T10:41:04.477492,45904,KNN,HT,bandit_selection
2026-05-14T10:41:04.609406,45919,HT,KNN,bandit_selection
2026-05-14T10:41:04.613780,45920,KNN,HT,bandit_selection
2026-05-14T10:41:04.678322,45927,HT,SGD,bandit_selection
2026-05-14T10:41:04.686692,45928,SGD,HT,bandit_selection
2026-05-14T10:41:04.700523,45929,HT,KNN,bandit_selection
2026-05-14T10:41:04.707676,45930,KNN,HT,bandit_selection
2026-05-14T10:41:04.840153,45949,HT,SGD,bandit_selection
2026-05-14T10:41:04.847898,45950,SGD,HT,bandit_selection
2026-05-14T10:41:04.883193,45955,HT,KNN,bandit_selection
2026-05-14T10:41:04.886912,45956,KNN,HT,bandit_selection
2026-05-14T10:41:05.038514,45974,HT,SGD,bandit_selection
2026-05-14T10:41:05.048703,45975,SGD,HT,bandit_selection
2026-05-14T10:41:05.397785,46010,HT,KNN,bandit_selection
2026-05-14T10:41:05.404797,46011,KNN,HT,bandit_selection
2026-05-14T10:41:05.561643,46029,HT,SGD,bandit_selection
2026-05-14T10:41:05.578027,46030,SGD,HT,bandit_selection
2026-05-14T10:41:05.610796,46034,HT,KNN,bandit_selection
2026-05-14T10:41:05.626140,46035,KNN,HT,bandit_selection
2026-05-14T10:41:05.858039,46063,HT,KNN,bandit_selection
2026-05-14T10:41:05.869956,46064,KNN,HT,bandit_selection
2026-05-14T10:41:05.902562,46067,HT,SGD,bandit_selection
2026-05-14T10:41:05.910780,46068,SGD,HT,bandit_selection
2026-05-14T10:41:06.030951,46079,HT,SGD,bandit_selection
2026-05-14T10:41:06.036992,46080,SGD,HT,bandit_selection
2026-05-14T10:41:06.094487,46084,HT,SGD,bandit_selection
2026-05-14T10:41:06.102301,46085,SGD,HT,bandit_selection
2026-05-14T10:41:06.172497,46094,HT,KNN,bandit_selection
2026-05-14T10:41:06.180326,46095,KNN,HT,bandit_selection
2026-05-14T10:41:06.203004,46098,HT,SGD,bandit_selection
2026-05-14T10:41:06.209115,46099,SGD,HT,bandit_selection
2026-05-14T10:41:06.250327,46103,HT,KNN,bandit_selection
2026-05-14T10:41:06.257110,46104,KNN,HT,bandit_selection
2026-05-14T10:41:06.395660,46117,HT,KNN,bandit_selection
2026-05-14T10:41:06.402368,46118,KNN,HT,bandit_selection
2026-05-14T10:41:06.437730,46123,HT,SGD,bandit_selection
2026-05-14T10:41:06.446398,46124,SGD,HT,bandit_selection
2026-05-14T10:41:06.735012,46157,HT,KNN,bandit_selection
2026-05-14T10:41:06.750154,46158,KNN,HT,bandit_selection
2026-05-14T10:41:06.810556,46164,HT,SGD,bandit_selection
2026-05-14T10:41:06.819455,46165,SGD,HT,bandit_selection
2026-05-14T10:41:06.926475,46177,HT,KNN,bandit_selection
2026-05-14T10:41:06.932036,46178,KNN,HT,bandit_selection
2026-05-14T10:41:06.966389,46182,HT,KNN,bandit_selection
2026-05-14T10:41:06.973057,46183,KNN,HT,bandit_selection
2026-05-14T10:41:07.180656,46204,HT,SGD,bandit_selection
2026-05-14T10:41:07.190492,46205,SGD,HT,bandit_selection
2026-05-14T10:41:07.463978,46235,HT,SGD,bandit_selection
2026-05-14T10:41:07.469186,46236,SGD,HT,bandit_selection
2026-05-14T10:41:07.536743,46243,HT,KNN,bandit_selection
2026-05-14T10:41:07.542432,46244,KNN,HT,bandit_selection
2026-05-14T10:41:07.786705,46266,HT,SGD,bandit_selection
2026-05-14T10:41:07.798619,46267,SGD,HT,bandit_selection
2026-05-14T10:41:07.841091,46273,HT,SGD,bandit_selection
2026-05-14T10:41:07.846545,46274,SGD,HT,bandit_selection
2026-05-14T10:41:07.984709,46286,HT,SGD,bandit_selection
2026-05-14T10:41:07.991526,46287,SGD,HT,bandit_selection
2026-05-14T10:41:08.299053,46313,HT,KNN,bandit_selection
2026-05-14T10:41:08.304180,46314,KNN,HT,bandit_selection
2026-05-14T10:41:08.316392,46315,HT,KNN,bandit_selection
2026-05-14T10:41:08.325027,46316,KNN,HT,bandit_selection
2026-05-14T10:41:08.485890,46331,HT,SGD,bandit_selection
2026-05-14T10:41:08.492388,46332,SGD,HT,bandit_selection
2026-05-14T10:41:08.758990,46351,HT,SGD,bandit_selection
2026-05-14T10:41:08.772356,46352,SGD,HT,bandit_selection
2026-05-14T10:41:08.978687,46363,HT,KNN,bandit_selection
2026-05-14T10:41:08.994775,46364,KNN,HT,bandit_selection
2026-05-14T10:41:09.010086,46365,HT,KNN,bandit_selection
2026-05-14T10:41:09.021927,46366,KNN,HT,bandit_selection
2026-05-14T10:41:09.080228,46372,HT,SGD,bandit_selection
2026-05-14T10:41:09.103451,46373,SGD,HT,bandit_selection
2026-05-14T10:41:09.136073,46376,HT,KNN,bandit_selection
2026-05-14T10:41:09.148445,46377,KNN,HT,bandit_selection
2026-05-14T10:41:09.189470,46380,HT,SGD,bandit_selection
2026-05-14T10:41:09.209728,46381,SGD,HT,bandit_selection
2026-05-14T10:41:09.399726,46395,HT,SGD,bandit_selection
2026-05-14T10:41:09.406742,46396,SGD,HT,bandit_selection
2026-05-14T10:41:09.905172,46441,HT,KNN,bandit_selection
2026-05-14T10:41:09.916158,46442,KNN,HT,bandit_selection
2026-05-14T10:41:10.126249,46462,HT,SGD,bandit_selection
2026-05-14T10:41:10.141005,46463,SGD,HT,bandit_selection
2026-05-14T10:41:10.191210,46468,HT,SGD,bandit_selection
2026-05-14T10:41:10.196660,46469,SGD,HT,bandit_selection
2026-05-14T10:41:10.202602,46470,HT,SGD,bandit_selection
2026-05-14T10:41:10.208011,46471,SGD,HT,bandit_selection
2026-05-14T10:41:10.298202,46482,HT,KNN,bandit_selection
2026-05-14T10:41:10.311457,46483,KNN,HT,bandit_selection
2026-05-14T10:41:10.378387,46488,HT,SGD,bandit_selection
2026-05-14T10:41:10.389745,46489,SGD,HT,bandit_selection
2026-05-14T10:41:10.660705,46513,HT,KNN,bandit_selection
2026-05-14T10:41:10.669056,46514,KNN,HT,bandit_selection
2026-05-14T10:41:10.720046,46517,HT,SGD,bandit_selection
2026-05-14T10:41:10.728099,46518,SGD,HT,bandit_selection
2026-05-14T10:41:10.859507,46530,HT,SGD,bandit_selection
2026-05-14T10:41:10.868372,46531,SGD,HT,bandit_selection
2026-05-14T10:41:10.917740,46537,HT,KNN,bandit_selection
2026-05-14T10:41:10.928729,46538,KNN,HT,bandit_selection
2026-05-14T10:41:11.226898,46568,HT,KNN,bandit_selection
2026-05-14T10:41:11.235750,46569,KNN,HT,bandit_selection
2026-05-14T10:41:11.275098,46574,HT,SGD,bandit_selection
2026-05-14T10:41:11.283627,46575,SGD,HT,bandit_selection
2026-05-14T10:41:11.359941,46584,HT,KNN,bandit_selection
2026-05-14T10:41:11.365861,46585,KNN,HT,bandit_selection
2026-05-14T10:41:12.091697,46659,HT,KNN,bandit_selection
2026-05-14T10:41:12.104578,46660,KNN,HT,bandit_selection
2026-05-14T10:41:12.161760,46664,HT,SGD,bandit_selection
2026-05-14T10:41:12.176318,46665,SGD,HT,bandit_selection
2026-05-14T10:41:12.222271,46671,HT,KNN,bandit_selection
2026-05-14T10:41:12.232271,46672,KNN,HT,bandit_selection
2026-05-14T10:41:12.427979,46694,HT,SGD,bandit_selection
2026-05-14T10:41:12.435640,46695,SGD,HT,bandit_selection
2026-05-14T10:41:12.545578,46709,HT,KNN,bandit_selection
2026-05-14T10:41:12.553343,46710,KNN,HT,bandit_selection
2026-05-14T10:41:12.583699,46713,HT,SGD,bandit_selection
2026-05-14T10:41:12.593219,46714,SGD,HT,bandit_selection
2026-05-14T10:41:12.737709,46730,HT,KNN,bandit_selection
2026-05-14T10:41:12.743521,46731,KNN,HT,bandit_selection
2026-05-14T10:41:12.782481,46735,HT,SGD,bandit_selection
2026-05-14T10:41:12.792775,46736,SGD,HT,bandit_selection
2026-05-14T10:41:12.934629,46753,HT,KNN,bandit_selection
2026-05-14T10:41:12.940545,46754,KNN,HT,bandit_selection
2026-05-14T10:41:13.176775,46786,HT,KNN,bandit_selection
2026-05-14T10:41:13.185271,46787,KNN,HT,bandit_selection
2026-05-14T10:41:13.243165,46793,HT,SGD,bandit_selection
2026-05-14T10:41:13.247275,46794,SGD,HT,bandit_selection
2026-05-14T10:41:13.265946,46797,HT,SGD,bandit_selection
2026-05-14T10:41:13.271877,46798,SGD,HT,bandit_selection
2026-05-14T10:41:13.323031,46806,HT,SGD,bandit_selection
2026-05-14T10:41:13.333776,46807,SGD,HT,bandit_selection
2026-05-14T10:41:13.342825,46808,HT,KNN,bandit_selection
2026-05-14T10:41:13.351174,46809,KNN,HT,bandit_selection
2026-05-14T10:41:13.395502,46815,HT,SGD,bandit_selection
2026-05-14T10:41:13.400739,46816,SGD,HT,bandit_selection
2026-05-14T10:41:13.742104,46862,HT,SGD,bandit_selection
2026-05-14T10:41:13.748229,46863,SGD,HT,bandit_selection
2026-05-14T10:41:13.959155,46890,HT,SGD,bandit_selection
2026-05-14T10:41:13.968112,46891,SGD,HT,bandit_selection
2026-05-14T10:41:14.065674,46902,HT,KNN,bandit_selection
2026-05-14T10:41:14.083391,46903,KNN,HT,bandit_selection
2026-05-14T10:41:14.319326,46924,HT,KNN,bandit_selection
2026-05-14T10:41:14.327198,46925,KNN,HT,bandit_selection
2026-05-14T10:41:14.339498,46926,HT,KNN,bandit_selection
2026-05-14T10:41:14.345717,46927,KNN,HT,bandit_selection
2026-05-14T10:41:14.542167,46951,HT,KNN,bandit_selection
2026-05-14T10:41:14.548840,46952,KNN,HT,bandit_selection
2026-05-14T10:41:14.646253,46963,HT,SGD,bandit_selection
2026-05-14T10:41:14.654095,46964,SGD,HT,bandit_selection
2026-05-14T10:41:14.695810,46969,HT,KNN,bandit_selection
2026-05-14T10:41:14.701688,46970,KNN,HT,bandit_selection
2026-05-14T10:41:14.728810,46974,HT,SGD,bandit_selection
2026-05-14T10:41:14.735335,46975,SGD,HT,bandit_selection
2026-05-14T10:41:14.783786,46981,HT,SGD,bandit_selection
2026-05-14T10:41:14.794766,46982,SGD,HT,bandit_selection
2026-05-14T10:41:14.827464,46987,HT,SGD,bandit_selection
2026-05-14T10:41:14.830918,46988,SGD,HT,bandit_selection
2026-05-14T10:41:14.852292,46992,HT,KNN,bandit_selection
2026-05-14T10:41:14.860552,46993,KNN,HT,bandit_selection
2026-05-14T10:41:14.874298,46995,HT,SGD,bandit_selection
2026-05-14T10:41:14.883817,46996,SGD,HT,bandit_selection
2026-05-14T10:41:15.084473,47015,HT,SGD,bandit_selection
2026-05-14T10:41:15.092942,47016,SGD,HT,bandit_selection
2026-05-14T10:41:15.213800,47030,HT,SGD,bandit_selection
2026-05-14T10:41:15.221266,47031,SGD,HT,bandit_selection
2026-05-14T10:41:15.253334,47035,HT,SGD,bandit_selection
2026-05-14T10:41:15.259902,47036,SGD,HT,bandit_selection
2026-05-14T10:41:15.373699,47046,HT,SGD,bandit_selection
2026-05-14T10:41:15.384971,47047,SGD,HT,bandit_selection
2026-05-14T10:41:15.393557,47048,HT,SGD,bandit_selection
2026-05-14T10:41:15.398280,47049,SGD,KNN,bandit_selection
2026-05-14T10:41:15.400782,47050,KNN,HT,bandit_selection
2026-05-14T10:41:15.498452,47061,HT,KNN,bandit_selection
2026-05-14T10:41:15.506263,47062,KNN,HT,bandit_selection
2026-05-14T10:41:15.573892,47070,HT,SGD,bandit_selection
2026-05-14T10:41:15.583939,47071,SGD,KNN,bandit_selection
2026-05-14T10:41:15.595119,47072,KNN,HT,bandit_selection
2026-05-14T10:41:15.735521,47093,HT,KNN,bandit_selection
2026-05-14T10:41:15.743114,47094,KNN,HT,bandit_selection
2026-05-14T10:41:15.849731,47102,HT,SGD,bandit_selection
2026-05-14T10:41:15.855880,47103,SGD,HT,bandit_selection
2026-05-14T10:41:15.943926,47110,HT,KNN,bandit_selection
2026-05-14T10:41:15.968983,47111,KNN,HT,bandit_selection
2026-05-14T10:41:15.997678,47115,HT,KNN,bandit_selection
2026-05-14T10:41:16.002731,47116,KNN,HT,bandit_selection
2026-05-14T10:41:16.143330,47131,HT,SGD,bandit_selection
2026-05-14T10:41:16.160735,47132,SGD,HT,bandit_selection
2026-05-14T10:41:16.226161,47138,HT,KNN,bandit_selection
2026-05-14T10:41:16.234774,47139,KNN,HT,bandit_selection
2026-05-14T10:41:16.379915,47156,HT,SGD,bandit_selection
2026-05-14T10:41:16.386193,47157,SGD,HT,bandit_selection
2026-05-14T10:41:16.394434,47158,HT,KNN,bandit_selection
2026-05-14T10:41:16.400737,47159,KNN,HT,bandit_selection
2026-05-14T10:41:16.460165,47164,HT,SGD,bandit_selection
2026-05-14T10:41:16.480962,47166,SGD,HT,bandit_selection
2026-05-14T10:41:16.493956,47168,HT,KNN,bandit_selection
2026-05-14T10:41:16.502132,47169,KNN,HT,bandit_selection
2026-05-14T10:41:16.521719,47172,HT,KNN,bandit_selection
2026-05-14T10:41:16.526070,47173,KNN,HT,bandit_selection
2026-05-14T10:41:16.533615,47174,HT,KNN,bandit_selection
2026-05-14T10:41:16.540745,47175,KNN,HT,bandit_selection
2026-05-14T10:41:16.859470,47212,HT,KNN,bandit_selection
2026-05-14T10:41:16.866763,47213,KNN,HT,bandit_selection
2026-05-14T10:41:16.952142,47225,HT,KNN,bandit_selection
2026-05-14T10:41:16.957519,47226,KNN,HT,bandit_selection
2026-05-14T10:41:17.084715,47237,HT,KNN,bandit_selection
2026-05-14T10:41:17.091303,47238,KNN,HT,bandit_selection
2026-05-14T10:41:17.212142,47249,HT,SGD,bandit_selection
2026-05-14T10:41:17.221796,47250,SGD,HT,bandit_selection
2026-05-14T10:41:17.336322,47263,HT,SGD,bandit_selection
2026-05-14T10:41:17.346962,47264,SGD,HT,bandit_selection
2026-05-14T10:41:17.400119,47270,HT,SGD,bandit_selection
2026-05-14T10:41:17.406703,47271,SGD,HT,bandit_selection
2026-05-14T10:41:17.802654,47311,HT,SGD,bandit_selection
2026-05-14T10:41:17.816743,47312,SGD,HT,bandit_selection
2026-05-14T10:41:17.863273,47317,HT,SGD,bandit_selection
2026-05-14T10:41:17.881494,47319,SGD,HT,bandit_selection
2026-05-14T10:41:17.933510,47326,HT,KNN,bandit_selection
2026-05-14T10:41:17.940060,47327,KNN,HT,bandit_selection
2026-05-14T10:41:18.106323,47343,HT,KNN,bandit_selection
2026-05-14T10:41:18.112515,47344,KNN,HT,bandit_selection
2026-05-14T10:41:18.190167,47351,HT,KNN,bandit_selection
2026-05-14T10:41:18.198767,47352,KNN,HT,bandit_selection
2026-05-14T10:41:18.359505,47368,HT,KNN,bandit_selection
2026-05-14T10:41:18.368947,47369,KNN,HT,bandit_selection
2026-05-14T10:41:18.612220,47396,HT,SGD,bandit_selection
2026-05-14T10:41:18.616953,47397,SGD,HT,bandit_selection
2026-05-14T10:41:18.672277,47405,HT,SGD,bandit_selection
2026-05-14T10:41:18.682325,47406,SGD,HT,bandit_selection
2026-05-14T10:41:18.899154,47427,HT,KNN,bandit_selection
2026-05-14T10:41:18.908474,47428,KNN,HT,bandit_selection
2026-05-14T10:41:19.423789,47487,HT,SGD,bandit_selection
2026-05-14T10:41:19.429131,47488,SGD,HT,bandit_selection
2026-05-14T10:41:19.576589,47503,HT,KNN,bandit_selection
2026-05-14T10:41:19.589686,47504,KNN,HT,bandit_selection
2026-05-14T10:41:19.690982,47514,HT,KNN,bandit_selection
2026-05-14T10:41:19.707501,47515,KNN,HT,bandit_selection
2026-05-14T10:41:19.789031,47526,HT,KNN,bandit_selection
2026-05-14T10:41:19.793120,47527,KNN,HT,bandit_selection
2026-05-14T10:41:19.893803,47538,HT,SGD,bandit_selection
2026-05-14T10:41:19.899573,47539,SGD,HT,bandit_selection
2026-05-14T10:41:19.978369,47550,HT,SGD,bandit_selection
2026-05-14T10:41:19.982524,47551,SGD,KNN,bandit_selection
2026-05-14T10:41:19.991336,47552,KNN,HT,bandit_selection
2026-05-14T10:41:20.293023,47587,HT,SGD,bandit_selection
2026-05-14T10:41:20.298646,47588,SGD,HT,bandit_selection
2026-05-14T10:41:20.395823,47601,HT,SGD,bandit_selection
2026-05-14T10:41:20.400457,47602,SGD,HT,bandit_selection
2026-05-14T10:41:20.419389,47604,HT,KNN,bandit_selection
2026-05-14T10:41:20.431252,47605,KNN,HT,bandit_selection
2026-05-14T10:41:20.526997,47617,HT,KNN,bandit_selection
2026-05-14T10:41:20.531073,47618,KNN,HT,bandit_selection
2026-05-14T10:41:20.734187,47640,HT,KNN,bandit_selection
2026-05-14T10:41:20.743241,47641,KNN,HT,bandit_selection
2026-05-14T10:41:20.758743,47642,HT,KNN,bandit_selection
2026-05-14T10:41:20.767541,47643,KNN,HT,bandit_selection
2026-05-14T10:41:20.798946,47647,HT,KNN,bandit_selection
2026-05-14T10:41:20.806476,47648,KNN,HT,bandit_selection
2026-05-14T10:41:20.810597,47649,HT,SGD,bandit_selection
2026-05-14T10:41:20.816639,47650,SGD,KNN,bandit_selection
2026-05-14T10:41:20.821454,47651,KNN,HT,bandit_selection
2026-05-14T10:41:20.875219,47657,HT,SGD,bandit_selection
2026-05-14T10:41:20.884280,47658,SGD,HT,bandit_selection
2026-05-14T10:41:20.964783,47667,HT,KNN,bandit_selection
2026-05-14T10:41:20.972851,47668,KNN,HT,bandit_selection
2026-05-14T10:41:21.164511,47688,HT,SGD,bandit_selection
2026-05-14T10:41:21.174558,47689,SGD,HT,bandit_selection
2026-05-14T10:41:21.225839,47695,HT,SGD,bandit_selection
2026-05-14T10:41:21.232060,47696,SGD,HT,bandit_selection
2026-05-14T10:41:21.414493,47715,HT,SGD,bandit_selection
2026-05-14T10:41:21.422489,47716,SGD,HT,bandit_selection
2026-05-14T10:41:21.461396,47720,HT,KNN,bandit_selection
2026-05-14T10:41:21.468504,47721,KNN,HT,bandit_selection
2026-05-14T10:41:21.520407,47727,HT,KNN,bandit_selection
2026-05-14T10:41:21.528888,47728,KNN,HT,bandit_selection
2026-05-14T10:41:21.558526,47730,HT,SGD,bandit_selection
2026-05-14T10:41:21.569033,47731,SGD,HT,bandit_selection
2026-05-14T10:41:21.574359,47732,HT,SGD,bandit_selection
2026-05-14T10:41:21.588166,47733,SGD,HT,bandit_selection
2026-05-14T10:41:21.731215,47749,HT,SGD,bandit_selection
2026-05-14T10:41:21.738011,47750,SGD,HT,bandit_selection
2026-05-14T10:41:21.792914,47757,HT,KNN,bandit_selection
2026-05-14T10:41:21.816152,47758,KNN,HT,bandit_selection
2026-05-14T10:41:21.983234,47777,HT,KNN,bandit_selection
2026-05-14T10:41:21.993883,47778,KNN,HT,bandit_selection
2026-05-14T10:41:22.032769,47783,HT,SGD,bandit_selection
2026-05-14T10:41:22.040230,47784,SGD,HT,bandit_selection
2026-05-14T10:41:22.047016,47785,HT,KNN,bandit_selection
2026-05-14T10:41:22.059538,47786,KNN,HT,bandit_selection
2026-05-14T10:41:22.095201,47789,HT,SGD,bandit_selection
2026-05-14T10:41:22.101302,47790,SGD,HT,bandit_selection
2026-05-14T10:41:22.952005,47881,HT,SGD,bandit_selection
2026-05-14T10:41:22.957454,47882,SGD,HT,bandit_selection
2026-05-14T10:41:23.091187,47900,HT,KNN,bandit_selection
2026-05-14T10:41:23.096224,47901,KNN,HT,bandit_selection
2026-05-14T10:41:23.196174,47915,HT,KNN,bandit_selection
2026-05-14T10:41:23.201685,47916,KNN,HT,bandit_selection
2026-05-14T10:41:23.482711,47948,HT,KNN,bandit_selection
2026-05-14T10:41:23.488606,47949,KNN,HT,bandit_selection
2026-05-14T10:41:23.515832,47952,HT,KNN,bandit_selection
2026-05-14T10:41:23.523235,47953,KNN,HT,bandit_selection
2026-05-14T10:41:23.718905,47975,HT,SGD,bandit_selection
2026-05-14T10:41:23.725529,47976,SGD,HT,bandit_selection
2026-05-14T10:41:23.730145,47977,HT,KNN,bandit_selection
2026-05-14T10:41:23.737333,47978,KNN,SGD,bandit_selection
2026-05-14T10:41:23.742453,47979,SGD,HT,bandit_selection
2026-05-14T10:41:23.861404,47994,HT,SGD,bandit_selection
2026-05-14T10:41:23.866996,47995,SGD,HT,bandit_selection
2026-05-14T10:41:24.113714,48015,HT,SGD,bandit_selection
2026-05-14T10:41:24.135996,48016,SGD,HT,bandit_selection
2026-05-14T10:41:24.155242,48018,HT,KNN,bandit_selection
2026-05-14T10:41:24.168000,48019,KNN,HT,bandit_selection
2026-05-14T10:41:24.184335,48021,HT,SGD,bandit_selection
2026-05-14T10:41:24.203564,48023,SGD,HT,bandit_selection
2026-05-14T10:41:24.226535,48026,HT,KNN,bandit_selection
2026-05-14T10:41:24.234264,48027,KNN,HT,bandit_selection
2026-05-14T10:41:24.266248,48030,HT,SGD,bandit_selection
2026-05-14T10:41:24.273525,48031,SGD,HT,bandit_selection
2026-05-14T10:41:24.502381,48054,HT,KNN,bandit_selection
2026-05-14T10:41:24.511646,48055,KNN,HT,bandit_selection
2026-05-14T10:41:24.760999,48076,HT,SGD,bandit_selection
2026-05-14T10:41:24.770317,48077,SGD,HT,bandit_selection
2026-05-14T10:41:24.982378,48094,HT,KNN,bandit_selection
2026-05-14T10:41:24.988177,48095,KNN,HT,bandit_selection
2026-05-14T10:41:25.116526,48111,HT,SGD,bandit_selection
2026-05-14T10:41:25.122002,48112,SGD,KNN,bandit_selection
2026-05-14T10:41:25.133720,48113,KNN,HT,bandit_selection
2026-05-14T10:41:25.262684,48125,HT,SGD,bandit_selection
2026-05-14T10:41:25.269772,48126,SGD,HT,bandit_selection
2026-05-14T10:41:25.381597,48136,HT,SGD,bandit_selection
2026-05-14T10:41:25.394113,48137,SGD,HT,bandit_selection
2026-05-14T10:41:25.641706,48165,HT,KNN,bandit_selection
2026-05-14T10:41:25.647910,48166,KNN,HT,bandit_selection
2026-05-14T10:41:25.661575,48168,HT,KNN,bandit_selection
2026-05-14T10:41:25.671987,48169,KNN,HT,bandit_selection
2026-05-14T10:41:25.839724,48183,HT,SGD,bandit_selection
2026-05-14T10:41:25.847569,48184,SGD,HT,bandit_selection
2026-05-14T10:41:25.934959,48192,HT,SGD,bandit_selection
2026-05-14T10:41:25.956535,48193,SGD,HT,bandit_selection
2026-05-14T10:41:26.102830,48206,HT,KNN,bandit_selection
2026-05-14T10:41:26.111809,48207,KNN,HT,bandit_selection
2026-05-14T10:41:26.209918,48215,HT,SGD,bandit_selection
2026-05-14T10:41:26.223478,48216,SGD,HT,bandit_selection
2026-05-14T10:41:26.420025,48231,HT,KNN,bandit_selection
2026-05-14T10:41:26.428236,48232,KNN,HT,bandit_selection
2026-05-14T10:41:26.450785,48234,HT,KNN,bandit_selection
2026-05-14T10:41:26.470299,48235,KNN,HT,bandit_selection
2026-05-14T10:41:26.537917,48241,HT,KNN,bandit_selection
2026-05-14T10:41:26.548758,48242,KNN,HT,bandit_selection
2026-05-14T10:41:27.129551,48298,HT,SGD,bandit_selection
2026-05-14T10:41:27.159599,48301,SGD,HT,bandit_selection
2026-05-14T10:41:27.173525,48303,HT,SGD,bandit_selection
2026-05-14T10:41:27.179928,48304,SGD,HT,bandit_selection
2026-05-14T10:41:27.359005,48321,HT,SGD,bandit_selection
2026-05-14T10:41:27.367487,48322,SGD,HT,bandit_selection
2026-05-14T10:41:27.547117,48341,HT,KNN,bandit_selection
2026-05-14T10:41:27.559328,48342,KNN,HT,bandit_selection
2026-05-14T10:41:28.066842,48388,HT,KNN,bandit_selection
2026-05-14T10:41:28.081352,48389,KNN,HT,bandit_selection
2026-05-14T10:41:28.125705,48393,HT,SGD,bandit_selection
2026-05-14T10:41:28.134958,48394,SGD,HT,bandit_selection
2026-05-14T10:41:28.219740,48402,HT,SGD,bandit_selection
2026-05-14T10:41:28.229685,48403,SGD,HT,bandit_selection
2026-05-14T10:41:28.373761,48416,HT,KNN,bandit_selection
2026-05-14T10:41:28.379761,48417,KNN,HT,bandit_selection
2026-05-14T10:41:28.486393,48428,HT,SGD,bandit_selection
2026-05-14T10:41:28.493437,48429,SGD,HT,bandit_selection
2026-05-14T10:41:28.567914,48439,HT,SGD,bandit_selection
2026-05-14T10:41:28.574417,48440,SGD,HT,bandit_selection
2026-05-14T10:41:28.695769,48449,HT,KNN,bandit_selection
2026-05-14T10:41:28.702908,48450,KNN,SGD,bandit_selection
2026-05-14T10:41:28.711093,48451,SGD,HT,bandit_selection
2026-05-14T10:41:28.861474,48466,HT,KNN,bandit_selection
2026-05-14T10:41:28.872906,48467,KNN,HT,bandit_selection
2026-05-14T10:41:28.917913,48472,HT,SGD,bandit_selection
2026-05-14T10:41:28.926803,48473,SGD,HT,bandit_selection
2026-05-14T10:41:29.105136,48493,HT,KNN,bandit_selection
2026-05-14T10:41:29.114513,48494,KNN,HT,bandit_selection
2026-05-14T10:41:29.212649,48503,HT,KNN,bandit_selection
2026-05-14T10:41:29.221419,48504,KNN,HT,bandit_selection
2026-05-14T10:41:29.401647,48521,HT,KNN,bandit_selection
2026-05-14T10:41:29.409098,48522,KNN,HT,bandit_selection
2026-05-14T10:41:29.580085,48541,HT,KNN,bandit_selection
2026-05-14T10:41:29.591960,48542,KNN,HT,bandit_selection
2026-05-14T10:41:29.701094,48553,HT,SGD,bandit_selection
2026-05-14T10:41:29.710065,48554,SGD,HT,bandit_selection
2026-05-14T10:41:30.028876,48581,HT,SGD,bandit_selection
2026-05-14T10:41:30.037613,48582,SGD,HT,bandit_selection
2026-05-14T10:41:30.484506,48621,HT,SGD,bandit_selection
2026-05-14T10:41:30.500398,48622,SGD,HT,bandit_selection
2026-05-14T10:41:30.552434,48626,HT,SGD,bandit_selection
2026-05-14T10:41:30.559222,48627,SGD,HT,bandit_selection
2026-05-14T10:41:30.838197,48657,HT,SGD,bandit_selection
2026-05-14T10:41:30.845246,48658,SGD,HT,bandit_selection
2026-05-14T10:41:31.440296,48696,HT,SGD,bandit_selection
2026-05-14T10:41:31.458202,48697,SGD,HT,bandit_selection
2026-05-14T10:41:31.817454,48720,HT,SGD,bandit_selection
2026-05-14T10:41:31.840228,48721,SGD,HT,bandit_selection
2026-05-14T10:41:32.109903,48748,HT,KNN,bandit_selection
2026-05-14T10:41:32.121190,48749,KNN,HT,bandit_selection
2026-05-14T10:41:32.155254,48753,HT,KNN,bandit_selection
2026-05-14T10:41:32.163074,48754,KNN,SGD,bandit_selection
2026-05-14T10:41:32.169932,48755,SGD,HT,bandit_selection
2026-05-14T10:41:32.262720,48767,HT,SGD,bandit_selection
2026-05-14T10:41:32.266357,48768,SGD,HT,bandit_selection
2026-05-14T10:41:32.291934,48772,HT,KNN,bandit_selection
2026-05-14T10:41:32.298948,48773,KNN,HT,bandit_selection
2026-05-14T10:41:32.467912,48793,HT,KNN,bandit_selection
2026-05-14T10:41:32.489343,48794,KNN,HT,bandit_selection
2026-05-14T10:41:32.557956,48802,HT,KNN,bandit_selection
2026-05-14T10:41:32.566752,48803,KNN,HT,bandit_selection
2026-05-14T10:41:32.725737,48821,HT,SGD,bandit_selection
2026-05-14T10:41:32.730176,48822,SGD,HT,bandit_selection
2026-05-14T10:41:32.786301,48827,HT,KNN,bandit_selection
2026-05-14T10:41:32.793211,48828,KNN,HT,bandit_selection
2026-05-14T10:41:32.797759,48829,HT,SGD,bandit_selection
2026-05-14T10:41:32.807436,48830,SGD,HT,bandit_selection
2026-05-14T10:41:32.839077,48834,HT,SGD,bandit_selection
2026-05-14T10:41:32.853778,48835,SGD,HT,bandit_selection
2026-05-14T10:41:32.934082,48843,HT,KNN,bandit_selection
2026-05-14T10:41:32.948849,48844,KNN,HT,bandit_selection
2026-05-14T10:41:32.966310,48846,HT,KNN,bandit_selection
2026-05-14T10:41:32.982910,48847,KNN,HT,bandit_selection
2026-05-14T10:41:33.416148,48891,HT,KNN,bandit_selection
2026-05-14T10:41:33.428097,48892,KNN,HT,bandit_selection
2026-05-14T10:41:33.463275,48896,HT,SGD,bandit_selection
2026-05-14T10:41:33.483796,48897,SGD,HT,bandit_selection
2026-05-14T10:41:33.551280,48904,HT,SGD,bandit_selection
2026-05-14T10:41:33.572603,48905,SGD,HT,bandit_selection
2026-05-14T10:41:33.639367,48912,HT,SGD,bandit_selection
2026-05-14T10:41:33.647391,48913,SGD,HT,bandit_selection
2026-05-14T10:41:33.959327,48948,HT,SGD,bandit_selection
2026-05-14T10:41:33.975071,48949,SGD,HT,bandit_selection
2026-05-14T10:41:34.310278,48986,HT,KNN,bandit_selection
2026-05-14T10:41:34.319648,48987,KNN,HT,bandit_selection
2026-05-14T10:41:34.403651,48995,HT,SGD,bandit_selection
2026-05-14T10:41:34.413929,48996,SGD,HT,bandit_selection
2026-05-14T10:41:34.448693,48999,HT,KNN,bandit_selection
2026-05-14T10:41:34.453047,49000,KNN,HT,bandit_selection
2026-05-14T10:41:34.612120,49013,HT,SGD,bandit_selection
2026-05-14T10:41:34.620281,49014,SGD,HT,bandit_selection
2026-05-14T10:41:34.631792,49016,HT,KNN,bandit_selection
2026-05-14T10:41:34.652114,49017,KNN,HT,bandit_selection
2026-05-14T10:41:35.144917,49072,HT,KNN,bandit_selection
2026-05-14T10:41:35.154173,49073,KNN,HT,bandit_selection
2026-05-14T10:41:35.326540,49093,HT,SGD,bandit_selection
2026-05-14T10:41:35.332759,49094,SGD,HT,bandit_selection
2026-05-14T10:41:35.376169,49100,HT,KNN,bandit_selection
2026-05-14T10:41:35.381019,49101,KNN,SGD,bandit_selection
2026-05-14T10:41:35.391465,49102,SGD,HT,bandit_selection
2026-05-14T10:41:35.608675,49121,HT,KNN,bandit_selection
2026-05-14T10:41:35.615809,49122,KNN,HT,bandit_selection
2026-05-14T10:41:35.625252,49123,HT,SGD,bandit_selection
2026-05-14T10:41:35.634205,49124,SGD,HT,bandit_selection
2026-05-14T10:41:35.799850,49143,HT,SGD,bandit_selection
2026-05-14T10:41:35.806209,49144,SGD,HT,bandit_selection
2026-05-14T10:41:35.955224,49162,HT,SGD,bandit_selection
2026-05-14T10:41:35.966257,49163,SGD,HT,bandit_selection
2026-05-14T10:41:36.136900,49184,HT,SGD,bandit_selection
2026-05-14T10:41:36.143444,49185,SGD,HT,bandit_selection
2026-05-14T10:41:36.198688,49192,HT,KNN,bandit_selection
2026-05-14T10:41:36.205180,49193,KNN,HT,bandit_selection
2026-05-14T10:41:36.227748,49196,HT,SGD,bandit_selection
2026-05-14T10:41:36.238053,49197,SGD,HT,bandit_selection
2026-05-14T10:41:36.274399,49201,HT,SGD,bandit_selection
2026-05-14T10:41:36.282559,49202,SGD,HT,bandit_selection
2026-05-14T10:41:36.347068,49210,HT,KNN,bandit_selection
2026-05-14T10:41:36.356052,49211,KNN,HT,bandit_selection
2026-05-14T10:41:36.466973,49224,HT,SGD,bandit_selection
2026-05-14T10:41:36.473952,49225,SGD,HT,bandit_selection
2026-05-14T10:41:36.526972,49231,HT,KNN,bandit_selection
2026-05-14T10:41:36.538308,49232,KNN,HT,bandit_selection
2026-05-14T10:41:36.590086,49237,HT,SGD,bandit_selection
2026-05-14T10:41:36.598019,49238,SGD,KNN,bandit_selection
2026-05-14T10:41:36.605582,49239,KNN,HT,bandit_selection
2026-05-14T10:41:36.699546,49251,HT,SGD,bandit_selection
2026-05-14T10:41:36.709010,49252,SGD,HT,bandit_selection
2026-05-14T10:41:36.790173,49260,HT,SGD,bandit_selection
2026-05-14T10:41:36.800414,49261,SGD,HT,bandit_selection
2026-05-14T10:41:36.895178,49273,HT,KNN,bandit_selection
2026-05-14T10:41:36.902594,49274,KNN,HT,bandit_selection
2026-05-14T10:41:36.954881,49282,HT,KNN,bandit_selection
2026-05-14T10:41:36.959690,49283,KNN,HT,bandit_selection
2026-05-14T10:41:37.222265,49316,HT,SGD,bandit_selection
2026-05-14T10:41:37.228616,49317,SGD,HT,bandit_selection
2026-05-14T10:41:37.257770,49321,HT,SGD,bandit_selection
2026-05-14T10:41:37.264526,49322,SGD,HT,bandit_selection
2026-05-14T10:41:37.630080,49362,HT,SGD,bandit_selection
2026-05-14T10:41:37.639084,49363,SGD,HT,bandit_selection
2026-05-14T10:41:37.665329,49367,HT,SGD,bandit_selection
2026-05-14T10:41:37.670887,49368,SGD,HT,bandit_selection
2026-05-14T10:41:37.781195,49383,HT,SGD,bandit_selection
2026-05-14T10:41:37.788489,49384,SGD,HT,bandit_selection
2026-05-14T10:41:37.865481,49393,HT,SGD,bandit_selection
2026-05-14T10:41:37.869936,49394,SGD,HT,bandit_selection
2026-05-14T10:41:38.069850,49417,HT,KNN,bandit_selection
2026-05-14T10:41:38.075599,49418,KNN,HT,bandit_selection
2026-05-14T10:41:38.177789,49432,HT,SGD,bandit_selection
2026-05-14T10:41:38.187581,49433,SGD,HT,bandit_selection
2026-05-14T10:41:38.545082,49466,HT,SGD,bandit_selection
2026-05-14T10:41:38.557823,49467,SGD,HT,bandit_selection
2026-05-14T10:41:38.668497,49478,HT,SGD,bandit_selection
2026-05-14T10:41:38.692490,49479,SGD,HT,bandit_selection
2026-05-14T10:41:39.121819,49525,HT,SGD,bandit_selection
2026-05-14T10:41:39.129910,49526,SGD,HT,bandit_selection
2026-05-14T10:41:39.148201,49528,HT,KNN,bandit_selection
2026-05-14T10:41:39.151574,49529,KNN,HT,bandit_selection
2026-05-14T10:41:39.163296,49531,HT,KNN,bandit_selection
2026-05-14T10:41:39.170476,49532,KNN,HT,bandit_selection
2026-05-14T10:41:39.576342,49566,HT,KNN,bandit_selection
2026-05-14T10:41:39.585388,49567,KNN,HT,bandit_selection
2026-05-14T10:41:39.627955,49571,HT,KNN,bandit_selection
2026-05-14T10:41:39.636946,49572,KNN,HT,bandit_selection
2026-05-14T10:41:39.667166,49575,HT,KNN,bandit_selection
2026-05-14T10:41:39.673305,49576,KNN,HT,bandit_selection
2026-05-14T10:41:39.754509,49588,HT,SGD,bandit_selection
2026-05-14T10:41:39.760132,49589,SGD,HT,bandit_selection
2026-05-14T10:41:39.864844,49603,HT,KNN,bandit_selection
2026-05-14T10:41:39.870386,49604,KNN,HT,bandit_selection
2026-05-14T10:41:39.959959,49613,HT,KNN,bandit_selection
2026-05-14T10:41:39.974840,49614,KNN,HT,bandit_selection
2026-05-14T10:41:40.084447,49628,HT,KNN,bandit_selection
2026-05-14T10:41:40.090560,49629,KNN,HT,bandit_selection
2026-05-14T10:41:40.176454,49638,HT,KNN,bandit_selection
2026-05-14T10:41:40.180723,49639,KNN,HT,bandit_selection
2026-05-14T10:41:40.309290,49657,HT,KNN,bandit_selection
2026-05-14T10:41:40.319517,49658,KNN,HT,bandit_selection
2026-05-14T10:41:40.350922,49663,HT,KNN,bandit_selection
2026-05-14T10:41:40.359092,49664,KNN,HT,bandit_selection
2026-05-14T10:41:40.408935,49672,HT,SGD,bandit_selection
2026-05-14T10:41:40.422359,49674,SGD,HT,bandit_selection
2026-05-14T10:41:40.436416,49677,HT,KNN,bandit_selection
2026-05-14T10:41:40.440409,49678,KNN,HT,bandit_selection
2026-05-14T10:41:40.508013,49689,HT,KNN,bandit_selection
2026-05-14T10:41:40.514463,49690,KNN,HT,bandit_selection
2026-05-14T10:41:40.562530,49697,HT,KNN,bandit_selection
2026-05-14T10:41:40.570514,49698,KNN,HT,bandit_selection
2026-05-14T10:41:40.646483,49707,HT,SGD,bandit_selection
2026-05-14T10:41:40.657176,49708,SGD,HT,bandit_selection
2026-05-14T10:41:40.687428,49712,HT,KNN,bandit_selection
2026-05-14T10:41:40.700850,49713,KNN,HT,bandit_selection
2026-05-14T10:41:41.062185,49749,HT,SGD,bandit_selection
2026-05-14T10:41:41.072780,49750,SGD,HT,bandit_selection
2026-05-14T10:41:41.117274,49755,HT,SGD,bandit_selection
2026-05-14T10:41:41.122067,49756,SGD,HT,bandit_selection
2026-05-14T10:41:41.250426,49770,HT,KNN,bandit_selection
2026-05-14T10:41:41.255643,49771,KNN,HT,bandit_selection
2026-05-14T10:41:41.451318,49797,HT,SGD,bandit_selection
2026-05-14T10:41:41.457017,49798,SGD,HT,bandit_selection
2026-05-14T10:41:41.465248,49799,HT,KNN,bandit_selection
2026-05-14T10:41:41.476903,49800,KNN,HT,bandit_selection
2026-05-14T10:41:41.525278,49804,HT,KNN,bandit_selection
2026-05-14T10:41:41.540063,49805,KNN,HT,bandit_selection
2026-05-14T10:41:41.549492,49806,HT,SGD,bandit_selection
2026-05-14T10:41:41.555618,49807,SGD,HT,bandit_selection
2026-05-14T10:41:41.667525,49821,HT,KNN,bandit_selection
2026-05-14T10:41:41.674795,49822,KNN,SGD,bandit_selection
2026-05-14T10:41:41.688859,49824,SGD,HT,bandit_selection
2026-05-14T10:41:41.752414,49831,HT,KNN,bandit_selection
2026-05-14T10:41:41.759952,49832,KNN,HT,bandit_selection
2026-05-14T10:41:41.816370,49836,HT,SGD,bandit_selection
2026-05-14T10:41:41.824341,49837,SGD,HT,bandit_selection
2026-05-14T10:41:41.912086,49848,HT,KNN,bandit_selection
2026-05-14T10:41:41.919474,49849,KNN,HT,bandit_selection
2026-05-14T10:41:41.954671,49853,HT,SGD,bandit_selection
2026-05-14T10:41:41.975569,49855,SGD,HT,bandit_selection
2026-05-14T10:41:42.043931,49861,HT,SGD,bandit_selection
2026-05-14T10:41:42.052128,49862,SGD,HT,bandit_selection
2026-05-14T10:41:42.389847,49899,HT,KNN,bandit_selection
2026-05-14T10:41:42.404999,49900,KNN,HT,bandit_selection
2026-05-14T10:41:42.496257,49911,HT,SGD,bandit_selection
2026-05-14T10:41:42.511239,49912,SGD,HT,bandit_selection
2026-05-14T10:41:42.607988,49923,HT,KNN,bandit_selection
2026-05-14T10:41:42.618876,49924,KNN,HT,bandit_selection
2026-05-14T10:41:42.845356,49953,HT,KNN,bandit_selection
2026-05-14T10:41:42.854364,49954,KNN,HT,bandit_selection
